entry_date,hold_days,underlying_ret,strike,forced_settlement,opt_ret
2024-01-08,4,0.0177358239785245,21100.0,False,0.0
2024-01-18,8,0.0109587400552131,21050.0,False,-0.2368195578911293
2024-02-12,4,0.019645051808832,21200.0,False,0.2707113491964619
2024-02-29,1,0.0161921687000685,21550.0,False,0.0
2024-03-13,9,0.0057256520612685,21550.0,False,0.049424460431654715
2024-04-15,7,0.0133729760635312,21850.0,False,-0.1275751072961373
2024-05-07,8,0.007335482989575,21850.0,False,0.08801010340200488
2024-06-04,4,0.062816112716763,21450.0,False,1.1131170018281535
2024-07-23,3,0.014534829446799,24000.0,False,0.33220922723685153
2024-08-05,8,0.0201845220711427,23550.0,False,0.2968159082591191
2024-09-06,4,0.0215977286296511,24350.0,False,0.0
2024-10-03,24,-0.0303384477675714,24750.0,True,-1.0
2024-11-13,6,0.0281356670746066,23100.0,False,-0.20480243933426512
2024-12-13,13,-0.0234029130921974,24250.0,False,-0.7954769574649925
2025-05-22,11,0.015983598946236,24100.0,False,0.3802941176470589
2025-06-13,7,0.0131783355508721,24200.0,False,0.043763908021617004
2025-07-11,25,-0.0108509750500962,24650.0,True,-1.0
2025-08-28,9,0.0192727292149099,24000.0,False,-0.18828708133971295
2025-09-24,8,0.0020513467277951,24550.0,False,-0.33132287897064727
2025-10-31,8,0.0061056750278953,25200.0,False,0.005218940936863481
2025-11-26,1,0.0003911422381892,25700.0,False,-0.012716450216450292
2025-12-09,9,0.0128774962110449,25300.0,False,0.25893975233059674
2026-01-08,16,-0.0057695905946336,25350.0,False,-0.5296971204676908
2026-02-13,34,-0.0578596928519554,24950.0,True,-1.0
