date,fwd5,fwd10,fwd20
2025-01-21,-0.0029273143991990214,0.01461044510634446,-0.002829593045700629
2025-01-27,0.02860378020323351,0.032011652454009276,-0.0014564711971783995
2025-02-24,-0.020870479414478615,-0.002458580198080651,0.041390747546074635
2025-02-28,0.01933589139541625,0.017358463383065015,0.04705148710531559
2025-04-04,0.01851612140722514,0.06219315672668002,0.0597853958164174
2025-04-07,0.05755900439765127,0.09408615109592278,0.08331530318975355
2026-03-23,0.007406946632522615,0.0560773252746698,0.061534239820198344
2026-03-30,0.07460119784737662,0.08353034636189216,0.07461020632295279
2026-05-12,0.010199050485659056,0.022846822100978104,-0.007040407407314597
2026-06-08,0.03160923715024011,0.042377736047441994,0.0551701430934568
2026-07-24,0.025924127783090833,0.033794168001897384,0.02038715963123794
2026-08-19,0.005376177493837231,-0.006804947076148871,-0.03354477457578586
