date,touched,touch_time,level,pp,reached_target,extreme_after,pts_captured_extreme
2026-07-06,True,13:30,24348.6,24300.4,False,24382.400390625,-33.85026041666424
2026-07-07,False,,,,,,
2026-07-08,False,,,,,,
2026-07-09,False,,,,,,
2026-07-10,True,13:30,24089.8,24007.7,False,24171.900390625,-82.13346354166424
2026-07-13,True,14:50,24250.1,24185.2,False,24191.900390625,58.21614583333576
2026-07-14,False,,,,,,
2026-07-15,False,,,,,,
2026-07-16,False,,,,,,
2026-07-17,True,13:30,24156.2,24103.1,False,24213.44921875,-57.28255208333576
2026-07-20,False,,,,,,
2026-07-21,False,,,,,,
2026-07-22,False,,,,,,
2026-07-23,False,,,,,,
2026-07-24,False,,,,,,
2026-07-27,True,13:30,23858.6,23732.4,False,23935.400390625,-76.80143229166424
2026-07-28,False,,,,,,
2026-07-29,True,13:30,24032.8,23993.7,False,24231.05078125,-198.25065104166424
2026-07-30,True,15:05,24310.2,24223.5,False,24292.75,17.5
2026-07-31,True,13:30,24377.7,24282.4,False,24355.05078125,22.64908854166424
2026-08-03,True,13:30,24442.1,24370.9,False,24554.19921875,-112.09895833333576
2026-08-04,False,,,,,,
2026-08-05,False,,,,,,
2026-08-06,False,,,,,,
2026-08-07,False,,,,,,
2026-08-10,False,,,,,,
2026-08-11,False,,,,,,
2026-08-12,False,,,,,,
2026-08-13,False,,,,,,
2026-08-14,False,,,,,,
2026-08-17,False,,,,,,
2026-08-18,False,,,,,,
2026-08-19,False,,,,,,
2026-08-20,True,13:30,24158.9,24092.3,False,24205.30078125,-46.41731770833576
2026-08-21,False,,,,,,
2026-08-24,False,,,,,,
2026-08-25,True,15:25,24306.6,24225.5,False,24260.05078125,46.54947916666424
2026-08-26,False,,,,,,
2026-08-27,False,,,,,,
2026-08-28,False,,,,,,
2026-08-31,False,,,,,,
2026-09-01,False,,,,,,
2026-09-02,False,,,,,,
2026-09-03,False,,,,,,
2026-09-04,False,,,,,,
2026-09-07,False,,,,,,
2026-09-08,False,,,,,,
2026-09-09,False,,,,,,
2026-09-10,False,,,,,,
2026-09-11,False,,,,,,
2026-09-15,False,,,,,,
2026-09-16,False,,,,,,
2026-09-17,True,14:35,23296.2,23206.1,False,23270.599609375,25.60026041666424
2026-09-18,True,14:10,23358.2,23275.9,False,23332.400390625,25.81640625
2026-09-21,True,13:30,23394.8,23340.7,False,23423.349609375,-28.515625
2026-09-22,False,,,,,,
2026-09-23,True,14:10,23450.1,23367.9,False,23408.400390625,41.68294270833576
2026-09-24,False,,,,,,
2026-09-25,False,,,,,,
