date,is_expiry,low,low_time,peak,peak_time,delta_pts,delta_pct,minutes_to_peak
2026-07-06,False,24290.05078125,09:15,24458.25,13:35,168.19921875,0.6924613713851785,260.0
2026-07-08,False,23807.25,14:50,23919.55078125,15:20,112.30078125,0.47170832939545726,30.0
2026-07-09,False,23926.599609375,15:05,23983.400390625,15:25,56.80078125,0.23739596172179908,20.0
2026-07-10,False,24125.05078125,09:15,24228.150390625,14:45,103.099609375,0.4273549942333347,330.0
2026-07-13,False,24000.849609375,09:15,24259.650390625,12:50,258.80078125,1.0782984163565172,215.0
2026-07-14,True,24023.900390625,14:55,24075.0,15:05,51.099609375,0.21270321864529929,10.0
2026-07-15,False,24010.94921875,12:55,24127.44921875,12:55,116.5,0.48519531209963945,0.0
2026-07-17,False,24100.900390625,09:15,24367.150390625,14:15,266.25,1.1047305108300787,300.0
2026-07-20,False,24136.25,12:45,24265.55078125,14:05,129.30078125,0.535711973691025,80.0
2026-07-21,True,24135.900390625,13:00,24197.19921875,15:00,61.298828125,0.25397365390524246,120.0
2026-07-22,False,23961.599609375,12:40,24024.80078125,15:15,63.201171875,0.26376023681771427,155.0
2026-07-23,False,23807.349609375,14:50,23889.900390625,15:25,82.55078125,0.3467449447522401,35.0
2026-07-24,False,23606.44921875,10:20,23823.599609375,14:00,217.150390625,0.919877397116221,220.0
2026-07-27,False,23891.69921875,10:35,24011.099609375,14:30,119.400390625,0.4997567964161193,235.0
2026-07-28,True,23954.69921875,15:00,24013.349609375,15:20,58.650390625,0.24483876875019467,20.0
2026-07-29,False,24141.75,09:15,24283.0,14:55,141.25,0.5850860024646101,340.0
2026-07-30,False,24190.0,09:15,24342.94921875,15:25,152.94921875,0.6322828389830508,370.0
2026-07-31,False,24299.69921875,09:35,24429.400390625,13:25,129.701171875,0.5337562852420852,230.0
2026-08-03,False,24515.5,09:20,24774.30078125,15:25,258.80078125,1.0556618516856682,365.0
2026-08-04,True,24428.19921875,13:55,24614.900390625,15:25,186.701171875,0.7642854481541008,90.0
2026-08-05,False,24498.25,14:15,24624.650390625,15:25,126.400390625,0.5159568157929648,70.0
2026-08-06,False,24605.94921875,10:05,24676.80078125,11:30,70.8515625,0.2879448456554984,85.0
2026-08-07,False,24522.900390625,14:10,24570.650390625,15:25,47.75,0.19471595626696186,75.0
2026-08-10,False,24511.30078125,09:35,24618.900390625,12:15,107.599609375,0.43897959694292793,160.0
2026-08-11,True,24429.25,12:05,24476.44921875,15:05,47.19921875,0.19320780928599937,180.0
2026-08-12,False,24265.94921875,12:10,24435.94921875,15:25,170.0,0.700570163019393,195.0
2026-08-13,False,24311.44921875,10:30,24414.900390625,12:00,103.451171875,0.425524496479684,90.0
2026-08-14,False,24298.349609375,10:30,24405.19921875,14:00,106.849609375,0.4397401926169272,210.0
2026-08-17,False,24226.94921875,11:20,24359.900390625,15:10,132.951171875,0.5487738909037085,230.0
2026-08-19,False,24026.099609375,14:20,24087.05078125,14:35,60.951171875,0.2536873352977227,15.0
2026-08-20,False,24185.099609375,09:20,24263.94921875,12:50,78.849609375,0.32602557214374717,210.0
2026-08-21,False,24206.94921875,09:30,24267.650390625,10:55,60.701171875,0.2507592812562379,85.0
2026-08-24,False,24144.44921875,14:15,24219.05078125,15:25,74.6015625,0.3089801793534649,70.0
2026-08-25,True,24115.55078125,10:25,24334.55078125,15:25,219.0,0.9081277138827529,300.0
2026-08-28,False,24077.0,11:55,24175.650390625,15:25,98.650390625,0.40972874787141256,210.0
2026-08-31,False,23993.849609375,11:10,24114.0,14:45,120.150390625,0.5007549542114919,215.0
2026-09-01,True,23952.599609375,14:25,24055.80078125,15:25,103.201171875,0.43085583008955436,60.0
2026-09-02,False,23788.05078125,09:20,23914.44921875,15:25,126.3984375,0.5313526470173362,365.0
2026-09-04,False,23896.0,09:35,24004.849609375,11:35,108.849609375,0.4555139327711751,120.0
2026-09-07,False,23738.05078125,15:05,23779.150390625,15:25,41.099609375,0.17313809694713178,20.0
2026-09-08,True,23623.25,13:50,23659.30078125,15:10,36.05078125,0.1526072037082112,80.0
2026-09-10,False,23380.650390625,15:05,23477.80078125,15:25,97.150390625,0.4155162025088688,20.0
2026-09-11,False,23232.25,09:15,23447.900390625,14:00,215.650390625,0.9282372160466592,285.0
2026-09-16,False,23116.349609375,09:45,23284.75,13:05,168.400390625,0.7284904125031231,200.0
2026-09-17,False,23195.05078125,09:15,23363.25,12:20,168.19921875,0.7251513279115813,185.0
2026-09-18,False,23286.80078125,09:35,23389.150390625,14:55,102.349609375,0.43951769217439934,320.0
2026-09-21,False,23317.150390625,09:15,23466.650390625,13:55,149.5,0.6411589645195609,280.0
2026-09-22,True,23285.94921875,14:00,23403.099609375,14:20,117.150390625,0.5030947612419843,20.0
2026-09-23,False,23349.69921875,09:50,23466.900390625,12:20,117.201171875,0.5019386792823716,150.0
2026-09-24,False,23046.19921875,14:20,23119.099609375,14:55,72.900390625,0.3163228345509114,35.0
2026-09-25,False,23021.099609375,12:55,23162.55078125,14:00,141.451171875,0.6144414223263085,65.0
