CALLS,,PUTS
,OI,CHNG IN OI,VOLUME,IV,LTP,CHNG,BID QTY,BID,ASK,ASK QTY,STRIKE,BID QTY,BID,ASK,ASK QTY,CHNG,LTP,IV,VOLUME,CHNG IN OI,OI,
,4,1,2,-,"2,430.00",68.20,195,"2,428.55","2,484.50",780,"23,100.00","44,460",2.05,2.10,"51,740",-0.25,2.10,34.71,"24,363",180,"92,331",
,1,-,-,-,-,-,780,"2,323.95","2,427.05",780,"23,150.00","29,900",2.15,2.20,"19,305",-0.35,2.15,34.29,"5,700",800,"5,672",
,2,-,-,-,-,-,780,"2,284.70","2,399.95",780,"23,200.00","14,950",2.15,2.20,"30,355",-0.30,2.20,33.54,"12,912","2,166","24,510",
,3,-,-,-,-,-,780,"2,243.90","2,320.30",845,"23,250.00","33,475",2.30,2.35,"22,100",-0.30,2.35,33.18,"6,297",-333,"5,451",
,6,-,-,-,-,-,780,"2,187.25","2,366.55",845,"23,300.00","39,845",2.35,2.45,"30,940",-0.30,2.40,32.58,"8,588",114,"8,281",
,3,-,-,-,-,-,780,"1,993.80","2,258.55",845,"23,350.00","7,020",2.50,2.55,"10,595",-0.30,2.55,32.19,"4,402",464,"3,099",
,9,-,-,-,-,-,780,"2,078.95","2,202.55",845,"23,400.00","27,885",2.55,2.60,"15,080",-0.30,2.60,31.51,"11,437",-581,"8,441",
,3,-,-,-,-,-,780,"2,038.45","2,137.65",845,"23,450.00","40,495",2.65,2.70,"11,050",-0.30,2.70,31.02,"5,158",410,"3,738",
,93,-,-,-,-,-,780,"1,972.55","2,099.65",845,"23,500.00","27,950",2.70,2.75,"24,115",-0.25,2.75,30.27,"21,102","1,938","40,774",
,2,-,-,-,-,-,780,"1,927.50","2,025.65",845,"23,550.00","9,685",2.90,2.95,"14,495",-0.25,2.90,29.90,"7,169",828,"3,309",
,13,-,-,-,-,-,780,"1,873.55","1,969.60",845,"23,600.00","12,545",2.95,3.00,"16,380",-0.25,2.95,29.26,"8,994",713,"11,403",
,3,-,-,-,-,-,780,"1,833.55","1,948.15",845,"23,650.00","7,345",3.15,3.20,"10,400",-0.30,3.15,28.68,"6,082",743,"2,603",
,9,-,-,-,-,-,780,"1,771.40","1,870.00",845,"23,700.00","7,540",3.20,3.25,"8,710",-0.35,3.20,28.20,"9,468","1,212","10,361",
,2,-,-,-,-,-,780,"1,731.50","1,821.80",845,"23,750.00","14,300",3.45,3.50,"3,770",-0.25,3.50,27.66,"5,312",762,"4,389",
,15,-,-,56.90,-,-,780,"1,703.85","1,784.45",845,"23,800.00","9,100",3.55,3.60,"6,760",-0.20,3.60,26.95,"9,335","1,605","18,196",
,2,-,-,-,-,-,780,"1,629.65","1,720.25",845,"23,850.00","17,745",3.75,3.85,"8,645",-0.25,3.85,26.53,"5,305",700,"3,321",
,10,-,-,-,-,-,780,"1,585.90","1,665.45",845,"23,900.00","15,405",3.90,3.95,"8,255",-0.25,3.95,26.00,"14,562","1,269","12,481",
,3,-,-,-,-,-,780,"1,546.20","1,627.20",780,"23,950.00","8,125",4.15,4.20,"5,330",-0.25,4.15,25.45,"3,723",130,"2,582",
,631,-,2,-,"1,533.00",27.35,260,"1,536.00","1,544.95",65,"24,000.00","12,935",4.35,4.40,"14,625",-0.30,4.35,24.97,"68,645","17,958","81,813",
,4,-,-,-,-,-,780,"1,459.25","1,515.30",845,"24,050.00","2,210",4.70,4.75,"5,590",-0.20,4.70,24.32,"7,383","1,088","3,574",
,30,-,-,55.97,-,-,780,"1,411.10","1,464.45",845,"24,100.00","6,955",4.95,5.00,"27,170",-0.15,5.00,23.73,"20,195",-243,"14,662",
,2,-,-,-,-,-,"2,535","1,352.50","1,416.05",845,"24,150.00","2,015",5.30,5.35,"5,590",-0.15,5.35,23.34,"6,701",443,"2,752",
,28,-,-,-,-,-,65,"1,335.05","1,346.80",65,"24,200.00","25,805",5.60,5.70,"30,875",-0.30,5.60,22.78,"36,794","4,835","27,682",
,3,-,-,-,-,-,"2,535","1,252.00","1,319.05",780,"24,250.00","9,620",6.00,6.10,"7,085",-0.35,6.10,22.38,"9,292","1,179","5,645",
,68,-,-,-,-,-,65,"1,233.20","1,250.35",65,"24,300.00","15,145",6.40,6.45,"6,045",-0.50,6.40,21.92,"47,405","8,511","35,987",
,3,-,-,-,-,-,"2,535","1,155.35","1,224.30",780,"24,350.00","6,370",6.75,6.80,"1,430",-0.60,6.75,21.40,"10,790","1,448","7,545",
,33,-,-,-,-,-,65,"1,137.60","1,151.20",130,"24,400.00","5,655",7.25,7.30,"8,255",-0.70,7.30,20.97,"34,023","1,745","29,810",
,12,-,-,18.53,-,-,65,"1,087.50","1,099.20",65,"24,450.00","2,275",7.85,7.90,"10,400",-0.85,7.90,20.50,"21,518",416,"5,329",
,756,4,65,16.91,"1,049.05",30.30,455,"1,045.15","1,049.50",65,"24,500.00",585,8.40,8.45,"13,650",-1.05,8.45,19.93,"61,418","5,150","64,295",
,19,-,-,-,-,-,780,986.15,999.40,585,"24,550.00","2,990",9.05,9.15,"5,005",-1.40,9.10,19.50,"23,113","3,126","9,831",
,76,-,-,20.68,-,-,585,940.70,949.80,325,"24,600.00","15,015",9.80,9.90,"6,500",-1.65,9.75,18.96,"53,181","2,934","24,576",
,189,2,7,14.29,912.45,45.65,325,897.45,900.50,260,"24,650.00",520,10.70,10.75,"1,820",-1.95,10.75,18.54,"19,621","2,641","12,553",
,364,2,30,14.74,838.75,18.30,260,848.90,851.95,260,"24,700.00","8,710",11.40,11.50,"7,800",-2.60,11.50,18.00,"62,280","2,486","37,834",
,253,9,21,15.19,785.75,13.35,65,799.55,803.55,65,"24,750.00","5,005",12.50,12.60,"6,500",-3.20,12.65,17.57,"24,996","1,518","12,465",
,927,-1,32,15.88,750.10,25.60,260,750.00,752.40,260,"24,800.00","8,450",13.60,13.70,"3,185",-3.95,13.60,17.05,"58,875","4,846","43,597",
,281,-,4,14.15,730.30,55.25,390,701.20,703.95,65,"24,850.00","3,770",15.25,15.35,"1,950",-4.40,15.35,16.61,"31,293","1,946","11,554",
,"1,110",-5,50,14.66,653.90,24.85,520,653.75,656.40,65,"24,900.00","2,990",17.05,17.15,"4,485",-5.60,17.10,16.16,"69,855","4,667","40,681",
,284,3,75,14.91,608.15,24.70,325,605.85,607.95,195,"24,950.00",390,19.10,19.15,"1,105",-6.85,19.10,15.73,"39,372","-1,369","12,481",
,"10,359",-10,"3,496",14.42,560.70,21.65,325,560.10,561.50,130,"25,000.00","3,055",21.65,21.75,"4,485",-8.00,21.70,15.36,"1,17,859","4,828","92,690",
,415,-22,112,13.91,510.95,18.45,65,513.15,515.15,260,"25,050.00",455,24.65,24.70,975,-9.55,24.70,14.91,"42,753",757,"12,654",
,"2,526",454,"1,796",13.82,465.50,16.30,195,468.15,469.25,65,"25,100.00","1,755",28.40,28.50,"3,445",-10.95,28.50,14.52,"74,450","4,905","39,289",
,909,47,567,13.55,421.20,17.25,65,422.45,423.50,195,"25,150.00",65,33.25,33.35,"2,470",-12.70,33.35,14.13,"48,484","1,940","18,516",
,"4,482",477,"4,343",13.20,378.00,14.70,260,377.90,378.65,260,"25,200.00","2,665",39.55,39.65,520,-14.10,39.65,13.80,"1,25,389","6,888","57,623",
,"1,594",331,"2,560",13.01,334.25,12.00,65,334.80,335.50,130,"25,250.00","2,730",46.85,47.00,"1,300",-16.50,46.85,13.48,"79,053","1,294","26,925",
,"12,348","2,320","13,484",12.46,295.45,11.65,650,295.20,295.80,585,"25,300.00","1,300",55.25,55.45,"4,160",-18.95,55.40,13.22,"1,25,710","9,934","66,007",
,"5,057",687,"10,212",12.23,256.25,9.25,130,256.15,256.30,130,"25,350.00","1,560",65.95,66.05,65,-21.80,66.05,12.94,"87,090","9,269","35,165",
,"36,496","5,959","53,759",12.04,220.00,7.30,390,219.65,220.00,"10,075","25,400.00",65,79.10,79.20,780,-24.30,79.10,12.72,"1,88,519","19,842","95,006",
,"33,580","4,333","57,289",11.83,185.85,4.95,910,185.30,185.70,390,"25,450.00",520,95.30,95.50,975,-26.25,95.55,12.56,"1,66,881","20,277","61,115",
,"1,47,116","34,129","2,74,346",11.76,154.85,2.80,130,154.65,154.85,780,"25,500.00",455,113.80,114.05,"1,105",-28.50,114.00,12.39,"3,90,940","47,024","1,39,863",
,"96,341","48,238","2,38,587",11.69,126.25,0.05,"3,185",126.15,126.35,130,"25,550.00",910,137.90,138.20,195,-28.75,137.90,12.35,"2,34,733","34,713","52,244",
,"1,76,018","46,616","2,94,860",11.62,102.45,-1.25,390,102.30,102.45,325,"25,600.00",195,162.65,162.80,130,-31.30,162.75,12.24,"2,02,227","19,036","62,272",
,"91,520","19,151","1,37,350",11.62,82.30,-2.00,"2,015",82.15,82.35,"1,755","25,650.00",195,191.60,191.95,130,-32.85,191.65,12.27,"49,967","6,527","18,611",
,"1,49,736","22,525","1,76,885",11.61,65.05,-2.55,780,65.05,65.20,"2,210","25,700.00",390,224.10,224.70,"1,170",-34.10,224.00,12.29,"57,640","4,940","28,866",
,"63,972","10,130","90,321",11.70,51.10,-2.95,"2,275",51.05,51.20,"2,405","25,750.00",65,260.05,260.60,260,-33.90,261.00,12.36,"11,213","1,364","7,193",
,"1,15,007","19,156","1,26,038",11.77,39.85,-3.10,"2,730",39.80,39.90,130,"25,800.00",260,299.10,299.85,585,-33.50,300.00,12.60,"14,333",716,"13,868",
,"49,976","8,899","70,955",11.90,31.10,-3.15,130,31.00,31.05,"3,835","25,850.00",65,340.05,340.90,65,-35.15,340.00,12.66,"2,280",264,"3,063",
,"77,768","7,635","90,759",12.03,24.40,-2.95,"8,385",24.30,24.40,"7,865","25,900.00",65,384.75,385.65,195,-30.45,386.20,12.66,"3,036",155,"6,051",
,"30,918",124,"53,672",12.25,19.25,-2.75,"1,755",19.25,19.30,"3,575","25,950.00",455,429.75,431.00,195,-33.85,432.30,13.24,632,59,"1,360",
,"1,30,182","6,772","1,12,383",12.52,15.40,-2.50,780,15.40,15.45,"7,020","26,000.00",65,473.95,475.15,65,-29.60,477.00,13.71,"2,689",135,"14,039",
,"29,287","2,253","44,096",12.77,12.45,-2.20,"3,965",12.40,12.45,"3,055","26,050.00",195,521.10,522.80,195,-21.70,533.95,13.98,215,38,937,
,"71,915","1,476","74,110",13.03,10.20,-1.80,"4,420",10.15,10.20,"7,670","26,100.00",195,567.90,570.40,455,-31.80,570.00,14.88,218,2,"4,794",
,"31,116","-2,523","40,747",13.36,8.65,-1.55,"5,265",8.60,8.65,"4,290","26,150.00",325,618.30,621.50,260,-34.75,617.85,15.11,60,-15,645,
,"66,453","-3,774","85,399",13.64,7.35,-1.05,520,7.35,7.40,"24,440","26,200.00",585,667.20,669.40,65,-34.15,664.30,15.54,119,24,"1,844",
,"28,254","2,880","40,557",14.09,6.30,-0.95,"7,735",6.25,6.30,"4,875","26,250.00",65,716.15,719.15,130,-11.05,742.20,16.96,8,3,304,
,"73,448","11,827","89,662",14.44,5.60,-0.75,"41,015",5.50,5.60,"43,940","26,300.00",65,764.55,767.40,520,-28.40,770.00,15.78,32,2,"1,405",
,"19,836",-568,"30,670",14.78,4.90,-0.55,"11,245",4.85,4.90,"5,785","26,350.00",65,812.45,818.05,325,-54.90,795.75,18.68,5,3,101,
,"62,963","4,133","57,060",15.17,4.35,-0.40,"34,515",4.30,4.35,"8,905","26,400.00",65,863.25,866.30,260,-28.00,867.30,17.26,4,1,760,
,"15,286",642,"25,099",15.60,3.85,-0.40,"4,095",3.85,3.90,"12,740","26,450.00",65,910.80,916.60,130,-16.70,934.00,20.72,6,1,32,
,"1,11,160","9,531","90,123",15.91,3.55,-0.30,"43,290",3.50,3.55,"47,710","26,500.00",65,959.65,963.85,260,-25.65,968.00,19.49,128,-,"3,879",
,"21,981","1,989","23,138",16.41,3.25,-0.20,"13,910",3.15,3.25,"12,675","26,550.00",260,"1,009.40","1,021.25",585,-,-,26.91,-,-,13,
,"58,179","1,083","48,942",16.61,2.80,-0.25,"2,34,585",2.80,2.85,"1,16,415","26,600.00",65,"1,058.05","1,069.30",260,-,-,22.55,-,-,598,
,"13,389","2,193","23,457",17.08,2.50,-0.25,"16,900",2.50,2.55,"28,275","26,650.00","2,535","1,070.30","1,143.45",845,-,-,30.25,-,-,3,
,"55,809","2,189","39,351",17.38,2.25,-0.15,"2,36,535",2.25,2.30,"1,44,105","26,700.00",65,"1,154.05","1,168.75",130,-,-,22.57,-,-,340,
,"13,443",226,"12,417",17.84,2.15,-0.10,"31,980",2.10,2.15,"30,095","26,750.00",780,"1,180.45","1,242.90",845,-,-,-,-,-,5,
,"55,014","2,711","39,608",18.11,1.90,-0.10,"80,925",1.90,1.95,"2,70,660","26,800.00",65,"1,256.85","1,266.15",65,-12.25,"1,277.75",22.86,3,-1,87,
,"14,207",-458,"10,520",18.65,1.85,-0.05,"6,370",1.85,1.90,"39,780","26,850.00",780,"1,279.15","1,352.50","2,600",-,-,-,-,-,2,
,"33,625",495,"28,883",19.04,1.75,-,"1,89,150",1.70,1.75,"61,750","26,900.00",780,"1,330.80","1,400.75","2,600",-,-,27.69,-,-,165,
,"11,363",64,"9,686",19.49,1.70,-,"31,395",1.65,1.70,"34,645","26,950.00",780,"1,378.50","1,442.45","2,600",-,-,-,-,-,5,
,"1,09,779","-7,452","80,671",20.21,1.65,-0.05,"4,58,835",1.60,1.65,"1,57,105","27,000.00",260,"1,458.00","1,464.30",260,-24.70,"1,465.00",25.99,7,1,"1,737",
,"5,465",729,"8,210",20.49,1.60,0.05,"41,990",1.55,1.60,"24,245","27,050.00",780,"1,478.35","1,561.60",780,-,-,-,-,-,2,
,"17,707",-541,"20,096",20.97,1.45,-0.05,"47,125",1.45,1.50,"1,21,615","27,100.00",780,"1,524.65","1,603.95",845,-,-,22.56,-,-,6,
,"3,305",430,"6,499",21.27,1.50,0.05,"32,175",1.45,1.50,"33,930","27,150.00",780,"1,584.25","1,660.55",780,-,-,-,-,-,2,
,"27,438",-102,"9,102",21.83,1.35,-,"1,14,660",1.35,1.40,"50,050","27,200.00",780,"1,597.90","1,714.45",780,-,-,-,-,-,3,
,"3,994",630,"3,501",22.38,1.40,-,"36,335",1.35,1.40,"20,865","27,250.00",780,"1,679.60","1,768.45",780,-,-,-,-,-,1,
,"31,938",-50,"15,235",22.74,1.25,-0.05,"2,65,135",1.25,1.30,"2,59,220","27,300.00",780,"1,723.35","1,817.35",780,-,-,31.83,-,-,2,
,"1,977",369,"3,458",23.48,1.30,-0.10,"26,585",1.30,1.35,"15,600","27,350.00",780,"1,780.85","1,853.00",845,-,-,-,-,-,117,
,"11,415",141,"4,988",24.03,1.35,-,"60,255",1.30,1.35,"34,710","27,400.00",780,"1,788.80","1,927.90",780,-,-,-,-,-,1,
,"1,395",257,"1,771",24.36,1.30,-0.05,"25,025",1.25,1.30,"13,585","27,450.00",780,"1,840.25","1,963.30",845,-,-,-,-,-,2,
,"40,238",-661,"25,651",24.79,1.20,-,"3,88,635",1.15,1.20,"2,82,230","27,500.00",130,"1,956.80","1,983.15",845,15.00,"1,935.00",-,4,3,397,
,"1,668",215,"3,151",25.32,1.25,-0.05,"18,070",1.20,1.25,"23,075","27,550.00",780,"1,969.80","2,070.10",845,-,-,-,-,-,3,
,"11,848",614,"4,036",25.73,1.20,-0.05,"29,965",1.15,1.20,"46,605","27,600.00",780,"1,996.75","2,084.05",845,-,-,-,-,-,3,
,"2,734",72,"2,279",26.26,1.20,-0.05,"25,025",1.15,1.20,"14,820","27,650.00",780,"2,033.20","2,174.70",845,-,-,-,-,-,4,
,"24,581","1,119","12,192",26.78,1.15,-,"2,30,360",1.10,1.15,"2,24,185","27,700.00",780,"2,093.90","2,215.25",845,-,-,-,-,-,4,
