entry_i,entry_price,initial_risk_pct,max_r,exit_r,exit_reason
265,1171.3274999999999,2.964800571493658,1.4591451839705898,1.1135979501130298,max_bars
325,37054.35,3.223238297257943,-0.47251643153179523,-1.0,stop
311,519.4342254638672,4.309349783585942,1.4436843912779873,0.19057100830867266,max_bars
463,1103.3895245361327,5.400583781422004,0.2032317841360022,-1.0,stop
273,1411.0199999999998,2.1913243195746523,0.09314431242017528,-1.0,stop
264,1111.4295245361327,5.257150655640438,1.4473928400969462,1.188962265728681,max_bars
351,400.3417561340332,8.17844991906258,0.9088778071344914,0.3743920211368347,max_bars
504,1507.4999999999998,5.936981757877266,-0.6715081071054468,-1.0,stop
287,1708.4999999999998,2.4875621890547133,0.2729406020220701,-1.0,stop
352,1728.700475463867,3.031203344910355,0.3721243692070918,-1.0,stop
284,592.19625,6.585019373724288,0.3809018160117755,-1.0,stop
315,3612.2715490722653,3.5177753436899266,1.4458655904504887,-1.0,stop
271,446.9235122680664,2.3210961585918186,0.3013899019959531,-1.0,stop
308,2186.8799999999997,3.0536610304977714,0.795448902074838,0.37915525904097624,max_bars
434,2251.2,2.1366338994203016,-0.1912685795960943,-1.0,stop
490,2266.2749999999996,3.003830021869572,-0.17444126534865512,-1.0,stop
350,644.7075,3.6462252716105725,0.13155330846938595,-1.0,stop
266,836.8635122680663,3.9150394540841087,2.049122119607863,1.6065569551483954,max_bars
381,914.3489877319334,4.3636484602966155,1.5815199173651588,0.09526652331603576,max_bars
308,17221.679999999997,4.614416247427642,1.5419036593345836,-1.0,stop
261,1911.610475463867,5.5769978681455585,2.446189511351264,2.0709918600326875,max_bars
367,2183.2619018554683,2.856368237760174,1.525576492626804,-1.0,stop
266,944.0970245361326,3.3997591033509487,0.4019991151934358,-1.0,stop
303,967.2622622680663,7.641390506522703,0.673605536506025,-0.8227623956835155,max_bars
323,944.5492254638672,6.098063679904984,0.4566164819785823,0.2934204442655011,max_bars
449,975.7042254638671,2.6139287492283576,0.7546120536772742,-1.0,stop
261,173.2218006134033,8.065844232034967,0.675518017316384,-0.05738719486798408,max_bars
276,847.5667254638671,3.8246783499037407,0.8061673735095176,-1.0,stop
280,860.2799999999999,3.984749151439051,0.8961493582263813,-1.0,stop
289,1515.2384509277342,4.5694755756324446,0.9006776411461243,-1.0,stop
374,1586.7945245361327,7.202855994826702,1.3518191262359835,-0.2528073872247098,max_bars
273,6932.992499999999,2.4158759727491326,0.4418556054748743,-1.0,stop
281,1097.8620245361326,5.042712408193925,0.8297750069094819,-0.5628781393989541,max_bars
286,1647.4965490722655,3.7630761112778544,0.8872018160820612,0.5242783899124317,max_bars
287,200.29650306701657,3.9124479125466296,0.0463856012574646,-1.0,stop
373,202.58790184020995,7.3883517164950465,0.14778961764542267,-1.0,stop
265,11647.949999999999,1.6135886572315208,1.4687416866188001,0.5908486299547865,max_bars
379,12033.869999999999,2.18441781405316,1.6553049035645133,-1.0,stop
271,2115.5249999999996,2.246487278571496,-0.2046281151367617,-1.0,stop
261,11587.65,5.459691999672062,0.057456729629338794,-0.6411918122184468,max_bars
265,646.1647622680663,9.906875396502478,2.105534669943741,1.2994697175451833,max_bars
294,253.25999999999996,3.656321566769314,1.5917926565874836,-1.0,stop
295,1899.4499999999998,10.947905972781587,0.3868719615968397,0.1324837701370524,max_bars
416,2016.0299999999997,4.267297609658574,2.184935487620605,-1.0,stop
312,562.4985122680663,5.066415580933118,0.05093248115240683,-1.0,stop
284,2247.0794018554684,3.1142337089394694,0.6361980346937894,-1.0,stop
271,1997.3370245361325,2.4401014126053084,-0.3988136446655391,-1.0,stop
323,274.15395858764646,4.013790188495176,0.7284696984284309,-1.0,stop
272,43179.825,5.036669324157746,2.7589231317462395,2.5520099318336023,max_bars
295,597.9247622680664,4.946238816058547,2.4708627155066063,1.576519419261831,max_bars
424,674.3549999999999,7.667322936129696,1.1516304521814247,-1.0,stop
283,5607.9,4.331389646748331,0.32976533552902715,-1.0,stop
408,2710.786549072265,7.8385552088880335,0.7695241795031119,-1.0,stop
360,1200.975,9.956491649363011,0.05038679682330322,-1.0,stop
359,3094.595950927734,9.923620265697991,0.5187432492507962,-0.18559623824182697,max_bars
273,189.83444938659665,1.9672105327289038,1.3296636978415723,-0.8634349304094401,max_bars
368,878.9729754638671,3.745620012210688,1.847554448494615,-0.3150686074307479,max_bars
303,1366.2975,9.602412682015624,0.9352501165551595,-0.10211683220221955,max_bars
448,1496.445,5.422514771466705,2.1844236592912276,-1.0,stop
294,849.6270245361327,2.1217603053572063,0.09280294636454658,-1.0,stop
279,1929.4995245361326,3.1458663210917495,0.37727673280230256,-1.0,stop
320,837.165,4.319936929995874,0.7143647172680793,0.7088341709655409,max_bars
419,867.3149999999999,5.737824459052501,0.15040663030142332,-1.0,stop
367,1562.7749999999999,3.17864212148661,0.12732707553832728,-1.0,stop
272,1780.457975463867,2.5812446065677763,3.406199314832951,2.516255317055703,max_bars
373,1946.6849999999997,3.353648668682259,1.1337210515526124,-1.0,stop
352,476.97300613403314,6.724282469883841,0.2159755906662735,-1.0,stop
311,533.8560122680664,4.3749647341872695,0.4193358024300679,-1.0,stop
302,1467.3,6.14053355333776,1.6270804102860914,-0.009988624841416549,max_bars
301,3884.1240490722653,4.065887080463121,1.273243949295424,-1.0,stop
315,3984.6240490722653,5.383794023578274,-1.244262452460415,-1.0,stop
281,10500.742499999998,2.287862024994885,1.0791491930029184,-1.0,stop
337,10813.8,4.982522332575036,1.345953971789164,0.6425389755011169,max_bars
451,11597.699999999999,2.4461746725643785,1.4145223827987399,-1.0,stop
284,4562.7,5.207440821087292,0.3884681731327662,-0.18350134791163067,max_bars
389,4684.7069018554685,4.965237080404967,0.805191829144098,-0.6599407402179686,max_bars
436,246.00389877319333,4.859230191492442,0.21550322320797197,-1.0,stop
350,909.3239877319335,5.14931843475541,6.31035662292983,3.352471002574081,max_bars
345,1896.3345245361327,3.703700377831566,0.4067157873852976,-1.0,stop
350,4851.73809814453,3.257346122876447,-0.11856711465252752,-1.0,stop
358,4953.6449999999995,5.9863979421971,-0.1694350408964578,-1.0,stop
273,1772.3174999999999,3.4823063257041915,1.0156353579489643,-1.0,stop
277,125.02200153350829,6.928381258426057,2.8259057790045934,2.768182395639058,max_bars
376,150.24749999999997,3.292898017099893,1.1526024185357593,-1.0,stop
261,8492.25,6.603079278165386,0.32322781988408456,0.21444493981274942,max_bars
361,8729.429999999998,2.6511467529953103,3.802748131184406,2.6684958734822852,max_bars
337,14746.364999999998,4.824002389741459,0.3424894393173744,-1.0,stop
401,2057.2349999999997,6.102124882579029,0.02919425593061265,-1.0,stop
295,8107.837499999999,2.033063686833866,0.3467809206036389,-1.0,stop
266,791.9902377319335,3.7046180520979863,1.1813065674276448,-1.0,stop
365,830.7832745361327,5.2641029355799684,0.7915423800919977,-1.0,stop
348,636.165,3.7985428308693447,0.23111938754396963,-1.0,stop
432,644.9587499999999,4.365978786555132,0.29267132363415893,-1.0,stop
294,2019.0449999999998,3.0185074831943988,0.05669043590050207,-1.0,stop
459,343.71,4.541617612663104,0.3388854624210606,-1.0,stop
270,2869.2749999999996,4.644901586637727,1.5211029825548732,1.0063770575408035,max_bars
369,254.6368450927734,7.157974889306909,1.9127370499078538,0.8127116906463474,max_bars
266,3165.7499999999995,3.8237399929913782,-0.08797933125058957,-1.0,stop
277,317.6805061340332,2.4491626295338733,0.25955952658899323,-1.0,stop
313,321.29851226806636,2.44274397837452,1.48455116880361,0.19768029857728578,max_bars
273,463.30499999999995,4.630857404190398,1.5192264352881293,-0.6387787366711893,max_bars
373,902.4899999999999,13.456106129378847,0.14089240667045191,-1.0,stop
308,1229.5170245361328,14.295615353715451,0.6220333497613998,0.005592490778411708,max_bars
315,4718.474999999999,6.537599542224967,0.581975848934277,-0.08031381696247449,max_bars
261,318.3839877319336,10.15251753192919,0.7058542077492591,-1.0,stop
264,1526.5949999999998,8.338488673936101,0.5727249928519411,-0.809890722694885,max_bars
267,2609.8844018554687,4.306106499413163,3.8182843086747282,2.370574942555449,max_bars
338,2725.258450927734,2.3762315425786085,6.084790359487054,3.593995003555434,max_bars
350,2360.2425,2.3786709350310336,3.1555009217284122,0.9967056776312807,max_bars
466,909.4245245361326,3.2739935331364727,0.3215998732005444,-1.0,stop
271,690.8872622680664,5.288458577479503,1.5617675837673892,0.7899529590972885,max_bars
286,3262.2299999999996,2.410311423282527,1.893301316914129,1.3833159746846209,max_bars
418,4777.36809814453,9.393624089016216,0.10613925637220904,-1.0,stop
277,4739.68059814453,2.877425822964109,3.0071624907519383,0.8162395820826678,max_bars
263,1279.1640490722655,1.7092413017702999,1.0215857426968593,-1.0,stop
448,748.5742254638672,6.742718111440772,0.47401941770301903,-1.0,stop
273,687.3195245361327,3.5383142291128387,2.536253345423166,1.0477369004060304,max_bars
406,752.7449999999999,4.2039501310619665,-0.1420444472149747,-1.0,stop
265,5487.299999999999,1.6729539117598689,4.898692810457566,2.110021786492405,max_bars
343,232.0544938659668,6.013452930806516,1.7661356518854607,-1.0,stop
288,1048.3657745361327,3.068181269398433,1.2244144895715783,-1.0,stop
280,542.0467254638671,8.393508443753387,0.9671740125061297,0.16381997738049447,max_bars
274,582.1462499999999,5.8827529312329,1.4411442182482819,0.9009387011884225,max_bars
322,492.65101226806644,4.851509825998524,0.7154085165999073,-1.0,stop
307,2261.1494018554686,3.0139274211401554,-0.07702928226504112,-1.0,stop
368,90.34950153350829,10.016102278543563,0.6498152174160958,-1.0,stop
357,14.924250383377075,6.326956576609516,0.47206683093180846,-1.0,stop
409,15.446849884986875,6.000248815287757,0.370232819687028,-1.0,stop
336,80.95275306701659,6.414545193401032,5.112366698659373,4.83313186387351,max_bars
431,159.38294631958007,7.0038516394934955,-0.014596963205823956,-1.0,stop
323,641.0895245361328,2.9932637155403614,-0.04114420584911111,-1.0,stop
350,644.7577377319335,4.212087821005291,2.218233665359215,-1.0,stop
266,556.4685122680663,7.892364708309102,0.6041069924144982,0.29785781014386736,max_bars
400,591.9449999999999,4.154950952210499,0.9556815968677038,-1.0,stop
283,889.1235122680663,4.428351261078268,0.36767010317269416,-0.45648678054513125,max_bars
271,5492.325,3.4561865876473044,-0.2914526537600409,-1.0,stop
373,1954.5240490722654,2.835681326747321,0.7645770632909266,0.10240860591038785,max_bars
294,279.39,5.508429077633411,0.10461338531514196,-1.0,stop
358,282.405,4.729028242074759,2.7738658439808552,2.0812419918566283,max_bars
338,1132.9365490722655,3.330865963437414,1.6711482867161687,-0.4170115690325032,max_bars
262,264.5160122680664,6.61813158724376,0.20758471046830376,-1.0,stop
425,134.1675,6.236604951454109,0.2297576383693226,-1.0,stop
261,19.155299463272094,10.155416168404516,0.05896312761855587,-1.0,stop
452,761.6895245361327,4.554286677010366,0.9314188042621513,-1.0,stop
276,1326.4995245361326,3.7315900699958613,0.13132399805420747,-1.0,stop
366,1339.665,2.206896829734483,0.3360381323146102,-1.0,stop
264,469.8375,7.840476760582112,1.5300308709068566,1.1214793049605531,max_bars
469,1038.6172009277343,3.111561517169033,-0.3703034808034842,-1.0,stop
261,843.1949999999999,4.351899619898118,0.8599264204932605,-1.0,stop
336,879.1237499999999,5.604873536184453,3.424260219403537,2.777872237872177,max_bars
443,1053.089225463867,5.22645530312538,0.03471658796508643,-1.0,stop
261,351.59925613403317,3.0288016089949634,-0.1689573788898044,-1.0,stop
381,353.55898773193354,4.542095743330212,0.3170191203538472,-1.0,stop
271,3899.3999999999996,2.608094805050127,0.626352675247035,-1.0,stop
355,3982.915598144531,3.3371432276006723,0.9907377414690397,-1.0,stop
307,5751.011901855468,2.7092920202912083,0.8150099948331695,-1.0,stop
343,987.0607745361326,4.955191350305228,0.10916311576911433,-1.0,stop
361,407.87925613403314,2.3730659947612387,2.192397477481037,0.8958067101446979,max_bars
402,1178.8649999999998,6.452388625658985,0.23841466694723523,-1.0,stop
266,1941.6599999999999,3.139584109891786,0.008857459635532389,-1.0,stop
294,1960.7549999999999,2.512042555036192,0.5287797955156883,-1.0,stop
271,1849.1999999999998,2.0170871504400454,0.560321428033779,-1.0,stop
361,1879.450475463867,4.3709811835008,1.2483139617867294,0.9926853441398025,max_bars
294,578.3272622680663,2.24393479761526,7.272148042234969,4.856385996670679,max_bars
413,676.0635122680663,3.7368566734718764,1.937041198672446,0.3695649098841787,max_bars
322,1632.8234509277343,4.18437467252901,1.7852815723463027,0.3582459253453045,max_bars
404,566.7195245361328,5.288246343844113,0.4231131482463596,-1.0,stop
294,2120.4494018554688,3.0582811427838505,-0.515802016205314,-1.0,stop
266,418.9844938659667,2.347222895706592,4.170573619534233,4.084142575134073,max_bars
364,439.18499999999995,2.9338461484411478,3.974772633008198,-0.20450211180966985,max_bars
261,4541.293696289062,5.654637498977479,1.202156860437264,-0.0907097667336852,max_bars
301,3696.3899999999994,3.384111286197464,-0.13102571266879234,-1.0,stop
271,3477.2999999999997,2.660108451151029,0.6162170693713436,-1.0,stop
264,405.01499999999993,5.040552546568475,0.4891012973420279,-1.0,stop
319,2616.3165490722654,2.3436211911745914,0.029087556474884205,-1.0,stop
363,2633.703098144531,4.3172329570723385,0.19609757534598726,-1.0,stop
339,3092.7869018554684,4.261105146830676,2.3114057330397904,1.545016975295353,max_bars
261,1445.1899999999998,7.278627723690299,0.4259910637893372,-0.341191664339528,max_bars
388,1498.455,5.856368648249359,0.39593107901889374,-1.0,stop
316,196.3769938659668,2.9265082788041803,-0.21524218681195575,-1.0,stop
347,198.58800613403315,3.9720471237659254,2.292339119924468,1.59127518236487,max_bars
460,218.88900306701657,3.80969345120807,0.49298440166220275,-1.0,stop
261,730.9364877319335,4.540269679915675,1.1469581407808946,0.062179290702125675,max_bars
279,157.66440490722655,4.125472232584471,2.3930858865752653,1.1585373898439246,max_bars
343,994.4474999999999,4.781295702984571,1.355540407136249,-0.0009984880448941943,max_bars
272,2469.888098144531,3.8134580689470674,0.9238084302102255,-0.7547451733713779,max_bars
337,187.5028573608398,9.041384514187474,0.08536259210504152,-1.0,stop
455,189.89474693298337,7.949005501743926,-0.23218330638216605,-1.0,stop
352,3198.9149999999995,6.374505105637366,0.23335703601991212,-1.0,stop
337,1239.6674999999998,5.184251066188095,0.4641928086954144,-1.0,stop
289,385.81949386596676,2.2470352346929787,4.179075385493661,-1.0,stop
265,1275.2445245361328,3.108780174109422,0.003922352052112398,-1.0,stop
293,1293.6359509277343,5.382963489673788,1.398186536912618,0.46045181859318174,max_bars
283,8492.25,11.083635079042658,0.27596281540504736,-0.03957503320053108,max_bars
448,8797.2675,3.2597337752887463,0.515164724036022,-1.0,stop
364,153.40319938659667,8.730720697687703,-0.01965175619361849,-1.0,stop
283,1543.5795245361326,1.6247640071326626,0.36765147914619856,-1.0,stop
322,5225.999999999999,6.724070079291028,1.6559478203113465,0.22481508808935496,max_bars
280,20198.489999999998,3.7997394854763797,4.7512149995439845,3.998110724569712,max_bars
446,24019.499999999996,6.4926413955327815,0.13177300416800466,-1.0,stop
399,192.86955368041987,3.810632247398118,0.9620247947894235,-1.0,stop
417,200.93970245361325,8.181410767943353,2.5280443891034228,-1.0,stop
366,88.0882515335083,3.165289846501098,0.32699684854461264,-1.0,stop
392,46.35059892654419,11.112258056831873,0.5862231743637722,-1.0,stop
271,344.36324386596675,2.8351567527489023,-1.3277613722917128,-1.0,stop
361,12026.835,5.586133010056255,0.48548378694173516,-0.6517001942441213,max_bars
295,467.32499999999993,3.9747499063820544,1.6514131897712079,1.0511443393548168,max_bars
421,503.50499999999994,4.062524147134834,0.5301867080875976,-1.0,stop
378,161.39294631958006,6.1111391576885925,0.6698863248977821,-1.0,stop
261,1418.0549999999998,6.555107130122763,3.068635080525816,3.0331335156676817,max_bars
359,1692.6209509277342,4.857610114574438,0.47894192807129193,-1.0,stop
373,5753.624999999999,2.4788720154684936,1.09640666082385,-1.0,stop
341,293.3594938659668,2.508694628894222,0.4674905624844864,-1.0,stop
264,4927.0125,2.9635098348136895,1.5196466216505462,-1.0,stop
368,312.44446472167965,9.663946118737094,-0.0809573789173521,-1.0,stop
265,1650.7124999999999,1.6121840971133596,0.28135065487882704,-1.0,stop
278,1672.922975463867,3.4982454009024133,0.5891201371724175,-0.7009720171987401,max_bars
302,165.0812944793701,7.312336634265172,0.6576516043138543,-0.15419161671915757,max_bars
383,2229.0899999999997,3.3641487038993354,1.2976400728952406,-0.3719173909612276,max_bars
271,115.0222469329834,2.0537272865573297,0.1345117197813658,-1.0,stop
301,115.91669631958007,3.0596917317414385,1.0018640821342384,0.5310035088782026,max_bars
277,1159.77,7.309207860179172,0.6102394715111467,0.0734929810074313,max_bars
299,1719.7559509277341,7.521760657021696,1.200130935290839,1.0377881608545994,max_bars
295,1787.492975463867,6.662568898705687,1.0185915479878214,-0.8421407262806816,max_bars
285,490.1385122680664,3.772100724349994,0.0438921022580273,-1.0,stop
319,496.46999999999997,2.844077969763399,1.0856936557731567,-1.0,stop
271,203.88434509277343,5.279635359295404,1.5203570066325123,0.6396725483010619,max_bars
435,221.35124999999996,4.893239016061124,0.9739178818244071,-1.0,stop
295,19485.945,6.122079273034999,1.9967852667138906,1.9439747850906803,max_bars
396,22034.624999999996,7.0553730775994445,1.344616869019864,0.6048886387392507,max_bars
271,1168.8149999999998,3.1925497191599894,0.6642094489062798,-1.0,stop
315,1204.4924999999998,3.8848352171661373,1.7034218730988817,0.4275787598895352,max_bars
464,135.55440490722654,6.6574052935468755,0.23775437525747425,-1.0,stop
271,4516.871901855468,1.8745651500142488,0.8636662839365546,-1.0,stop
325,4696.566196289062,1.7899502056520715,0.5999296499335055,-1.0,stop
269,1582.0709509277342,3.2533923533337026,0.5426174438467679,-1.0,stop
271,386.2717561340332,2.348539281721145,0.7030883823193576,-1.0,stop
262,347.62949386596677,11.486218046369467,0.4137419105920349,0.22716343824700447,max_bars
365,367.8802377319335,7.279605937389892,1.311406217666882,1.0108118126346848,max_bars
261,670.6364877319335,6.924239341934492,2.1936098964582422,1.5152638410366241,max_bars
278,2793.8999999999996,6.94011954615411,0.9546157813305859,0.022692361155880664,max_bars
379,46.632001533508294,4.936523474763273,0.36837450839988745,-1.0,stop
355,181.86480674743652,3.9286355917424376,2.6488035913482566,-1.0,stop
267,1356.7499999999998,3.062469049428766,3.0385042511560876,2.275570101475436,max_bars
389,1491.4199999999998,2.5358399655403807,5.430457859560769,1.3426736750861035,max_bars
289,206.12550613403315,4.2573576628654966,5.979659254401224,3.9980058638054494,max_bars
316,537.9764877319335,9.289715976739139,-0.009534238069896268,-0.891949311735367,max_bars
449,544.8607745361328,6.324694720222171,0.28551987181561567,-1.0,stop
271,538.5795245361328,5.65924195853315,1.1768718639764402,-1.0,stop
379,96.22874999999999,4.8101544765768,1.7631642882577925,-0.5916826861235429,max_bars
281,1076.2545245361327,3.3221253635651844,1.3325726043365587,-1.0,stop
272,27446.549999999996,2.5196245065408798,0.1423613621574817,-1.0,stop
261,1093.4399999999998,5.527509511267178,0.9970210319635249,0.5155522102239888,max_bars
393,1095.299225463867,5.724394614757075,0.24084496990945714,-1.0,stop
261,3894.575950927734,5.432579916109588,1.2044088673530473,1.0701785721837687,max_bars
359,4137.584999999999,5.543935624962971,-0.038298901159341814,-1.0,stop
307,19251.78,3.7491598179492955,3.371138019895269,3.0386267283659882,max_bars
409,21793.425,2.0346733016953475,1.8076901392569251,-1.0,stop
268,788.925,2.5255886174224362,2.764115432873282,0.5006285778701377,max_bars
261,338.43375,10.824500277242215,0.5709557207176811,-0.8389457140459872,max_bars
296,554.4082745361328,5.899670663549926,0.5256072877496977,-1.0,stop
265,4826.411901855468,7.2602983123084845,0.23854240595688722,-1.0,stop
373,3693.174049072265,3.952537734772047,0.024840021675174358,-1.0,stop
278,300.33419631958003,4.523026843445207,-0.0650891736064156,-1.0,stop
301,1528.805950927734,6.1162701546828995,-0.047119234344993745,-1.0,stop
435,1577.1465490722655,8.011081805838659,0.6549724383492348,-1.0,stop
283,381.8497622680664,5.6173318648091355,0.3892932452374551,-1.0,stop
476,738.5745245361327,0.4975124378109281,13.43733461167523,-1.0,stop
483,1828.697975463867,4.620665928749561,-0.15737588140347392,-1.0,stop
282,798.8745245361328,5.742394221767159,1.9853173104641901,-0.16947421316752193,max_bars
333,1698.4499999999998,5.507961705433621,0.5510423672173489,0.09139499980035724,max_bars
350,1758.7499999999998,3.914710765369568,0.9288304117414561,-1.0,stop
427,584.7089877319336,5.619720721833792,1.1500958123803877,-1.0,stop
281,520.4392254638672,4.494134286294745,0.2612638519939781,-1.0,stop
343,529.1827377319336,4.569827397541404,2.2068324377749495,0.5279499209983288,max_bars
429,897.71625,8.100137432067198,0.09672872294707206,-1.0,stop
277,4946.811196289062,1.2677075421810209,3.825303722201472,3.1603465420272947,max_bars
261,451.74749999999995,8.278406387746324,0.9546765969360222,0.5067856220390483,max_bars
280,1390.9199999999998,4.947806086192042,0.028771050735897877,-1.0,stop
288,1418.155475463867,6.85083385741527,0.5428880739697631,-1.0,stop
271,4414.4625,1.7773964554008477,0.7702711785088538,-1.0,stop
272,12204.72,2.3984163503955793,0.08636239409674594,-1.0,stop
281,180.28694938659666,3.309691623647563,2.006562992412874,0.4463002210858182,max_bars
265,1543.5795245361326,1.9746017918548513,0.13847069387047145,-1.0,stop
346,1555.6395245361327,2.162424135254825,0.18015791600242995,-1.0,stop
266,1225.5974999999999,3.100326527596732,1.9133496181456227,0.8474907069526745,max_bars
386,1306.097975463867,3.414596477574954,-0.21969442634632932,-1.0,stop
362,158.20709815979004,8.284768641060705,1.9487848052446153,0.4671443249941608,max_bars
367,288.43499999999995,5.2126150097996335,0.07083469023341717,-1.0,stop
308,1447.4009509277341,4.449420244366658,1.4518275295538086,0.7049445271597662,max_bars
448,1548.6045245361327,4.02326576739599,-0.2986065499262606,-1.0,stop
262,1708.4999999999998,3.705007247768498,10.11531682332027,9.315947808714267,max_bars
364,2360.5440490722654,9.622533704371538,1.8677831054257101,1.4909294691373858,max_bars
350,183.8144938659668,6.100981226555786,2.8699934242024048,2.2243994705128394,max_bars
391,845.1547622680663,9.838998249848501,-0.1690196243580174,-1.0,stop
336,1911.2084509277342,3.0770283840637633,2.1815164369759263,-1.0,stop
300,1186.7040490722654,6.25295322201658,0.24656270320122975,-1.0,stop
