bars_in_lookback,n_entry_day_bars_before_breach,entry_day_open_gap_pct,range_contraction_6v24,range_contraction_12v18,last_session_range_vs_prior5,consolidation_width_pct_12,consolidation_width_pct_30,trigger_vs_lookback_high_pct,trigger_vs_last_swing_high_pct,trigger_vs_last_swing_low_pct,last_close_vs_trigger_pct,close_position_in_lookback_range,n_swing_highs,n_swing_lows,n_alternations,higher_lows_run,lower_highs_run,efficiency_ratio_30,up_bar_fraction_30,net_move_30_pct,trade_id,ticker,entry_date,breach_time,is_confirmed,reached_025R_by_D5,mfe_r,D5_close_r,max_giveback_r
30,1,-0.6529209621993104,0.5903257759207917,0.7334680919479672,0.8134376487943181,3.7543177191614694,5.2546929324652325,0.5949238578680127,1.95431130591448,2.7934141298811443,-2.031233770937202,0.7259919192866465,9,7,11,4,1,0.2870370174141004,0.5,3.526482444787593,0,TECHM,2026-07-13,11:05,True,True,2.966,2.198,0.7920000000000003
30,2,0.42043620380312063,0.8115872764981846,0.9802476925233022,0.9271640879572398,2.911081666950118,4.664809770304714,0.6115555555555652,0.885070570015456,2.781384790011354,-0.6078382867441889,1.0,8,8,13,2,1,0.15801441902504595,0.5333333333333333,1.8883281370212224,1,GLENMARK,2026-07-06,11:40,False,True,0.75,0.478,0.289
30,0,,0.7762207134637481,0.6994475491984711,0.5455267383383344,1.5611124569937613,3.560033689420429,0.5176606832657749,2.6211885229369347,3.2068965517241477,-2.4159821191976683,0.46601983937297786,7,7,10,2,4,0.1472579377465562,0.7,1.4310535155643844,2,ARE&M,2026-06-22,09:50,False,True,0.331,-0.904,1.964
30,1,-0.6840579000914837,1.115896344090804,1.0314782980059536,0.6164244996193206,2.4580038624961107,3.873681458317128,0.6104203219453819,1.7088607594936578,2.519936204146722,-1.1978880544589954,0.8473877468979955,9,8,14,3,2,0.1776246277399894,0.4666666666666667,2.933545475840771,4,NYKAA,2026-07-08,10:50,False,True,1.04,0.766,0.945
30,0,,0.8232660200474414,1.15847519567962,1.476053072630028,3.3541941747920254,6.058232916891388,0.7840655249441442,0.7840655249441442,2.2844366399476623,-1.937892117047646,0.8085371808307927,6,7,9,3,1,0.3703481647375489,0.6333333333333333,4.792363367456032,5,DRREDDY,2026-06-25,09:15,False,True,1.288,0.434,1.6920000000000002
30,0,,0.5292405530423582,0.6630056501856486,0.5440252196573044,1.5653912073180034,6.3900052248694506,0.6825621337643861,0.8292564841179573,1.9348594760541182,-0.8986951059448689,0.9654522507104157,8,8,12,3,2,0.44937197633368203,0.6,4.5477599044113415,6,MAZDOCK,2026-06-17,09:15,False,True,1.411,0.029,1.605
30,5,0.3594265392912632,1.154860539366822,1.0619712400479873,0.9128363494677417,2.7632509992826177,4.953238889937811,1.2469006965904805,1.4851582198130542,2.436000594404142,-1.53428289671792,0.9388807314692086,8,5,7,2,1,0.2802655995897242,0.5,3.430307927731735,9,ADANIGREEN,2026-06-22,15:10,False,False,0.07,-1.015,1.41
30,0,,0.4074840721809848,1.2683467863906595,1.0105942588928936,6.444703152355237,13.841401720809918,0.5009242562381999,3.7383693545437247,6.153439153439155,-0.4984275119311654,1.0,4,3,5,3,1,0.6575895591282643,0.3,16.15850353417738,10,HFCL,2026-06-19,09:15,False,True,3.189,1.698,4.069
30,2,0.02714440825188902,0.8847876299495846,0.9075557218083427,0.5915870491707289,2.1244964020846635,6.378859338619318,0.05206655931293547,0.8096268253109828,2.0682318386816334,-0.10568839627247417,0.9915895727950605,5,6,10,1,1,0.3408794358749923,0.4666666666666667,5.819505901047983,11,APLAPOLLO,2026-06-17,11:15,False,True,0.386,-1.011,1.948
30,1,-1.2955135262805118,1.0227743440289665,0.8201162848948693,0.6331871432483663,1.898178250943882,6.357998261647159,0.17644399482235062,0.6474023057343903,1.3851366283922806,-0.4914999269216791,0.9503984279944934,6,6,11,6,2,0.49164293272694526,0.6,5.374924311791118,12,SUPREMEIND,2026-07-14,10:40,False,True,2.466,0.53,2.599
30,4,0.8113059408531909,0.9546626294426547,0.7847634759536193,0.6998115091322272,4.342854730494796,7.292522854534761,0.09399033937877999,0.09399033937877999,3.0794318779589602,-0.2061708360125314,0.984604949787977,9,6,12,4,1,0.5041880827789622,0.6333333333333333,7.262356765240452,13,LODHA,2026-07-01,13:15,True,True,4.225,3.275,1.2299999999999995
30,2,0.5211313453638455,0.7971196846236344,1.410645633194013,0.722982515460971,2.3684501604260007,4.2123613594951115,0.5000000000000115,0.9298347011906127,2.8631968120097717,-1.1045142611069925,0.8558998691012594,9,6,11,5,1,0.29490112861820655,0.5,2.8514984249328856,14,HAL,2026-06-17,11:45,False,True,1.349,0.025,1.539
30,2,0.35242290748898064,0.9462843818159797,0.904184228695609,0.5100556669777655,3.090685874707029,11.332514873925772,0.240103270223746,2.1924855326658443,3.444937833037298,-0.24811129782513763,0.9992426091974432,4,5,6,1,3,0.45706706614351794,0.5333333333333333,9.64424629152516,15,HCLTECH,2026-07-07,11:15,False,True,1.861,0.049,1.866
30,1,0.4188880426504227,0.9307511529248145,1.2792913446906984,1.5511045152145506,3.8591621768303797,4.516440406460857,0.046782527007982466,0.9285443517816461,1.525071496663477,-0.48807603394559473,0.9022869022869023,6,9,11,3,1,0.04697986577181208,0.5333333333333333,0.5312084993359889,16,BRITANNIA,2026-07-02,10:50,False,True,0.738,0.174,0.94
30,0,,1.01743934307147,1.0799245352065439,1.1952818639728562,4.110351628574358,4.643179385143735,0.542517006802723,1.762628036458258,3.0755840959757252,-2.653969113144683,0.5446267963116549,8,6,11,2,1,0.08422458693078291,0.6333333333333333,1.1068144163491889,19,HCLTECH,2026-07-10,09:15,False,True,0.89,0.351,1.331
30,2,-0.06157635467980427,1.775906632048199,1.4773929917849307,1.5113511885557922,6.603323617565479,9.413508408504763,0.11326783667520157,0.6575736958563505,3.4833962919909034,-0.5608204279753282,0.9524427320030642,6,6,11,4,1,0.35709164198588617,0.6,6.501628664495107,20,LTM,2026-07-13,11:50,False,True,0.618,-0.124,1.021
30,1,0.7737553550777987,1.1749257484153377,1.1297403530739145,1.611689153375944,6.341085712852101,6.9931249656151175,0.501306596256268,2.981364349342397,4.011531484693154,-0.629221858648088,0.9813508537803362,6,7,8,2,1,0.49035713084709287,0.5,6.202086339013513,21,LTF,2026-06-25,10:20,False,True,1.084,0.997,0.101
30,0,,0.7959948840917774,0.9346473168858336,1.1154039770395383,2.9790645302161223,5.089245829454338,1.8318042813455726,2.8805355303810565,6.133394090948441,-3.0621559737780024,0.7517700661926001,5,5,4,1,2,0.26831696205634614,0.5333333333333333,3.37766510310753,23,PERSISTENT,2026-07-10,09:15,False,True,0.898,0.652,0.6920000000000001
30,0,,0.8224771258593585,0.8357299970438515,0.48472920639621614,3.2713875906411736,10.068609960520398,0.5390326244350208,0.9077985347337059,2.376967333712887,-1.2404013765497934,0.9300540254689541,8,6,8,4,2,0.4450464012709786,0.6666666666666666,9.528850568358195,24,CUB,2026-07-03,09:50,False,True,2.107,1.659,2.483
30,0,,0.7755824444110299,0.986891859747646,0.9601055373284274,4.189435336976321,5.205427956132362,1.8720836466761481,2.7234927234927264,6.948051948051948,-3.663226067597647,0.6492996624559085,6,4,8,2,2,0.08357166265006362,0.5,-1.2120185855753363,25,NAUKRI,2026-07-28,09:50,False,True,0.633,0.388,0.358
30,0,,1.0846603778325568,1.0037161221279804,0.9247457308120298,3.1124431127624956,6.090960045635346,0.5277600009203409,1.0392422192151418,3.774735897750836,-2.4910246571698824,0.677220778802489,5,5,7,1,2,0.2373848895864008,0.5,3.0632487647431095,26,UNIONBANK,2026-08-12,09:35,False,True,0.564,0.034,0.7489999999999999
30,5,0.25945879331645827,1.6712394871787843,1.6161886797954734,1.753067648406606,5.245654511845889,8.301714601061558,0.4634777705230464,0.6529169121979983,3.120017799095276,-2.018642242404478,0.8124119229527614,8,6,11,3,2,0.3534030284292714,0.5333333333333333,6.898313853101601,27,BHEL,2026-07-16,14:50,False,True,0.794,-0.71,1.617
30,0,,0.9064875870232159,1.1417178001876012,0.6647446707548066,2.546696705694428,4.00194403560249,0.6530325643127277,1.9598145285935065,3.3009748230448555,-2.4072295972336843,0.5606050797848975,8,7,8,1,2,0.05426356589147287,0.36666666666666664,-0.5407075646538417,28,PCBL,2026-07-20,09:40,False,True,0.755,-0.35,2.836
30,5,0.5279831045406524,0.9980132036319496,1.0738917865672934,1.1443424195679235,2.592169859835438,4.5822196110792195,1.3419149093310212,1.8316445830085737,2.5510204081632626,-1.620104605179229,0.9354115181025553,5,6,7,3,1,0.23942554467433225,0.4666666666666667,3.3060038341968134,29,WOCKPHARMA,2026-07-31,14:55,False,True,1.306,0.741,1.339
30,3,0.1644937274000391,1.2235356306109761,1.183459728342798,1.3246811965519654,3.092272994844573,3.5580811294974075,0.13262152289967855,0.13262152289967855,1.7624214734437427,-0.6038647488614379,0.8675075523756529,8,8,13,4,1,0.19794604396201268,0.6333333333333333,1.998384628195593,30,MOTILALOFS,2026-08-11,12:30,False,True,2.525,1.627,0.974
30,1,-0.006613825005519214,1.1529105444983212,0.9773577053506243,0.7072151490053592,2.6033728424917357,3.966834661030727,0.1769755742746515,1.3477910097421386,2.139881775096786,-0.7207500135479328,0.8628409964139344,4,5,8,2,1,0.18867381465541663,0.5,1.8071843234232832,31,RADICO,2026-08-13,10:25,False,True,1.043,0.645,0.819
30,0,,1.0232461155840162,1.044000537033504,1.099938457434214,2.2189402486010428,2.606714044171505,0.5164599978509488,1.1957679631569684,2.0803768804240397,-1.7956189658184463,0.5082649839088809,10,7,13,2,1,0.06933754655230787,0.4,0.4960317393572833,32,APLAPOLLO,2026-07-27,10:10,False,True,1.867,1.563,1.032
30,0,,0.6043626203596499,0.7729839866413443,0.8259728848377137,1.583892539557047,2.9496837581473843,0.5106568827925706,0.5106568827925706,2.058383506659367,-1.6343053165144728,0.6181818181818182,4,9,7,1,1,0.04119812896487542,0.5666666666666667,0.3611389547810484,33,PIIND,2026-08-03,10:00,False,True,0.845,-0.796,1.741
30,0,,0.8647720072347076,0.9862498212373786,1.046582214733462,2.5318696164778416,3.032461781354692,2.8577061974705664,2.8577061974705664,3.865615974184222,-2.9612229966498482,0.9396817646329328,9,9,13,4,1,0.0653358567102938,0.4666666666666667,0.7194256889340389,34,USHAMART,2026-07-28,09:15,False,True,0.302,-0.642,1.32
30,0,,1.1299573396815705,1.0372285986565872,1.5804366673893158,2.466022616630759,3.7122969837587005,0.4996668887408351,0.4996668887408351,1.2348181139206549,-0.9612197547232304,0.875,6,7,11,4,1,0.31552615543885176,0.5666666666666667,2.59580072075305,36,INDHOTEL,2026-07-31,09:20,False,False,0.155,-1.142,1.354
30,2,0.2349770555812647,1.3020247029731358,1.155632356166693,1.0108343802387083,2.213638507581863,2.8129051194873176,0.1175447261687168,0.7342599117084347,2.3866798142684775,-0.6066076111059249,0.8260869565217391,8,4,5,1,1,0.21951186834289677,0.5666666666666667,2.2650056277224273,37,BEL,2026-08-13,12:05,False,True,0.778,0.059,1.018
30,0,,0.7618206311992964,0.7180253127829576,0.5750976088361189,1.3965559715345461,2.5675811650573017,0.9577020754882204,0.9577020754882204,1.9487088786699802,-1.4603985302332756,0.8006756756756757,7,7,11,4,1,0.2699490662139219,0.5333333333333333,1.419516114632624,38,ALKEM,2026-07-30,09:35,False,True,1.042,-1.513,2.677
30,1,0.6880929129464253,0.6873127611730017,0.8966896827840365,1.462266055901543,4.733981745683348,4.733981745683348,0.8035920682994524,2.087767386770367,2.7607361963190247,-1.000877963125546,0.9569723693933437,6,9,11,2,1,0.31360517634656804,0.4666666666666667,4.150246305418714,39,CRISIL,2026-07-16,10:50,False,True,1.226,0.586,0.688
30,1,0.2823869079823238,1.1779540456248212,1.1506853295567154,0.743972624515854,2.2478544732304018,4.327958612637639,1.1888885518307246,1.9433596765499939,2.978859195871064,-1.5037123542039899,0.9240306292393411,8,6,9,1,2,0.32294056875645694,0.5666666666666667,3.0539173865778313,40,NESTLEIND,2026-07-22,11:05,False,True,0.584,0.3,0.4389999999999999
30,4,0.41790862581623234,1.10548730151569,1.0099026518730685,1.415991870941238,3.182645073663214,4.700304180771867,0.10029498525072622,2.3804457693127112,2.334135631489742,-0.18859780543665217,0.9811920022959916,4,5,4,4,1,0.4181808900459649,0.6666666666666666,3.514669795526637,42,TMPV,2026-07-31,13:55,False,True,1.219,0.679,0.877
30,2,-0.14196237144379342,1.2002084823428918,1.0023450740933293,0.8432313678317077,2.421197996811234,3.223412234520172,0.49985161711401105,1.4966691339748373,2.9444444444444384,-1.3214527511312912,0.7443432103334282,7,8,10,3,2,0.016181255343053674,0.6,-0.1844201862661876,43,SONACOMS,2026-07-16,11:40,True,True,2.411,1.53,1.192
30,0,,0.7127380142527896,1.0280485373123514,0.6988375581448121,2.484961519369849,4.531404916049776,0.9089028076087136,1.5365025945872413,2.948047294876388,-2.8288228087760436,0.5745013585249551,8,9,13,1,2,0.05477108523423596,0.36666666666666664,0.6997007018844537,44,MINDACORP,2026-08-03,09:35,False,True,1.496,0.844,0.857
30,0,,0.5136244629825447,0.5599409079120348,0.34799456378179006,2.897380250278659,5.9982845695384315,0.533034133007404,2.4358137208893904,3.785223833734408,-2.9188066235748877,0.6017863687205679,5,7,9,2,1,0.06584057171066081,0.5666666666666667,1.42681458949232,46,PPLPHARMA,2026-07-27,09:55,True,True,1.905,1.481,0.687
30,0,,1.151278479217432,0.943072594516008,0.7118943970391316,2.2999502217346377,3.8764419230175347,0.49994574064025077,0.49994574064025077,2.8779160186625186,-0.9185763632064137,0.8913649025069638,5,5,6,1,1,0.12298910223144785,0.4,1.3083080320176688,47,POLYCAB,2026-08-05,09:35,False,True,0.306,0.146,1.528
30,0,,0.6393251698739388,0.7515536109746234,0.7111466195464852,6.728362521191293,7.453372379970213,1.8876078702105614,1.8876078702105614,3.415457921659315,-2.530216649207706,0.9090909090909091,7,5,9,4,1,0.10991957104557641,0.5,2.6327054794520466,48,APARINDS,2026-08-03,09:25,False,True,2.625,1.943,0.7350000000000001
30,0,,0.7425363734573597,0.7035732299239293,0.8633013010715889,5.402781210551062,9.296611767468864,0.6713597628751344,0.8956554028964003,6.461878065329474,-1.0717230008243983,0.9564529067800706,5,7,9,1,1,0.40237695048175265,0.4666666666666667,7.588861073777098,49,HEG,2026-07-30,09:35,False,True,0.428,0.135,0.45
30,0,,0.5868558628317008,0.6011614276888871,0.5349386532364748,1.4956418253014587,2.334440798488601,0.8057466545076997,1.4959459459459534,1.9505859661952396,-1.7845651315234745,0.5779465209864051,7,8,12,2,2,0.0804600120317315,0.3333333333333333,0.5086724917567231,50,ANANDRATHI,2026-09-07,09:20,False,False,0.034,-1.328,1.645
30,0,,1.502263898756084,1.4441741501080134,2.3827613899532976,4.771214223338602,6.2414676760628405,0.5091024369954233,3.7229412315049615,4.983069825202535,-0.8764607679465741,0.9407291562313322,5,4,5,4,2,0.434743698843187,0.43333333333333335,4.8459904887546035,51,SHYAMMETL,2026-08-27,10:00,False,True,1.143,0.451,0.896
30,0,,1.4127130038817728,1.1577949830867265,1.5584079635031505,5.486714725506339,6.151935985467497,0.7220762727531582,0.7220762727531582,2.101599775470109,-1.9758760596831126,0.7953528202163229,5,7,7,5,1,0.10065066720484057,0.5333333333333333,1.4971281128903335,52,CYIENT,2026-08-20,09:30,False,True,3.002,2.895,0.5199999999999996
30,0,,0.6349223658775079,0.7278472744147538,0.5717323099210371,2.455997762963876,5.854202412167404,0.5443965803352491,0.6333754740834419,2.006795015570284,-1.339182223095503,0.8637332268056765,8,6,11,3,2,0.3367926932461524,0.43333333333333335,3.861661076385192,53,ASTERDM,2026-09-07,09:25,False,False,0.178,-3.497,3.735
30,1,0.2749053499338405,0.9702593637819144,0.9876805435533006,1.029516514855612,2.40354939064315,2.615405115232392,0.6700043506123077,1.528708617012664,1.7097600190987716,-1.235377852728825,0.782124505153901,5,6,6,2,1,0.06919994269155885,0.5333333333333333,0.760235046090485,54,CDSL,2026-08-21,10:20,False,True,1.963,1.185,1.108
30,5,0.04873591861740412,1.1085818247415384,1.0109982106357125,1.3183532707336116,2.7709846853774907,2.9763499235078066,1.1354234139531627,1.1354234139531627,3.3313855143779936,-1.6613985273020604,0.8189990234375,6,6,9,2,1,0.00900088228863254,0.43333333333333335,0.12121212121212199,55,GRASIM,2026-08-31,15:10,False,False,0.085,-0.439,1.009
30,0,,1.0257863777228222,0.9378932281349102,1.0858437674549117,2.204400283825623,3.490292663181794,0.5448649725191546,1.199070487993814,2.0846968396590615,-1.7359585429455482,0.6578950890765751,9,8,13,3,1,0.09791392963615006,0.5333333333333333,0.9594269799011235,56,ETERNAL,2026-08-20,09:30,False,True,0.49,0.174,0.599
30,0,,0.6184040656526577,0.8968764211323167,0.5012773922866606,2.0458265139116203,6.963389132422751,0.5225055570395876,0.8990825688073301,2.1802434922846503,-1.6487846275080265,0.8378670244206975,7,7,12,2,2,0.343781512708763,0.5333333333333333,5.528455284552836,57,SBICARD,2026-08-26,09:30,False,True,0.581,-1.75,3.215
30,0,,0.6945584158811289,0.7801137631692046,0.9671031150849865,7.104880017120946,8.156497359318626,0.8466934608079235,0.8466934608079235,3.6437749224634386,-2.9684834036642127,0.7389935215740668,5,7,8,3,1,0.17098454881105168,0.5333333333333333,3.6154454323549023,58,TEJASNET,2026-09-04,09:15,False,True,1.125,-0.96,2.444
30,0,,1.15299236766924,1.0636638154581788,1.1895983581210932,3.86598891651262,5.5913095075083294,0.5138344303812881,0.5138344303812881,3.8291976022131413,-0.7850677268759432,0.9510204081632653,7,6,11,5,1,0.18675861177169434,0.6666666666666666,3.2146225627671,59,KIRLOSENG,2026-09-03,09:15,False,True,1.226,0.183,1.273
30,4,-0.14549129786511905,0.8370725781577457,0.7557554346025182,0.7527975483976266,1.310036105723583,3.6777122038716725,0.34249731683067,0.4879227053140145,1.5425891151243265,-0.7619811298698043,0.8856210519177188,7,6,8,3,2,0.2998565631551202,0.5666666666666667,2.5969215620116115,60,BEL,2026-08-18,13:20,False,False,0.033,-0.4,1.539
30,0,,0.5135974692132418,0.5896081809930395,0.8279356084344298,3.1170555564551385,6.007422093219189,0.7126529200872422,0.7126529200872422,3.2380453690570965,-2.0273025255487354,0.7803230089150723,8,7,10,2,1,0.24387316957135155,0.5333333333333333,3.577841736781595,61,HOMEFIRST,2026-09-07,09:25,False,True,0.28,-1.529,1.832
30,3,-0.15457861401856343,0.6744066121247434,0.6758035089800528,0.6092906953270169,2.004935764910198,5.822713384437147,1.34383443945163,1.34383443945163,3.445726201235466,-1.4700835941111157,0.9752574802673969,7,5,7,1,1,0.33252707588332425,0.6,5.292193130281642,62,PAYTM,2026-08-25,12:50,False,True,1.189,-0.583,2.02
30,2,0.33783783783782884,0.8735730311145047,1.3133525769366514,2.2821200507290627,6.993651272258237,10.117755227047631,0.49154318105111283,0.49154318105111283,2.9258620689655235,-1.3350754644287033,0.9163908798869839,6,7,8,4,1,0.6302203186871607,0.6666666666666666,9.540633555577571,63,ACE,2026-08-19,12:05,False,False,0.027,-0.454,0.647
30,1,0.24775188107910573,1.541457048538936,1.3862469032218045,1.9030612723712304,5.306496713512729,5.801285543087483,0.2347802347802297,0.7804565625142867,4.788089235599102,-0.2523876965537242,0.9968701095461658,5,6,8,4,1,0.2772157021448806,0.5333333333333333,3.2176241251350435,64,CRAFTSMAN,2026-08-28,10:40,False,True,0.968,0.707,0.3309999999999999
30,1,-0.5853881377285708,0.8396435603954625,0.9665737150363797,0.6947437826592723,4.495063189739377,7.227021715367789,0.5441009814501463,0.6412541159458884,1.4118181433250943,-1.0953980610925562,0.9233098308632994,5,4,7,3,1,0.2658874171299674,0.4666666666666667,3.3188960915101706,65,CUB,2026-08-27,10:30,False,True,1.494,0.726,0.922
30,3,0.24861878453039665,0.8910146859613657,0.7951639729106196,0.8032749502693678,2.5332375940421135,5.870901517984234,0.17044523354274865,0.17044523354274865,1.8112159911160441,-0.3446707154085793,0.970274496552209,7,7,11,2,1,0.43705698127173837,0.5,5.703713798881616,66,SUPREMEIND,2026-08-20,13:00,False,False,0.076,-0.83,1.359
30,2,0.542943977386523,0.9310344599476689,1.3150769379037408,1.642003671801404,3.111099905113755,3.467396448663663,0.2806100217864982,0.2806100217864982,3.5099442783093515,-0.5926702921594806,0.9097751031784153,7,6,11,1,1,0.11240017066810189,0.4666666666666667,1.3736263439065866,67,INFY,2026-09-01,11:55,False,False,0.133,-1.734,1.908
30,2,-1.012932983630277,1.0322934487749458,1.2777180802119832,1.3620835160619582,5.425819918651987,10.105207652195777,0.5000219346347867,1.9763187180057873,4.655002284148013,-2.44000387620924,0.8077753779697624,7,5,7,4,2,0.1650126932840988,0.5,3.3048301363531207,68,PTCIL,2026-09-01,12:05,False,True,0.895,0.604,0.35
30,0,,0.8777286950879087,0.834967113920986,0.902482591269649,1.9495174150697427,3.2865772635938013,0.4993498049414846,1.183560216988333,3.008705780290577,-2.1185971074758836,0.50656008202105,8,6,10,1,2,0.0010274990872947668,0.4666666666666667,0.008811527242080786,69,INDGN,2026-08-28,10:10,True,True,2.02,1.233,1.117
30,0,,0.751147772051779,0.8163644181329001,0.7598815748178931,2.7943528145398564,3.9623648219711245,0.5149317075675119,1.8775380520491325,2.6116930817442263,-0.9410599306587386,0.8917903309556995,7,6,9,1,2,0.3101689637586031,0.4666666666666667,2.8080385837333965,70,GESHIP,2026-08-25,09:15,False,True,0.779,-0.781,2.28
30,6,-0.4279265532622478,0.9330573776635561,0.9999622440206744,0.9952087984436283,2.189053376779298,3.698177137316888,0.6677796327211993,1.520847141513948,3.3478047742574457,-1.5478164731896116,0.7608371575326843,6,5,10,1,4,0.16990294618140087,0.5,2.415181138585387,71,CGPOWER,2026-08-31,15:15,False,True,0.437,-0.361,1.69
30,1,0.36039837328465385,0.8794044502047376,0.9373672513767904,0.5054591604318875,2.41350543054786,3.4524304894202795,0.4839646377098328,2.3469095922875605,2.8065974803381577,-1.4832666155584429,0.709876008303789,5,7,9,3,2,0.2020961659869992,0.4666666666666667,1.912475237266431,72,FORTIS,2026-08-28,11:10,False,False,0.123,-1.232,1.719
30,2,-0.14880952380952328,1.6020238919848107,1.1013388291201445,1.2540969109589444,2.4017281823723997,4.4719214683052035,0.5600793375610147,0.7242523442328341,3.048895408202501,-1.6767861447267052,0.7495872339141889,7,7,9,1,2,0.16116744290161347,0.4666666666666667,1.940118038602634,73,DLF,2026-08-18,12:10,False,True,0.538,0.223,0.547
30,1,0.21272715590647806,1.1109334237271002,1.1000201158667964,1.2836833731351498,3.2382500489079176,3.646781647834459,0.29404823366181443,1.5050585703733965,2.391733821234121,-0.7437773006622184,0.8764414162580895,7,9,12,4,1,0.1250005960486403,0.5333333333333333,1.374487640989086,74,AUROPHARMA,2026-08-31,10:35,False,True,1.183,-0.101,2.127
30,0,,0.7058611603263022,0.8444712753766198,0.9179590567810653,2.5226517344762285,4.443297786951038,1.1276960879288422,1.2157278914022074,3.77510228586333,-1.5307877536979597,0.9064508253528226,7,6,9,1,2,0.3696607740944957,0.6,3.7921097839748397,75,JSWINFRA,2026-09-15,09:15,False,True,2.015,1.434,0.673
30,0,,1.1742581659154858,1.4617495058185073,1.350683165956728,4.485463360824793,4.668204460710249,1.0228245363766097,4.558711134271309,6.02280933509467,-2.574074520159242,0.6654804270462633,6,7,9,1,2,0.0035335689045936395,0.4,0.051181438198422136,76,OFSS,2026-08-26,10:00,False,True,0.733,0.174,0.815
30,2,0.34558320965452083,0.9418269569414391,0.9330310188360469,0.8772947652432429,2.027557579865258,3.409341711055542,0.3316131743749118,1.1632498383014278,2.4150227568863203,-0.46244861682035454,0.9613029458489858,7,7,10,1,1,0.2636510273144331,0.5666666666666667,2.414806744818887,78,ICICIBANK,2026-07-17,11:55,False,True,1.102,-0.214,1.705
30,1,-0.5477635878791354,1.2020945603892883,1.1842775303202204,1.1122054519500437,2.34306355496312,2.39196353742903,0.8198529049660452,1.2373430000583552,2.6652341551255843,-1.666824449162807,0.6431222885770815,7,8,7,3,2,0.1302658709140436,0.4666666666666667,1.2312294829075254,79,BHARATFORG,2026-08-07,10:45,False,True,0.58,-2.52,3.575
30,2,0.4136994991483345,0.5330795229513033,0.8112783105166868,0.7228951653614907,3.619493201795254,4.35665062842628,0.7930845338289361,1.547586869830564,3.8134108614498174,-2.339832143032783,0.6435362664427164,8,6,12,3,1,0.0647341593459387,0.5333333333333333,0.8208693791518673,80,SAPPHIRE,2026-08-20,11:25,False,True,1.801,-0.182,2.077
30,4,0.42735236771103136,0.9452739324643299,0.8245878835367506,0.9168693840553964,1.807426917619723,7.43228167982475,0.3588741204065604,0.6737254901960643,1.6141584560076083,-0.51340381274394,0.9790356447780406,7,5,8,2,1,0.6339070839087323,0.5666666666666667,7.085953878406714,81,CDSL,2026-06-17,13:25,False,True,4.028,1.719,2.5119999999999996
30,0,,0.5807514200565299,0.5113537660296724,0.4796973610940557,1.9739668533258727,9.090027370119154,0.7340110106011766,0.9819106279200795,2.3036633647170124,-1.1429561104244312,0.9544232876006241,8,6,11,2,1,0.485757163282813,0.6,8.680507406961645,82,POONAWALLA,2026-06-18,09:20,False,True,3.268,3.044,0.3859999999999997
30,0,,1.5933508924454773,1.526796362114739,2.1865658350862978,5.050834112808917,5.050834112808917,0.6915328069697857,1.1708037312722297,5.904588846893799,-0.9301319489508963,0.9518201410735128,5,5,6,1,1,0.22120676698231262,0.6,2.7136143236468957,83,RAMCOCEM,2026-06-25,09:15,False,True,0.756,0.464,0.371
30,4,0.22564720639637326,0.6527762660267467,0.7116946517064707,0.6090088177194728,4.180329417577889,7.300171678179811,0.140777009658688,0.140777009658688,2.585705249841874,-0.22690019163719155,0.9881754719140375,5,6,8,5,1,0.3241614352035042,0.6,4.887211560631055,84,INDUSTOWER,2026-07-10,13:40,False,True,0.657,-0.137,0.877
30,1,-0.04571127619820148,1.311417532232803,1.186062506464666,0.8759637902948042,4.285548433190358,6.584024024862462,0.5906884608780416,1.8670694864048265,3.0658738470553892,-1.2693534917597837,0.8963956285655371,6,8,12,1,2,0.3583686588443008,0.5666666666666667,5.281461430975165,85,MANAPPURAM,2026-07-06,10:40,False,True,1.009,-0.511,1.727
30,0,,0.43461405322588825,0.5936339155998591,0.402113913252567,2.2028593973834667,5.181171460168688,0.5312197778332806,1.455124309779654,2.3027222004878833,-1.8665934669228612,0.7417223629084251,10,6,10,2,2,0.25737412817917305,0.43333333333333335,3.211834608606834,86,DEVYANI,2026-08-20,09:20,False,True,2.146,0.081,2.277
30,0,,0.8326439696197071,1.0351465806607574,0.7527534368633073,2.300452169191147,3.6241211971616427,0.7023304678194675,1.3451730278033258,1.9298455169286743,-1.555537097964066,0.7632240032224044,7,8,9,3,2,0.19958531549902356,0.4666666666666667,1.8126958201749366,87,HINDZINC,2026-08-03,10:00,True,True,4.899,3.832,1.1840000000000002
30,0,,0.7854211598860246,0.7562979859585757,1.069321372917492,5.359881551924516,8.825226826887103,1.1416469697163256,1.1416469697163256,2.2669068146915494,-1.983156174212064,0.9031871155939571,7,4,6,3,1,0.18195638213883633,0.5,3.3402310491189358,88,CHOLAFIN,2026-08-03,09:15,False,True,0.648,0.339,0.821
30,1,0.006014136158483119,1.7118360823107899,1.5875586672706836,2.024722042703212,3.5716359835065914,5.577174393717212,0.1279273946777737,2.1293001186239557,3.8415128571598123,-0.26714864696458784,0.9750080080809588,7,6,11,1,2,0.5124120132087353,0.6333333333333333,5.183746474964268,89,HEROMOTOCO,2026-07-23,10:15,False,True,0.959,0.817,0.4169999999999999
30,0,,0.5857854139983899,0.7302901073882102,0.4094027234830914,3.1551854096666583,5.403897779172332,0.518659143097211,0.7304653204565303,1.8934280639431478,-1.160966426106047,0.880644767515121,6,7,11,2,2,0.20560695685903177,0.36666666666666664,3.2034901353904965,91,SWIGGY,2026-08-25,09:15,False,True,1.107,-2.121,3.228
30,0,,0.8853232881767934,1.0062833463423773,2.1503498025108954,5.435027944425105,6.617861107679906,2.0042737969365954,2.0042737969365954,3.7525916870570164,-3.027943723267812,0.8393662659031907,5,8,9,2,1,0.27247520456656293,0.5333333333333333,4.2102440332528746,92,NUVAMA,2026-07-24,09:25,False,True,0.412,-1.343,1.956
30,0,,1.165856442400922,1.0178033476908621,1.2744031210423985,4.611314710093925,6.01897920054365,2.2406947890818874,4.629253428136115,6.073012655414645,-2.434288765381165,0.9596774193548387,7,8,12,2,2,0.21021276949411621,0.4666666666666667,3.8276757400406147,93,TATACOMM,2026-06-22,10:00,False,True,0.358,-0.644,1.099
30,1,0.5807200929152101,0.942675348384458,0.9367554202985028,0.5808523786297016,2.8677840554257803,3.4210215414890763,1.0150561508827094,2.5234373156457712,3.614882153521415,-1.1177613421058274,0.9669966863738455,7,7,11,2,1,0.2789254791383454,0.5666666666666667,3.1809614029572275,94,PFC,2026-06-22,10:25,False,False,0.113,-1.078,1.273
30,2,-0.11166051165736324,0.9127132537086913,1.016310667880037,0.7890971648722469,2.3258214617498925,3.971909997338411,0.17022149302707845,0.5000000000000115,1.5615861606405934,-0.1699322318448937,1.0,5,7,8,7,1,0.20984063922660934,0.5333333333333333,2.3638598472668138,95,MANKIND,2026-06-22,11:20,False,True,3.433,2.194,3.0759999999999996
30,1,0.0,0.7440955139094386,0.6511653355514406,0.4518668336481519,2.49067073917363,5.778596326419619,0.6243781094527279,2.6675126903553226,3.8469947598530396,-2.4993216740045066,0.67486604904746,6,5,9,1,3,0.23086167106787694,0.5,2.5081205708861187,96,WHIRLPOOL,2026-07-30,10:50,False,True,1.181,0.793,1.939
30,0,,0.7647660422149857,0.6568316747944464,0.8717235228701057,3.146107358691788,8.645572384353892,0.7052572522647349,0.7052572522647349,2.179440610243377,-0.8176324209029473,0.9864307175547384,9,8,14,4,1,0.12694971778128447,0.6666666666666666,2.5735294117646967,97,ENDURANCE,2026-07-30,09:45,False,True,1.447,0.646,0.889
30,4,0.36077603330129104,0.8600695865642216,0.733705916567855,0.4997180950993276,2.3216860480628085,6.137473137211273,0.36802748585287315,1.078926210620823,1.743662302369442,-0.5277666470004272,0.9737532640212742,6,6,8,3,1,0.4691682866325001,0.5333333333333333,6.008583690987135,98,INDIGO,2026-06-18,13:50,False,True,3.944,3.833,0.0809999999999999
