date,type,strike,spot_open,spot_close,strike_open,strike_low,strike_high,strike_close
2026-04-13,PE,23850.0,23748.0,23842.65,171.3,2.1,298.75,11.8
2026-05-12,PE,23450.0,23766.0,23379.55,6.5,3.2,89.5,63.5
2026-05-19,PE,23650.0,23665.0,23618.0,94.4,2.05,94.4,23.35
2026-05-26,CE,23900.0,24047.0,23913.7,155.1,4.6,192.9,13.85
2026-06-02,CE,23450.0,23299.0,23483.55,19.9,2.3,123.45,21.1
2026-06-02,CE,23400.0,23299.0,23483.55,30.0,4.75,172.8,64.45
2026-06-23,PE,24000.0,24100.0,23824.1,23.0,3.4,181.45,148.25
2026-06-30,CE,23850.0,23985.0,23865.75,152.0,4.5,184.15,14.7
2026-06-30,PE,23900.0,23985.0,23865.75,28.0,3.6,91.8,41.2
2026-07-07,PE,24450.0,24504.0,24398.7,78.15,4.7,78.15,33.0
2026-08-04,CE,24600.0,24684.8,24614.9,74.95,4.3,79.95,16.6
2026-08-18,CE,24150.0,24301.0,24154.9,141.8,4.8,141.8,24.25
2026-08-25,CE,24250.0,24176.0,24334.55,20.0,2.5,86.3,42.95
