ticker,date,trigger_price,signal_price,confirmed,vol_ratio,body_atr,swing_pnl,immediate_exit_pnl
ABCAPITAL,2026-06-24,396.3719938659668,394.2000122070313,False,1.2715071345007691,0.05263474444850809,1.2306636718846242,-0.5479654699494074
ABCAPITAL,2026-06-25,398.48249999999996,395.5499877929687,True,0.5156421353018171,0.11045535191822413,0.6945097965406433,-0.7359199480607703
ACMESOLAR,2026-06-24,359.28749999999997,354.95001220703125,True,,0.04826150369048821,5.55613540688169,-1.2072470634154286
ACMESOLAR,2026-06-29,368.1314877319335,365.3500061035156,False,1.719473478696373,0.22140606798892962,6.157718319803718,-0.7555674320484318
ADANIENSOL,2026-07-08,1672.2195245361327,1662.199951171875,True,1.3786155812940202,0.1493303665716463,1.0812291105743332,-0.5991781113210637
ADANIENSOL,2026-07-16,1722.4695245361327,1713.0,True,0.9953968704697284,0.08645149035736575,-5.948989115713276,-0.5497644168005134
ADANIENSOL,2026-07-17,1752.7199999999998,1741.800048828125,False,0.6223902000340277,0.04347647725023103,-6.995984778747455,-0.6230288449880605
ADANIENSOL,2026-07-21,1766.4884509277342,1750.9000244140625,True,1.2790619524630469,0.5639045279201853,-8.179416675600171,-0.8824527839672469
AEGISLOG,2026-06-11,837.0645245361327,831.0999755859375,False,1.259796787362862,0.15333987385582096,27.791815304161815,-0.7125554572391501
AEGISLOG,2026-06-12,964.8,945.5499877929688,True,,0.556293781685346,10.872714673701811,-1.9952334377105307
AEGISLOG,2026-06-17,1010.0249999999999,1004.0,False,0.7059968025097282,0.06576755760237506,5.908264762939042,-0.5965198881215716
AEGISLOG,2026-06-25,1099.0177990722655,1078.9000244140625,False,6.567069809024759,0.275194170329055,14.165571497661688,-1.830523097549952
AEGISLOG,2026-07-20,1430.6174999999998,1420.5999755859375,True,1.0192744427005807,0.0804751566680231,-2.9579850080035275,-0.7002238134275807
AEGISLOG,2026-08-06,1419.06,1408.199951171875,False,0.9800853344895205,0.19598790514163958,-0.08174253279900068,-0.7652987772275299
ANANDRATHI,2026-06-30,2008.995,1997.800048828125,True,1.3570865769485327,0.050643421178249194,2.6234485985219047,-0.5572413655521746
ANANDRATHI,2026-07-10,2130.6,2091.39990234375,True,,0.552671047357158,-2.6706115098153016,-1.8398619006969819
ANANTRAJ,2026-07-20,597.9749999999999,592.1500244140625,True,,0.15385082847885098,1.0493749738701652,-0.97411690889041
ANANTRAJ,2026-07-21,606.015,601.7000122070312,True,0.8567728236434046,0.1174929912203667,0.03877791803832409,-0.7120265658389191
ANANTRAJ,2026-07-22,615.06,609.7000122070312,True,7.775304194140439,0.21391998543466906,0.29916177512154807,-0.8714577102995946
ANANTRAJ,2026-07-31,630.88875,625.8499755859375,True,0.4951536906509658,0.21959362982112515,-0.9334054538141512,-0.7986787550201879
ANANTRAJ,2026-08-03,635.5620245361328,631.8499755859375,False,0.9368097974904462,0.05553487710850102,-3.2981909146466815,-0.5840577011983261
ANANTRAJ,2026-08-20,643.7025,639.25,False,1.729735967503693,0.09126996604381053,-5.41438388293699,-0.6917015236075685
ANGELONE,2026-06-15,347.27773773193354,343.79998779296875,True,,0.113343703627178,-0.38232382345428917,-1.001431868820024
APARINDS,2026-06-16,16254.869999999999,16160.0,True,2.417151162790698,0.03808116824843575,2.4554487362864252,-0.5836404720554467
APARINDS,2026-06-18,16557.375,16451.0,True,,0.3948857297040486,0.5835768048981116,-0.6424629507998714
APARINDS,2026-06-24,16833.75,16740.0,True,2.0071163969584713,0.1239139791166565,-16.025840944531076,-0.5569169079973291
APLAPOLLO,2026-08-17,2109.495,2097.0,True,1.1725337919544245,0.16437596305960775,1.446080697038865,-0.5923218590231261
APOLLOHOSP,2026-06-10,8581.1925,8538.0,False,0.4088520936156663,0.011979058279543464,0.8601077297823112,-0.5033391338091886
APOLLOHOSP,2026-07-15,8994.749999999998,8948.5,True,1.700641319285387,0.06382573074406532,-0.9422162928374722,-0.5141888323744181
ARE&M,2026-08-12,978.8699999999999,973.0,False,1.1606130285306067,0.06712114989491344,-10.994309765341658,-0.5996710492710888
ASHOKLEY,2026-08-13,179.89499999999998,177.94000244140625,False,,0.16457534560850862,-5.861749296247454,-1.0867436885926396
ATHERENERG,2026-06-30,1103.4899999999998,1093.949951171875,False,2.4557271678361503,0.359685597675916,8.745888046108274,-0.8645342348480578
ATHERENERG,2026-07-01,1153.1370245361327,1147.0,False,0.824292423319792,0.015019165294164135,4.063955494163296,-0.5322025401622521
ATHERENERG,2026-07-08,1182.0809509277342,1171.5999755859375,True,7.978780034477531,0.14534025345690613,9.67100209140559,-0.8866546181605317
ATHERENERG,2026-07-09,1220.07,1211.0,True,,0.04669241588953539,6.2562004158829065,-0.7433999688542414
ATHERENERG,2026-07-13,1249.1145245361326,1239.300048828125,True,2.134964733277544,0.17385386147970874,3.785521579415607,-0.7857146414699145
ATHERENERG,2026-07-16,1325.4945245361328,1309.0999755859375,True,,0.27833985081350654,9.423313153378832,-1.236862819628215
ATHERENERG,2026-08-10,1515.5399999999997,1504.199951171875,True,2.0137447200655076,0.10657492900250284,6.648458557882031,-0.7482513710047045
ATHERENERG,2026-08-11,1527.6,1516.5,True,4.836266360099045,0.14030095710693583,5.806497042951375,-0.7266300078554555
ATHERENERG,2026-08-12,1542.4740490722654,1530.9000244140625,False,1.2635799318327763,0.13335929672828745,4.786206925183789,-0.7503545790714772
ATHERENERG,2026-08-28,1548.705,1534.699951171875,False,,0.003304879632600762,1.21359458386201,-0.9043070712708268
ATHERENERG,2026-09-01,1726.2884509277342,1716.199951171875,False,1.1864442501908943,0.11863233042059002,-9.1982571535133,-0.5844040577597243
AUBANK,2026-07-06,1084.5959509277343,1078.5999755859375,True,1.8301777991350312,0.05289068206723977,-1.1521318451454765,-0.5528303269681234
AUBANK,2026-08-21,1106.6054754638672,1100.5,True,0.8000823416914576,0.06286789055272823,1.9875647292320497,-0.55173009706172
AUROPHARMA,2026-08-13,1680.2595245361326,1670.800048828125,False,0.9083432781611581,0.031218922125240346,2.1865952805124156,-0.5629770621665808
AXISBANK,2026-06-24,1384.8899999999999,1377.4000244140625,False,1.0393160801837027,0.05764578865613226,-5.241568006980691,-0.540835415515839
AXISBANK,2026-06-25,1393.030475463867,1385.4000244140625,True,0.9240000642615015,0.08160249289429893,-6.13270860779137,-0.547759089567923
BAJAJ-AUTO,2026-07-28,11387.654999999999,11316.0,False,0.5403580753450206,0.07531127468641753,4.112743141586228,-0.6292340257937123
BAJAJ-AUTO,2026-07-29,11467.552499999998,11364.5,True,8.155468832401645,0.2633539806460702,3.3873618629607583,-0.8986442399108063
BAJAJ-AUTO,2026-07-31,11589.659999999998,11524.0,True,2.965250965250965,0.18585532445307318,0.9520555391616448,-0.5665394843334282
BAJAJFINSV,2026-08-05,2115.5249999999996,2103.10009765625,False,1.1579977220291464,0.16547643810081658,-4.988123515439414,-0.587320043192574
BAJFINANCE,2026-06-25,998.8695245361326,993.2999877929688,False,1.2876376445115894,0.025561091087157806,0.5887130720699796,-0.5575840093580142
BAJFINANCE,2026-06-30,1010.6279754638672,1002.8499755859376,False,2.9440804316157227,0.27357323099644754,4.519177627484017,-0.7696204802127626
BAJFINANCE,2026-07-03,1030.8284509277344,1021.7000122070312,False,,0.723289826506631,2.4709832055437086,-0.8855439246450381
BAJFINANCE,2026-07-21,1073.0384509277342,1066.5999755859375,True,0.8061892494821267,0.06791414135604433,6.3521955047565415,-0.6000227984589102
BAJFINANCE,2026-08-03,1157.2575,1151.199951171875,False,1.1904157776368145,0.059814792723019226,-6.935146240141021,-0.5234400147006935
BALRAMCHIN,2026-08-20,672.7470245361327,667.0,True,1.695275034025129,0.24200616132901484,4.816520727129503,-0.854262349223367
BANDHANBNK,2026-06-15,212.46705368041987,211.17999267578125,True,1.416774193548387,0.09208661365925443,-2.3895725021009784,-0.6057696863319473
BELRISE,2026-06-15,237.68249999999998,236.17999267578125,True,1.0420843246616482,0.05699928980872849,-2.9209110922494896,-0.6321489063009333
BELRISE,2026-06-17,243.20999999999998,241.30999755859375,True,1.4049977510120446,0.1271419780664201,-7.183090541851033,-0.7812188813807963
BELRISE,2026-06-25,250.83794631958008,248.8500061035156,True,0.6434923782960664,0.2808904272517658,-7.94454864180778,-0.7925197304604614
BEML,2026-09-03,2058.0390490722652,2046.199951171875,True,,0.20661385079719854,-3.2136914354476076,-0.5752610916555323
BEML,2026-09-04,2100.45,2072.300048828125,True,,0.37559463926121034,-5.167939040964431,-1.3401866824668485
BHARATFORG,2026-06-19,2059.345598144531,2042.300048828125,True,2.1109133198945575,0.23872837459349555,5.416978301249165,-0.827716791769384
BHARATFORG,2026-07-20,2207.683450927734,2186.0,False,3.69924065162686,0.30735782868594497,2.60528746636981,-0.9821811600128738
BHARATFORG,2026-08-07,2243.6625,2231.199951171875,True,1.2575376884422111,0.11102736629606114,-10.637183622759661,-0.5554555922793636
BIOCON,2026-08-06,442.1497622680664,439.5,True,1.3033192960517845,0.056668307062552305,-5.37143076810771,-0.5992906689521016
BOSCHLTD,2026-06-15,39647.24999999999,39420.0,False,1.974384236453202,0.12514070853791595,0.9779997351645031,-0.5731797287327423
BOSCHLTD,2026-06-22,40702.49999999999,40405.0,True,,0.2007965871056758,1.9961918801056688,-0.7309133345617447
BOSCHLTD,2026-06-25,40993.95,40780.0,True,0.7992164544564153,0.06317288799299202,1.2710412146182515,-0.5219062812927167
BOSCHLTD,2026-08-13,46968.674999999996,46725.0,False,2.33492252681764,0.041212855376903994,3.7499993346629568,-0.5188032236378759
BOSCHLTD,2026-08-17,47551.575,47210.0,True,4.9443339960238575,0.1370135097994434,5.1489882301479994,-0.718325313094248
CARTRADE,2026-07-08,2884.35,2866.199951171875,True,1.7469080684689478,0.11896627360300324,3.2641669700279152,-0.6292595845901139
CARTRADE,2026-08-27,3190.8749999999995,3174.0,True,6.183587007688686,0.09124675183762118,-0.34395260410544637,-0.5288518039722523
CDSL,2026-07-13,1450.215,1441.0,True,3.502238244265737,0.14689849926330117,-8.827315179344097,-0.6354230234827174
CEMPRO,2026-06-22,1263.6870245361326,1249.800048828125,True,,0.18301137654590097,2.770696062863731,-1.0989252432266783
CGCL,2026-07-07,245.52150306701657,243.25,True,1.0492850670393636,0.41864433128329903,2.8993372204506374,-0.925174796765782
CGCL,2026-07-09,248.18474693298336,246.8300018310547,False,0.38833489018109973,0.14292974457370988,-8.044308104748776,-0.5458615481693907
CGCL,2026-07-10,257.38050613403317,254.44000244140625,False,1.1000172607745922,0.30102142197080767,-9.713440083998215,-1.1424733507578222
CGCL,2026-09-04,274.11375,272.54998779296875,False,0.9898280007397817,0.046792168123260376,-6.370988724029935,-0.5704793017611287
CGCL,2026-09-07,286.22398773193356,283.29998779296875,True,,0.1968197657069515,-10.33246516820493,-1.021577528192119
CHENNPETRO,2026-06-10,1244.1899999999998,1235.5,True,0.43888751688008704,0.04747615804814841,-2.6997503929514277,-0.6984463787685025
CHENNPETRO,2026-07-23,1321.5749999999998,1307.5,False,,0.047676542280782545,0.29699411686814337,-1.065017119724554
CHENNPETRO,2026-08-11,1357.7549999999999,1342.699951171875,True,0.7578700609636826,0.11866031417311128,2.1539232041126732,-1.1088192514941864
CHENNPETRO,2026-08-19,1461.7724999999998,1450.0999755859375,False,1.024816999269053,0.1987233991703605,9.757162924741202,-0.7985185392434424
CHENNPETRO,2026-09-10,1627.0949999999998,1596.9000244140625,True,1.3758047185237094,0.4817628500102667,-10.515366343083832,-1.8557598410625875
CHENNPETRO,2026-09-11,1671.6165490722653,1624.5999755859375,True,,0.5789865040339757,-12.898684760684553,-2.812641063671073
CHOICEIN,2026-07-09,810.1304754638671,804.0,True,3.020663190002952,0.4403067097024658,-1.410941027775925,-0.756726928505802
CHOICEIN,2026-07-10,841.185,836.7000122070312,True,1.678183292781833,0.10006201580471905,-2.167773770688819,-0.5331749606767522
CHOLAFIN,2026-06-25,1812.0149999999999,1801.199951171875,True,,0.06730302218289197,2.1238786654635966,-0.5968520585163395
CHOLAFIN,2026-07-07,1867.0890490722654,1851.699951171875,True,0.4494986769391392,0.16157723448886796,-6.110530674953873,-0.8242294553672758
COCHINSHIP,2026-08-26,1544.5845245361327,1536.800048828125,False,2.558408925295877,0.07155976181492939,-14.216413608188772,-0.5039850901228937
COCHINSHIP,2026-08-27,1562.7749999999999,1553.0,True,0.8211789099526066,0.059027650266838476,-0.43352369982881944,-0.6254899137751679
COFORGE,2026-06-25,1512.5249999999999,1501.800048828125,True,1.3848495216073051,0.11984663898362928,0.24296796230640627,-0.7090759605212993
COFORGE,2026-07-13,1531.217975463867,1518.0,True,0.48259430864714675,0.17974207548484156,10.10842525468938,-0.8632327778063664
COFORGE,2026-08-05,1783.6740490722655,1773.0999755859375,False,1.2554510808446833,0.12088568810232314,5.512551521331854,-0.5928254375752062
COFORGE,2026-08-06,1796.9399999999998,1785.300048828125,True,,0.12981862682282527,4.733602680111759,-0.6477651547561303
COFORGE,2026-08-11,1831.712975463867,1822.5,True,0.7065376030219781,0.041290194645699774,2.745355042505948,-0.5029704755754039
COFORGE,2026-08-26,1910.3040490722653,1899.0,True,1.3092417653821162,0.09311451646437235,5.459650601919797,-0.5917408319243811
CONCOR,2026-07-27,502.49999999999994,499.3999938964844,False,0.9789745379780903,0.20317665453961772,6.199009833644298,-0.616916637515541
CONCOR,2026-07-28,517.8764877319336,514.5499877929688,False,1.074515635016739,0.16206954648627547,3.045810546682648,-0.6423346140956188
CONCOR,2026-08-13,534.3585122680663,531.4000244140625,False,0.5030926704040548,0.11714627102642167,-4.773668909339667,-0.5536522364819496
CONCOR,2026-08-14,538.1774999999999,534.75,True,1.5637746080396087,0.04822501413778747,-5.60735073465537,-0.6368716640885008
CPPLUS,2026-06-22,3672.2699999999995,3635.0,True,,0.34844708282711284,1.1363543530296116,-1.0149035882437762
CPPLUS,2026-06-30,3758.7,3738.60009765625,True,,0.16797004166891477,-7.116823604653866,-0.5347567601497794
CYIENT,2026-08-31,1120.0725,1113.0,False,1.6178324762785894,0.1388340032336723,-5.85430853806338,-0.6314323403172506
CYIENT,2026-09-01,1197.9599999999998,1164.199951171875,True,,0.9148961654074005,-11.975358108784917,-2.8181282203182723
DATAPATTNS,2026-06-18,4818.673696289062,4764.7001953125,True,2.658441475420316,0.17986173369392963,-11.095868489722028,-1.1200903895635772
DATAPATTNS,2026-06-19,4908.419999999999,4871.7998046875,False,1.2278267716535434,0.0021367299080162342,-11.519389131329415,-0.746068904301167
DATAPATTNS,2026-08-21,4942.589999999999,4915.5,True,0.7798083615953083,0.16961446216836001,-0.20819439428516606,-0.5480932061935007
DELHIVERY,2026-07-02,512.55,509.2999877929687,False,0.5071565100371292,0.05462886104835425,-9.189344999115923,-0.6340868611903749
DEVYANI,2026-08-20,145.725,144.8800048828125,True,,0.08826012563580701,-6.728428087874205,-0.5798559733659281
DEVYANI,2026-08-21,148.73999999999998,147.41000366210938,True,2.599246486469586,0.16817707903293697,-7.240822091768761,-0.8941752977616013
DEVYANI,2026-08-26,151.00124999999997,149.80999755859375,False,4.5024888411114485,0.3495446506962258,-9.477568933100699,-0.7889023709447551
DIVISLAB,2026-07-16,7366.65,7327.5,False,0.6617014857832415,0.03330780808369144,0.26945762320729205,-0.5314491661745802
DIVISLAB,2026-07-20,7426.949999999999,7388.0,True,0.6146501990736979,0.07589755382621273,-0.5446381085102092,-0.5244413924962332
DIVISLAB,2026-07-30,7857.592499999999,7798.0,True,1.97054698457223,0.12039692902724103,9.174661322790678,-0.7584065984587385
DIVISLAB,2026-08-12,8627.925,8575.0,True,1.5158534819748082,0.12854912091741125,-0.4627416209575186,-0.6134151606556504
DIVISLAB,2026-08-27,9088.214999999998,9040.0,False,0.7324513563914008,0.03448042234237597,5.3562223164835165,-0.5305222202599547
DIXON,2026-06-15,12003.72,11938.0,True,0.5254968417809274,0.03640110238586638,6.908525023909262,-0.547496942614456
DIXON,2026-06-16,12135.374999999998,12063.0,True,0.6574960697441761,0.035611444832443856,9.629904308684335,-0.5963968975000622
DIXON,2026-07-06,12713.249999999998,12645.0,False,0.5745688464422432,0.1570360312835549,14.10929542013255,-0.5368414842781943
DIXON,2026-07-07,13416.749999999998,13348.0,True,0.7606022733030452,0.02056713869625124,8.126036484245457,-0.5124191775206177
DIXON,2026-07-10,13667.999999999998,13522.0,True,1.2352638064299317,0.22584360308622028,-0.12437810945272743,-1.068188469417608
DLF,2026-07-02,653.9032745361327,649.5,False,,0.19002450523568482,4.870250188983816,-0.6733831604156304
DLF,2026-07-06,681.3899999999999,674.4500122070312,True,0.3922493057357036,0.2329161975810367,0.6398685040872598,-1.0185044971262602
DLF,2026-07-10,687.6210122680664,684.0499877929688,False,2.0711942573760687,0.04285049174747252,-4.118696777703579,-0.5193303304270591
DLF,2026-08-24,687.8722622680664,683.8499755859375,True,3.677234424644288,0.19373365457393474,0.4619644807925205,-0.5847432587071544
EICHERMOT,2026-07-28,7886.234999999999,7840.5,True,1.2900307500334238,0.04099403931817971,2.076592949614131,-0.5799345314969506
EICHERMOT,2026-08-11,8107.837499999999,8066.0,True,2.2061781238718994,0.061677561614068364,-1.700052572587929,-0.5160130552690378
EMMVEE,2026-06-12,345.2175,342.6499938964844,False,2.413813897071565,0.045127113189518266,3.9779304951317096,-0.7437357907741027
EMMVEE,2026-06-15,347.72999999999996,342.04998779296875,True,,0.4310509926549783,0.8972496199682656,-1.6334547513965458
EMMVEE,2026-07-01,347.1772622680664,345.3500061035156,False,0.964463305898491,0.0037061283423809473,-5.552572263991595,-0.5263179254924477
ENRIN,2026-06-19,3827.0399999999995,3800.0,True,0.3655117445731164,0.05691087215777455,-7.842617209547054,-0.7065512772272964
ENRIN,2026-06-22,3864.2249999999995,3835.89990234375,True,,0.13099364007054,-11.902126588691765,-0.7330084986316598
ETERNAL,2026-07-02,282.00300613403317,280.54998779296875,False,0.8393803519268165,0.22826611720346898,2.623017344338341,-0.5152492382913931
ETERNAL,2026-07-03,287.3797622680664,285.54998779296875,False,1.8001281532068814,0.07142142922758568,0.7029832624517063,-0.6367095792190192
ETERNAL,2026-07-07,289.23898773193355,285.75,True,,0.29445195080417824,1.9226315596807098,-1.2062646738229987
ETERNAL,2026-07-08,292.455,290.04998779296875,True,0.8873476595405464,0.20376657659073072,0.8018285866094876,-0.8223529113987604
ETERNAL,2026-07-09,298.03273773193354,296.29998779296875,True,0.42960500908480875,0.10887896854478937,-1.084696253024553,-0.5813958399843
ETERNAL,2026-07-28,300.49499999999995,298.8999938964844,False,1.7432078203807568,0.11902544066317024,5.126539175854661,-0.5307928928985794
ETERNAL,2026-07-29,311.54999999999995,309.25,False,1.2884149117957904,0.30201541280953753,2.712245225485499,-0.7382442625581631
ETERNAL,2026-08-06,317.93175613403315,316.25,False,2.3991228729943614,0.1174950867538829,3.15107122195577,-0.5289676484296124
ETERNAL,2026-08-14,321.29851226806636,319.3999938964844,True,0.9035190316397239,0.05796097981649581,2.0701931957330055,-0.5908892506785168
ETERNAL,2026-08-21,330.1425,327.79998779296875,True,0.5887811163188708,0.08621929526170696,-2.012009965393724,-0.709545789176258
EXIDEIND,2026-07-09,427.37624999999997,425.1000061035156,False,1.3790302515842932,0.07686311236224574,1.830649739434831,-0.5326088888852221
EXIDEIND,2026-07-17,433.155,430.8999938964844,False,2.0320940789731146,0.3181465295913951,4.512244394508058,-0.5206002709227886
EXIDEIND,2026-07-20,438.73273773193347,436.2999877929687,True,5.235945628461152,0.07341260447540396,3.1835496360045568,-0.5544947367139952
EXIDEIND,2026-07-21,445.46624999999995,442.4500122070313,False,1.0865205464061345,0.09879916650263175,1.6238631337461173,-0.6770968155205059
EXIDEIND,2026-07-22,452.24999999999994,448.7999877929687,True,0.3005757674348478,0.12096375059894586,0.09950518673993436,-0.7628551038211695
EXIDEIND,2026-07-30,455.0639877319335,452.0,True,0.8028729781523106,0.27452791618977473,7.677164796579428,-0.6733092080532632
EXIDEIND,2026-08-11,495.76648773193347,489.7999877929687,True,2.0282572009862423,0.2634087879301586,-12.004943699243075,-1.2034899668714405
FEDERALBNK,2026-06-12,318.2835122680664,316.29998779296875,True,1.6679141093233676,0.12485424764513041,3.6968536136400054,-0.6231942273613789
FEDERALBNK,2026-06-24,326.52449386596675,324.8500061035156,False,1.570253157327627,0.045232376713546366,1.079702746112865,-0.51282148626145
FEDERALBNK,2026-07-03,334.0117561340332,332.25,True,0.85813422099354,0.008314987267525106,4.487340218034808,-0.5274533311115603
FEDERALBNK,2026-07-21,353.9610122680664,351.8500061035156,True,1.299002230189996,0.050896981948732704,5.011568880227579,-0.596395108891834
FINCABLES,2026-09-11,1436.1449999999998,1425.0999755859375,True,1.2946069511766234,0.13793123758927525,-5.121002713100853,-0.7690744607307898
FIVESTAR,2026-07-06,561.7447622680663,557.0499877929688,False,0.528640410096803,0.10366592944760959,1.5585793264158099,-0.8357486870268716
FLUOROCHEM,2026-08-13,4718.474999999999,4689.89990234375,True,0.8193842073192588,0.030179779902655194,-0.5059876833881649,-0.6056002767048541
FSL,2026-07-31,303.51,301.80999755859375,True,0.9888479312567978,0.08374504150840997,-9.558169417811602,-0.5601141449725677
FSL,2026-08-04,332.6047622680664,329.5,True,1.6479790998982333,0.12231499730524421,-17.199022642218576,-0.933468975878371
FSL,2026-08-05,335.41875,333.70001220703125,True,1.0924569254963803,0.057079679942480685,-19.488702467298335,-0.5124155381798889
GABRIEL,2026-08-04,1549.7099999999998,1541.699951171875,False,2.050178359096314,0.06476030251391222,-13.145040039749368,-0.5168740492172641
GABRIEL,2026-08-05,1592.7240490722654,1581.5999755859375,True,1.0097546472611953,0.16666757399294374,-15.704168818950205,-0.6984306850146171
GAIL,2026-06-16,178.0960567474365,177.0,True,0.4587349344481187,0.04184797894206147,-2.2943024765535003,-0.6154301040987464
GLAND,2026-06-11,2368.2825,2340.39990234375,True,2.053219109686235,0.3348649985204706,0.19919498624003662,-1.177334108420336
GLAND,2026-08-10,2647.471549072265,2627.10009765625,True,3.483402489626556,0.3910673683807752,9.002117504884065,-0.7694681902494338
GLAND,2026-08-14,3003.341901855468,2985.199951171875,True,0.693560101682605,0.16473374404343827,-2.3621020126909364,-0.6040587877252701
GLAND,2026-09-04,2962.74,2941.89990234375,True,0.7851162790697674,0.07847141047027449,2.1419345326243677,-0.7034062272170294
GLENMARK,2026-08-24,2360.343098144531,2341.199951171875,True,4.173328411727484,0.2750050221353965,6.552305975222206,-0.8110323871010183
GLENMARK,2026-08-25,2406.975,2384.10009765625,True,1.5539723983588214,0.2987742168770426,4.487998421254891,-0.9503589502902976
GLENMARK,2026-08-26,2433.1049999999996,2414.39990234375,True,0.7527090161076633,0.13163050847850313,3.365863783108436,-0.7687747818630797
GLENMARK,2026-08-27,2469.7875,2456.0,False,0.8151978534399666,0.10372862353247854,-2.4207548220241626,-0.558246407838725
GMRAIRPORT,2026-06-16,108.51990337371825,107.91999816894533,True,2.378368646624444,0.1139019255952859,5.952917190654139,-0.552806615305379
GMRAIRPORT,2026-06-18,111.0525,110.4000015258789,True,0.9918409182977127,0.08549510482496937,3.5366185875451706,-0.5875585638514091
GODREJPROP,2026-07-02,1980.8549999999998,1967.0,True,,0.1287086341392825,3.3089259140150373,-0.6994454414886442
GODREJPROP,2026-07-08,2072.1090490722654,2061.699951171875,False,0.6086309949380845,0.056497601117710995,2.938597799908127,-0.502343151536877
GODREJPROP,2026-07-13,2148.6899999999996,2133.0,False,,0.15060548804991047,-2.7453959774618286,-0.730212361950755
GRANULES,2026-07-07,869.3249999999999,864.0,True,4.10652085506657,0.17770344200629307,-4.115263245280099,-0.6125442153394833
GRANULES,2026-07-09,883.4954754638671,878.3499755859375,False,1.6759420872207642,0.06566746611873253,-5.607891000327159,-0.5824025160092727
GRANULES,2026-07-13,906.3089877319335,900.0,True,1.3517993803458412,0.13699608076280964,-6.963295783134004,-0.6961188532094265
GRAPHITE,2026-08-05,721.5899999999999,713.4500122070312,False,,0.08943146105710129,-4.502560236985332,-1.128062721624279
GROWW,2026-07-02,208.04504447937006,206.88999938964844,True,,0.05149284043099423,3.9822901681785483,-0.5551899073645838
GVT&D,2026-06-18,5201.879999999999,5152.0,False,0.24287398459327209,0.13275631815019975,-5.885945171505291,-0.9588840957499789
HAL,2026-08-03,4692.344999999999,4662.0,False,1.6929297117976363,0.1268575855904708,4.8516253600279,-0.646691579583325
HAL,2026-08-12,4999.874999999999,4968.10009765625,False,1.0515938773555968,0.33659018544267694,-4.3976099402484925,-0.6355139347233529
HAVELLS,2026-08-04,1293.7365490722655,1287.0999755859375,True,1.5551543860662604,0.10678182571366818,0.3295455269306524,-0.5129771970256991
HAVELLS,2026-08-17,1309.9170245361327,1303.199951171875,False,1.6422720413882304,0.1419867883915328,-12.20817971983854,-0.5127861718291937
HCLTECH,2026-07-24,1255.0440490722656,1243.0,True,3.2325587347085016,0.19285715405664144,5.064039510059648,-0.9596515023650887
HCLTECH,2026-07-29,1348.7099999999998,1334.800048828125,True,,0.22392402618459448,-1.7728015045395118,-1.0313522678614961
HCLTECH,2026-07-30,1359.4634509277341,1350.199951171875,True,1.702443118932129,0.12432198414149644,-3.020561272585065,-0.681408518157478
HDFCBANK,2026-07-07,835.6574999999999,830.4000244140625,True,1.4914435743935723,0.09119860250142228,-11.99743622069298,-0.6291423921806927
HEG,2026-07-23,619.0799999999999,614.0499877929688,True,1.1495742627777008,0.20955790136442928,8.653166701244208,-0.8124979335515925
HEG,2026-07-30,679.2795245361327,674.0,True,0.5681577717083733,0.08300240923336183,3.1975754721445204,-0.7772241537440716
HEG,2026-08-05,687.3195245361327,681.7000122070312,False,,0.14586397873518928,1.9904098422200533,-0.8175982390277614
HEG,2026-09-01,752.7449999999999,748.4000244140625,True,0.7481647489910814,0.12261714065833074,0.0,-0.5772174622132864
HEROMOTOCO,2026-07-31,5380.36809814453,5340.60009765625,True,,0.173650910224564,6.5912200687118006,-0.7391315940259657
HEROMOTOCO,2026-08-07,5783.775,5713.5,True,1.2143180813137737,0.5401231905155788,-3.1774230498247236,-1.2150368919952692
HFCL,2026-06-22,210.6580506134033,205.5,False,7.0725481967576,0.769025266614701,2.0611362224010055,-2.4485418897515987
HFCL,2026-07-07,226.32599693298337,221.66000366210935,True,,0.6211749764402774,-16.761661522502003,-2.061624971989262
HFCL,2026-08-25,240.60705368041988,238.1499938964844,True,,0.39728669068641,2.1748916240923233,-1.0211919170079686
HFCL,2026-08-28,248.67720245361326,247.3500061035156,False,0.7832717143270818,0.015479649987344675,-14.382982613042595,-0.5337024612641073
HFCL,2026-08-31,256.3755061340332,254.77000427246097,True,,0.05903895669484583,-16.95384365197511,-0.6262305965893833
HINDCOPPER,2026-08-21,579.5835122680663,576.5499877929688,False,0.3836864422827831,0.14234669841907735,-11.229358822402835,-0.5233973035614126
HINDCOPPER,2026-08-24,584.4074999999999,580.25,True,,0.17816768943503003,-15.79505634278895,-0.7114042855370428
HONASA,2026-06-11,427.02449386596675,419.1000061035156,True,,1.0713677970045574,4.549040774031532,-1.8557454844588928
HONASA,2026-07-01,467.02351226806644,464.3999938964844,False,1.4041330125451108,0.07519518867163483,-2.2211983120943524,-0.5617529530453691
HONASA,2026-07-06,475.7167561340332,472.7999877929687,True,0.755601964956524,0.20107490350400967,-4.827821563544488,-0.6131313020730889
HSCL,2026-06-10,701.4899999999999,695.0499877929688,True,1.898104175212609,0.08173409989007148,-7.974456115843587,-0.918047613940487
HSCL,2026-06-17,710.9872622680663,703.0,True,0.7664557362026196,0.15133462147091337,-9.864774012742394,-1.1234044112951813
HSCL,2026-06-18,716.0624999999999,712.4000244140625,False,0.08523599809170497,0.04454362140190078,-9.2188198944968,-0.511474289735514
HSCL,2026-08-14,788.2717254638671,782.5499877929688,True,0.7081217030589081,0.0684270720097,-16.982938335258236,-0.7258585442134646
HYUNDAI,2026-08-13,2262.7574999999997,2245.0,True,1.6617180385772234,0.1533753362630055,-4.894802028056466,-0.7847725617968204
ICICIBANK,2026-06-24,1375.945475463867,1368.9000244140625,False,0.8149365438030849,0.07382459521239285,3.703238962504485,-0.5120443488089044
ICICIBANK,2026-07-06,1427.1,1418.300048828125,False,0.7437225377602482,0.1551127067189887,1.2052448201334887,-0.6166317126953147
ICICIBANK,2026-07-17,1440.1649999999997,1431.300048828125,False,1.2192546629033667,0.07964608039893632,-1.3307502959730155,-0.6155510772636985
ICICIBANK,2026-07-20,1462.3754754638671,1454.4000244140625,True,1.3621984826319191,0.08774897030658205,-2.0908054838681966,-0.5453764223770752
IDBI,2026-07-14,86.78174846649169,86.27999877929688,True,0.4294489293689346,0.1274738643514468,-2.5716760196363264,-0.5781742083573627
IDEA,2026-09-09,15.758400306701656,15.649999618530272,True,1.5042298815558677,0.06059560385483421,-9.508579859991173,-0.6878914487613574
IDFCFIRSTB,2026-06-15,77.77694938659667,77.30000305175781,False,1.1416481866801402,0.10345235140870661,3.7453938188421576,-0.6132232475050681
IFCI,2026-06-17,91.94744785308835,91.36000061035156,False,0.5062168185644219,0.041493226873361926,-19.628001373181412,-0.6388945603747476
IFCI,2026-08-25,84.61095245361327,84.08000183105469,True,0.5710550595175239,0.08049752110449224,16.20244997091451,-0.6275199689421584
IFCI,2026-08-26,85.66619785308836,85.19999694824219,False,2.797187543782084,0.10979397693631916,14.771055747607997,-0.5442063690578092
IFCI,2026-08-27,87.58575153350829,86.87000274658203,False,,0.2662130456700987,12.255701382215411,-0.8171977455173507
IFCI,2026-09-03,99.98744785308836,99.0199966430664,True,1.3037298757385143,0.20772916171598638,-24.930579617474113,-0.9675726611638513
IFCI,2026-09-04,102.16830368041991,101.36000061035156,True,1.7184203997290823,0.0742122505334879,-26.532990316272954,-0.7911485665815676
IIFL,2026-06-16,537.5745245361328,534.5999755859375,False,1.1890948130957673,0.08701504029642712,-2.4321324652455734,-0.5533277367937073
IIFL,2026-07-16,563.7547622680663,560.8499755859375,True,0.6464360842657236,0.11016740849612858,1.4270789469760459,-0.5152571430957709
IIFL,2026-07-21,577.3222622680663,573.9000244140625,False,14.254745845212431,0.06285106850807277,7.262449496961465,-0.5927777391710465
IIFL,2026-07-22,580.5885122680663,575.1500244140625,True,0.9757744007140751,0.3261227111616505,7.77857067056158,-0.9367198521993525
IIFL,2026-07-28,590.6385122680664,586.5,True,1.0481121735515326,0.059448605207934435,5.36901381457473,-0.7006844596324058
IIFL,2026-07-29,597.3720245361327,591.7000122070312,True,1.5169836123039173,0.1471030243606179,5.604204695692072,-0.949494133660822
IIFL,2026-07-30,605.3114877319335,602.0,False,1.2936074646418736,0.20551233235728825,5.1855160708594195,-0.5470716811176835
IIFL,2026-07-31,622.5975,616.2000122070312,True,3.6163922274580402,0.2590411745522223,9.187715625740346,-1.0275479411608224
IIFL,2026-08-13,633.4012499999999,630.2000122070312,False,1.0894777389015504,0.04250120073805194,7.325330948268394,-0.5054044009178416
IIFL,2026-08-14,641.0895245361328,637.4500122070312,True,1.2201000991548232,0.1721273945870902,6.038230508421627,-0.567707346604196
IIFL,2026-08-20,644.8582745361327,640.0999755859375,True,0.6389509172905994,0.0746112189755678,-2.614260404467861,-0.7378829020404543
INDHOTEL,2026-06-22,732.5445245361327,728.5999755859375,False,0.7231306699723897,0.14232120020535916,2.6968276459844898,-0.5384722454506052
INDHOTEL,2026-07-06,743.6999999999999,739.0499877929688,False,0.4755498226378588,0.1154598847666007,1.1563786194660253,-0.6252537591812768
INDHOTEL,2026-07-07,749.2275,744.1500244140625,False,,0.14668180867095013,0.4100874291145029,-0.6776947704051794
INDIGO,2026-06-12,4657.069401855469,4630.7998046875,False,0.7250881857020203,0.14680821313854078,7.617030630694477,-0.5640800018462788
INDUSINDBK,2026-07-03,955.3027377319335,950.5,True,0.791686805219913,0.15857757351768287,11.320726840656103,-0.5027451029121943
INDUSINDBK,2026-07-06,983.2920245361325,978.25,True,,0.08460390869561324,8.151996012939989,-0.5127697988307256
INDUSINDBK,2026-07-22,1074.1440490722655,1068.550048828125,True,0.5634379942592701,0.053363796235820674,-5.273412734650329,-0.5207867835763769
INFY,2026-08-10,1193.6384509277343,1184.300048828125,True,3.4256500236795726,0.10985712685017873,-5.0131094598285575,-0.782347627319746
IPCALAB,2026-08-25,1954.825475463867,1943.0,True,0.8933333333333333,0.11965039373973127,-1.1471843052630049,-0.6049376587473065
IPCALAB,2026-08-26,1968.392975463867,1952.0999755859375,False,2.899369572974902,0.3027539005676472,-0.8988563011825712,-0.8277310517271097
JINDALSTEL,2026-08-20,1132.1325,1125.699951171875,True,5.749813181886116,0.10079171782232478,1.4898874469198686,-0.5681798577573671
JSWCEMENT,2026-06-15,131.54444938659665,130.7899932861328,True,0.9087352086459382,0.03004757290740714,3.7444011184620596,-0.5735370089592795
JSWCEMENT,2026-06-17,132.28815490722656,131.61000061035156,False,0.13750310048835235,0.08904971113025509,1.6190699538116249,-0.5126341790393729
JSWINFRA,2026-06-23,314.41425613403317,312.3500061035156,False,1.082934826711471,0.28072594390398736,11.699773580659944,-0.6565383058322771
JSWSTEEL,2026-08-27,1347.705,1336.800048828125,True,,0.3302676899183102,-7.331350376079149,-0.809149715395796
JUBLFOOD,2026-08-10,497.77648773193346,494.5,True,1.3477607131350016,0.06375144434104157,-0.3568846210530885,-0.6582246877232856
JUBLFOOD,2026-08-13,500.43976226806643,492.7999877929687,True,0.6807324390005074,0.35846576207303626,-3.5048710542282313,-1.5266122021306172
JUBLFOOD,2026-08-14,507.17324386596675,504.1499938964844,False,2.0772399019814674,0.12637809796717894,-4.825418524129221,-0.5960980801032467
JUBLFOOD,2026-08-26,523.6049999999999,518.7999877929688,True,,0.23409567638954581,-10.04669550519951,-0.9176788241195499
JYOTICNC,2026-06-24,772.1414877319335,768.0499877929688,False,0.5474755747967004,0.038541060237627524,1.723586245079245,-0.5298899235401722
JYOTICNC,2026-07-10,801.8392254638671,796.25,False,0.25253349441909945,0.13369875954777583,0.849397077856251,-0.6970506413718769
JYOTICNC,2026-07-15,812.9947622680663,807.4500122070312,True,0.3441165893172127,0.15863025001027847,5.572634367103602,-0.6820154714855087
JYOTICNC,2026-07-16,824.0999999999999,815.0,True,,0.12171964485776086,4.1499803170693905,-1.1042349229462345
JYOTICNC,2026-08-21,970.6792254638672,964.7999877929688,False,,0.04803511299108464,1.4753354311553668,-0.6056828575978668
JYOTICNC,2026-08-24,996.9599999999999,988.4500122070312,True,1.97617665398095,0.24779160107687043,-3.5618267325638664,-0.853593704157507
JYOTICNC,2026-08-25,1003.9949999999999,997.5999755859376,True,0.566555896921437,0.08826472108952413,-4.237569688391741,-0.6369577950151473
JYOTICNC,2026-08-28,1045.7024999999999,1039.5,False,1.1482812941794238,0.055860629621542146,-7.459338367553736,-0.5931419309028962
JYOTICNC,2026-09-08,1053.2399999999998,1047.449951171875,True,1.883523637651583,0.18498027937555225,-8.121604552900441,-0.5497368907489975
KALYANKJIL,2026-06-30,389.18625,385.5499877929687,True,2.212437210832423,0.18789173219639474,13.827248521755342,-0.9343244287359331
KALYANKJIL,2026-07-13,485.81699386596677,482.7000122070313,False,,0.03174270913049329,18.2338270720384,-0.641595847467491
KALYANKJIL,2026-07-14,534.5595245361328,530.7999877929688,False,1.6639118056085052,0.020904435789372112,7.452958566681889,-0.7032961851023867
KALYANKJIL,2026-07-16,553.755,543.4000244140625,True,2.6356812323088117,0.31297963498193054,9.859048782573065,-1.8699561332967685
KALYANKJIL,2026-07-17,558.3779754638671,555.2999877929688,False,0.45708565966969045,0.0870059401560972,8.949493410902654,-0.5512372991326009
KALYANKJIL,2026-07-21,580.3874999999999,577.3499755859375,True,0.9475624081462443,0.05501307893886085,4.817897626316481,-0.5233614462858749
KARURVYSYA,2026-07-22,347.0767561340332,344.8999938964844,True,2.122559377438782,0.0822487968843696,-2.3847083375033495,-0.6271702725918593
KARURVYSYA,2026-08-03,349.63949386596676,347.0,True,5.585224185192788,0.12642485203685006,-3.286099016573585,-0.7549186840370536
KAYNES,2026-08-24,3932.866549072265,3888.300048828125,False,2.2183494653503586,0.21662114343222202,-10.879254196234955,-1.1331810954697374
KAYNES,2026-08-25,3983.3174999999997,3963.300048828125,True,0.7792879288865575,0.06953300054025334,-14.84484980170423,-0.502532152455204
KEI,2026-08-17,5866.1849999999995,5834.39990234375,False,1.2396985416462758,0.018509736384923023,-19.81159816814505,-0.5418359232831849
KFINTECH,2026-08-21,985.9552377319335,981.0,False,2.5177436179465644,0.1841160594128302,-8.71796552647387,-0.5025824238565235
KIRLOSENG,2026-07-13,2515.515,2500.0,False,0.8250000000000001,0.08275741554843571,-11.540978639687093,-0.6167723110376944
KOTAKBANK,2026-06-25,413.05499999999995,410.9500122070313,True,0.09990017865022685,0.03236021479131627,-8.692548475025264,-0.5096144080010245
KPRMILL,2026-06-24,1214.7434509277343,1195.800048828125,False,,0.44536800682677763,-6.169483938552867,-1.559457026513844
LALPATHLAB,2026-07-07,1707.092975463867,1695.800048828125,True,0.11170832793679575,0.06724600104987695,3.0523806527789743,-0.661529676359518
LALPATHLAB,2026-07-13,1726.59,1715.9000244140625,True,4.605440269209198,0.03802092920006575,1.8886910715268268,-0.6191380458555495
LAURUSLABS,2026-07-03,1538.8559509277343,1528.800048828125,True,,0.03539545824638188,4.051321386290585,-0.6534661086079474
LAURUSLABS,2026-07-21,1586.995475463867,1577.300048828125,True,2.690741298023874,0.13511277643150618,0.8950545812902222,-0.6109296961233079
LAURUSLABS,2026-07-28,1743.1725,1728.5,True,0.6794775187617466,0.24045295654534693,4.189341626940246,-0.8417124524394359
LAURUSLABS,2026-08-03,1835.732975463867,1824.199951171875,False,2.580159047169469,0.07297988718016786,-1.8920494390035292,-0.6282517362895756
LAURUSLABS,2026-08-10,1865.882975463867,1854.9000244140625,False,1.4324339909609245,0.254998069974118,3.4041282216214386,-0.5886195004847106
LAURUSLABS,2026-08-26,1878.7470245361326,1867.800048828125,True,1.1335849656323254,0.1845257667997009,3.6275772622850644,-0.5826742805200458
LAURUSLABS,2026-08-31,1948.1924999999999,1937.800048828125,True,,0.08698794478715213,-0.06634229348164711,-0.5334406724117335
LENSKART,2026-07-03,535.7152377319335,531.5,True,3.541723961005644,0.23115663213199528,4.41180989252179,-0.7868429783292386
LENSKART,2026-07-09,552.4485122680663,549.4000244140625,False,1.998178388504758,0.06444700706084845,1.2492500503870296,-0.5518139313088755
LENSKART,2026-07-27,565.8149999999999,562.5499877929688,False,0.7327811613150091,0.044795676624226,3.5939351933163,-0.5770458908002096
LENSKART,2026-08-18,630.0847622680664,626.5499877929688,True,2.9501470235237637,0.1914502842164215,10.42165144504743,-0.5609998347482215
LENSKART,2026-08-19,643.1999999999999,638.6500244140625,True,1.9950860952808165,0.2853492983105791,7.882466482285855,-0.7073967017937499
LENSKART,2026-08-24,667.1189877319335,657.75,True,,0.3456526253469478,-0.7073645638410841,-1.4043953034204804
LENSKART,2026-09-10,701.0879754638671,696.5999755859375,False,,0.11677973915257911,-3.5998335103709533,-0.6401478894228929
LGEINDIA,2026-08-17,1744.780475463867,1713.199951171875,True,,0.4282108516181986,-5.558316819768338,-1.8099998673813733
LLOYDSME,2026-07-31,2076.33,2063.39990234375,False,17.214306052717216,0.03424241047871125,0.5187083775820778,-0.6227380838426444
LLOYDSME,2026-08-10,2120.4494018554688,2108.60009765625,True,1.2678622751049031,0.022525350350989355,-15.366998428936874,-0.5588109854849699
LODHA,2026-07-02,1000.0754754638672,994.75,False,1.2991933971112362,0.15654364684327296,19.206005312859496,-0.5325073551470716
LODHA,2026-07-07,1104.1934509277341,1096.5999755859375,False,0.763732226976101,0.21710478792350554,7.965685126318034,-0.6876942926456131
LODHA,2026-07-08,1113.1379754638672,1105.699951171875,True,0.5761842715440209,0.0928199316805653,16.912732572235043,-0.6682032646395553
LODHA,2026-07-29,1322.9820245361327,1315.3499755859375,False,0.6810411004698789,0.24862665375124232,-8.539951597282414,-0.576882286278313
LTF,2026-07-01,313.55999999999995,311.0,True,,0.19760743702958336,4.286261002678926,-0.816430667176915
LTF,2026-07-07,337.98148773193356,334.70001220703125,True,1.5670715568035354,0.3298131440571195,-7.983125914083688,-0.9709039234435779
LTFOODS,2026-09-08,461.29499999999996,458.1499938964844,True,0.41478639568643716,0.08475793371735846,-9.439729457288715,-0.6817776267931785
LTM,2026-07-29,4408.53309814453,4379.10009765625,False,,0.17109830672629223,6.384593142193573,-0.6676370537099574
LTM,2026-07-30,4510.44,4473.5,True,1.878308908156219,0.19148855631196643,3.9809863339275164,-0.818988834792167
LTM,2026-08-11,4823.698696289062,4799.0,True,0.9523612689883229,0.07818825792990344,-4.119218649413659,-0.5120281726564646
LUPIN,2026-06-30,2438.6324999999997,2418.10009765625,False,3.1623324104893147,0.2833458131383564,1.5323137045044843,-0.8419637786238665
LUPIN,2026-07-03,2455.6169018554683,2443.199951171875,False,0.4944177525837337,0.18712570379145574,-3.466212575388039,-0.505655042291453
LUPIN,2026-07-06,2493.4049999999997,2480.60009765625,False,1.5336253542901312,0.12650364198578642,-3.3450241737703945,-0.5135508408682044
M&M,2026-08-05,3482.325,3461.5,True,1.6291679684554143,0.15171817581281416,0.564996087384162,-0.5980200010050729
M&MFIN,2026-07-06,337.37851226806634,329.25,True,,0.732006873748701,3.6965880700605913,-2.4093153453732086
M&MFIN,2026-07-10,342.2025,340.45001220703125,False,0.3851074787888645,0.0045816823378872894,2.2347896650420918,-0.5121201022694866
M&MFIN,2026-07-30,397.97999999999996,395.5499877929687,True,1.4098708031599736,0.114718412717105,2.6307885338537895,-0.6105865136517563
M&MFIN,2026-08-10,411.79875,409.4500122070313,False,0.9276643336460062,0.09497268844240883,-9.421774592564935,-0.5703605931219213
MAHABANK,2026-06-10,84.67124999999999,83.56999969482422,False,,0.3964433635377946,3.104658371947777,-1.3006189293009895
MANAPPURAM,2026-07-03,332.5544938659668,330.70001220703125,False,1.1171944867322487,0.061866989965141804,6.132985335415353,-0.5576474512122953
MANAPPURAM,2026-07-23,356.3730061340332,354.0,True,0.6350527995137887,0.10621629858624554,3.865889819182766,-0.6658770707062667
MANAPPURAM,2026-07-29,364.81499999999994,362.7999877929687,False,0.3645731707317073,0.019640480337530578,-6.802077765442749,-0.5523380910958275
MANAPPURAM,2026-07-30,374.01074386596673,371.0499877929687,True,0.31570701382378297,0.11410236492749644,-6.620329568618,-0.7916232679291868
MANKIND,2026-07-15,2584.8599999999997,2570.0,True,1.7691366655015728,0.07633353290409722,1.2782085816543276,-0.5748860673305156
MAPMYINDIA,2026-07-14,1224.09,1201.8499755859375,True,2.4490114776756204,0.4242332047396839,-6.8941049128842575,-1.8168618658809699
MAPMYINDIA,2026-07-29,1199.4675,1190.449951171875,True,0.7199661999034283,0.1005893772516262,-15.99605861885065,-0.7517960118239908
MAXHEALTH,2026-06-19,1101.077975463867,1095.550048828125,True,1.3301130806845964,0.15496503380114426,2.0227450388050627,-0.5020467904112924
MAXHEALTH,2026-07-06,1165.8,1157.5,True,1.8145670599966761,0.24756298105924968,-4.391836027968987,-0.7119574541087581
MCX,2026-08-25,3306.148450927734,3282.60009765625,True,,0.02583616562359799,2.83869736841158,-0.7122594045913422
MEESHO,2026-08-24,212.04495552062988,206.91000366210935,True,,0.361767910863323,2.1953087335573995,-2.421633585157823
MEESHO,2026-09-02,213.7132438659668,212.36000061035156,False,5.386685905577514,0.08592178662910802,1.3975517044458652,-0.6332051449576714
MEESHO,2026-09-03,215.01974693298337,212.75,True,,0.03564865142688534,0.781439862722233,-1.0555992951153392
MEESHO,2026-09-04,216.4769938659668,215.1199951171875,False,0.31846001206155283,0.0689120930744685,0.10301467989410895,-0.6268558725549767
MEESHO,2026-09-10,218.9493006134033,217.83999633789065,True,0.5614933137069009,0.07766406465463438,-2.598458223263722,-0.5066489239311744
MEESHO,2026-09-11,221.82360122680663,220.2100067138672,False,1.3864098979464134,0.28181465459585087,-3.8605480537730275,-0.7274223770668997
MOTHERSON,2026-08-04,155.7850444793701,154.27000427246094,True,1.9103936300257323,0.18931504692462503,8.16185890187533,-0.9725196741268705
MOTHERSON,2026-08-06,157.17194938659665,154.4199981689453,True,0.6321463947626754,0.5854926507251438,5.616810536394734,-1.750917532289653
MOTHERSON,2026-08-10,170.6490030670166,169.5,True,1.1399305825944754,0.27995068041206234,0.018159853387778035,-0.6733136709655252
MOTHERSON,2026-08-19,172.85999999999999,171.85000610351562,False,0.8491973786640828,0.09705945411231455,-5.299087730971763,-0.5842843321094304
MOTILALOFS,2026-08-26,1024.9995245361326,1017.9500122070312,True,,0.20316501860334615,-4.731663125217667,-0.6877576194283308
MPHASIS,2026-08-07,2496.4199999999996,2479.0,True,2.024165449027762,0.10940165923896387,-1.6591759399459893,-0.6977992485238671
MPHASIS,2026-08-11,2531.2934509277343,2510.800048828125,True,0.5923792779411319,0.12379897282311592,-1.0189830388207644,-0.80960198795198
MPHASIS,2026-09-01,2516.9219018554686,2504.199951171875,False,1.0445832364373278,0.03279022413400421,-8.948309064240757,-0.5054567117960596
MRPL,2026-07-22,179.79449386596679,178.72000122070312,True,2.9869368653020425,0.13699179004032383,0.7483574689916228,-0.5976226647211313
MRPL,2026-07-23,181.25175613403314,179.82000732421875,True,1.085039672930162,0.1585132975378496,-0.06165829604545259,-0.7899227242552209
NAUKRI,2026-07-29,1258.8127990722655,1247.5,False,,0.07047573453643645,0.7933864164091808,-0.8986879606406095
NAUKRI,2026-08-04,1275.2445245361328,1268.5,True,0.5260435612950164,0.042062893997497665,0.5297396172960989,-0.5288808856941385
NAUKRI,2026-08-10,1284.2895245361326,1277.0,True,1.4628326911013532,0.02662044582357916,2.2355142602472844,-0.5675919951745656
NAVINFLUOR,2026-08-31,8668.124999999998,8620.0,False,0.2361963190184049,0.006448478867836707,-5.856226115797803,-0.5551950392962524
NBCC,2026-06-15,108.26865337371825,107.69000244140624,True,0.7017092953912684,0.018546488582728365,4.212990847490916,-0.5344584182779499
NBCC,2026-06-16,109.42439723968504,108.81999969482422,True,1.1220083230049436,0.1380364793959362,-4.637355922051722,-0.5523425854811248
NBCC,2026-06-17,110.46959815979004,109.54000091552734,True,1.0539141830410128,0.10951797599461464,-14.20264004020252,-0.8414959950502121
NBCC,2026-06-18,113.7659969329834,112.4499969482422,True,,0.3435928694170408,-14.078017478647864,-1.156760385545097
NESTLEIND,2026-07-22,1488.4049999999997,1471.0999755859375,True,1.9637714797947865,0.3683088685787612,0.22809979999565133,-1.1626556222306572
NESTLEIND,2026-07-30,1523.3790490722654,1515.699951171875,False,0.8978653794044739,0.08273911222022276,-4.291712500055789,-0.50408320273716
NETWEB,2026-06-17,4989.825,4953.89990234375,True,0.26828709727788475,0.0636174703486744,-16.401879778474193,-0.7199670861453011
NETWEB,2026-06-19,5234.5425,5203.2001953125,True,1.6858589499532537,0.00970288239215464,-17.757855629216866,-0.5987591979146112
NETWEB,2026-08-13,5110.424999999999,5083.2001953125,False,0.5329407725509002,0.001486399273291442,3.122538732101554,-0.5327307354574096
NETWEB,2026-08-14,5225.999999999999,5169.5,True,1.5614090195198564,0.23670415657141447,-0.6314580941446435,-1.081132797550688
NETWEB,2026-08-18,5295.344999999999,5267.7001953125,False,1.1410073704602641,0.020931293181762102,-3.9250511534187016,-0.5220586135086469
NETWEB,2026-08-20,5423.381901855468,5384.2998046875,True,1.034134652152854,0.08776429829981927,-6.193218695156888,-0.7206222588639122
NETWEB,2026-08-21,5477.149401855469,5405.10009765625,False,,0.057810121018306786,-8.218680354108532,-1.3154525997558286
NETWEB,2026-08-24,5703.173803710937,5661.10009765625,True,1.2416882452607014,0.18004462640012092,-19.097678611902623,-0.7377244233256697
NEULANDLAB,2026-08-14,23617.499999999996,23457.0,True,1.047235371135059,0.16100343203613968,-4.054197099608325,-0.6795808193077013
NEULANDLAB,2026-08-17,23768.249999999996,23634.0,True,7.930453879941435,0.17362992853098985,-3.7792012453588097,-0.5648291312990938
NIACL,2026-09-04,204.83910736083982,203.5399932861328,False,0.594445156974397,0.06753128966482183,-9.48505583189474,-0.6342119390407741
NIACL,2026-09-07,235.56194938659667,232.8999938964844,True,,0.09536120506502456,-21.808253446264548,-1.1300447704071015
NUVAMA,2026-07-10,1964.7749999999999,1954.0,False,1.9900855011824632,0.20466552075134922,-8.193047609618143,-0.5484088508862284
NUVAMA,2026-07-24,2003.668450927734,1989.9000244140625,True,2.6385159552333604,0.3115055000706469,-17.236803920314124,-0.6871609176306803
NYKAA,2026-07-03,316.42425613403316,314.79998779296875,True,1.118452484118671,0.01293305500154468,4.3219663803806485,-0.5133197944143686
NYKAA,2026-07-06,318.4844938659668,316.79998779296875,False,0.37126589429773244,0.03817590185114856,3.647120177360086,-0.5289130571320522
NYKAA,2026-07-08,321.3989877319336,318.8999938964844,True,1.0721542577453749,0.1354496685753714,2.707232662113812,-0.777536311823579
NYKAA,2026-07-10,327.52949386596674,325.29998779296875,True,0.33670347783433613,0.08102448620594144,1.7923576778462458,-0.6807039105645729
NYKAA,2026-07-22,333.81074386596674,331.70001220703125,True,0.9784187340144059,0.1743762874381048,3.3220171112797514,-0.6323138777651227
NYKAA,2026-07-31,336.67499999999995,334.8999938964844,False,1.1119677537559545,0.08264551804946074,-0.79453478874284,-0.5272164857846873
OFSS,2026-07-01,11110.275,11022.0,True,2.1609204683084378,0.2486932242017453,4.86689123356534,-0.7945347887428511
OFSS,2026-07-02,11185.65,11123.0,False,0.42037260867753096,0.10493546558487302,4.160241023096556,-0.5600926186676625
OFSS,2026-07-06,11335.394999999999,11270.0,False,0.8503391220093911,0.12016360282575116,2.7842435133491383,-0.5769097592099648
OFSS,2026-07-10,11416.8,11338.0,False,,0.16549489103238219,-4.955854530166059,-0.6902109172447601
OFSS,2026-07-13,11743.425,11655.0,False,1.1086356668369954,0.21147900451899426,-3.50344980276196,-0.7529745368152763
OFSS,2026-08-06,11869.05,11728.0,True,,0.09920265472420298,-0.11837510162986398,-1.1883849170742367
OIL,2026-08-10,461.69699386596676,456.25,True,0.8071434323321205,0.256470599212628,4.646553977075607,-1.1797767666531622
OIL,2026-08-18,486.41999999999996,482.8500061035156,True,8.029185801501972,0.18617034821584197,-0.7339323828140953,-0.7339323828140953
OIL,2026-08-31,489.6360122680664,487.0,False,2.23053062379846,0.07062238237962012,1.7388389364948686,-0.5383615996413349
OIL,2026-09-09,503.8064877319335,499.7000122070313,True,,0.29851655867620824,-3.2168068540318284,-0.815089845982131
OLAELEC,2026-06-30,44.7225,43.75,True,2.3241117301278647,0.013163803119326604,-13.421653036607683,-2.174520655151202
OLECTRA,2026-06-22,1542.3734509277342,1525.800048828125,True,,0.10044082861996771,-9.153003746981225,-1.0745388601988926
PAGEIND,2026-06-24,40682.399999999994,40305.0,False,2.6990679094540613,0.1821896517382867,7.196232277348447,-0.9276738835466758
PAGEIND,2026-06-25,41250.225,40865.0,True,,0.2842440660991721,5.7206354632005185,-0.9338736940222692
PARADEEP,2026-08-28,166.61894325256347,165.77000427246094,True,2.705351070681919,0.09987484274208634,-11.870767230045153,-0.5095092811960189
PAYTM,2026-07-15,1404.3870245361327,1392.4000244140625,True,0.7206179088846222,0.21373874688795474,0.3996744035513533,-0.8535396520079286
PAYTM,2026-08-03,1389.3120245361326,1374.4000244140625,False,28.98384804529766,1.0020742273015641,14.020461034650666,-1.0733370084412108
PAYTM,2026-08-26,1726.59,1713.199951171875,False,,0.11195902836262668,1.442728152022199,-0.7755198876470359
PAYTM,2026-09-09,1740.9615490722654,1730.0,True,2.5435429622280834,0.162475588586528,3.821936846519791,-0.6296261441331996
PAYTM,2026-09-11,1767.6945245361326,1738.4000244140625,True,,0.049747021200627,1.2618399363838462,-1.6572150739538771
PERSISTENT,2026-07-27,5326.399401855469,5298.0,True,0.8906087318664538,0.12766494101237671,4.57345722252207,-0.5331819811630223
PERSISTENT,2026-07-29,5542.575,5514.0,False,,0.08335884632832741,-0.5877232152925238,-0.5155545933072547
PERSISTENT,2026-07-30,5616.945,5582.5,True,1.0535409798795043,0.06873548001815859,1.0157656875757315,-0.6132337062228599
PGEL,2026-07-13,597.4725,594.4000244140625,False,0.535157066048005,0.06444881092602904,3.9294716002880925,-0.5142455235910393
PGEL,2026-08-07,635.6624999999999,628.4500122070312,True,0.6349548610394655,0.30339288672783066,-7.836316349330408,-1.1346410702170795
PHOENIXLTD,2026-06-25,1931.710475463867,1920.4000244140625,True,2.601016295777116,0.07826857310409878,4.49288470702589,-0.5855148167112634
PHOENIXLTD,2026-07-06,2070.1994018554688,2045.4000244140625,True,,0.4909465250490972,-2.874092738615708,-1.197922162434173
PHOENIXLTD,2026-07-07,2128.5899999999997,2110.0,True,,0.1968994869773203,-4.951167149527369,-0.8733480848824637
PHOENIXLTD,2026-07-10,2145.373450927734,2133.60009765625,True,0.8322653599698455,0.07459900585002069,-11.749628112094134,-0.5487787343687378
PIDILITIND,2026-06-25,1607.2965490722654,1596.0,True,3.388608371478458,0.19567322104841037,-2.967503010807715,-0.7028291747895432
PINELABS,2026-08-27,171.48315490722655,169.3699951171875,False,,0.1959906720983261,17.894960748955512,-1.2322841804387585
PINELABS,2026-09-11,177.58349693298337,175.35000610351562,False,,0.30870462958239725,4.576162718515797,-1.2577130578246387
PNB,2026-08-03,113.94689723968503,113.33999633789062,False,1.2530680993490104,0.15261224170743193,4.417062894359924,-0.5326173125344558
PNB,2026-08-05,115.04235122680663,114.4499969482422,True,1.4689216831290401,0.12137315253971358,3.422784816318525,-0.5149010536098952
PNBHOUSING,2026-08-20,1181.7795245361326,1175.4000244140625,True,2.682103767511045,0.12707678944689663,-0.2351982310087486,-0.5398215140488327
POLICYBZR,2026-08-17,1763.372975463867,1754.300048828125,False,0.6308962552214379,0.08304744046476706,4.34548025870567,-0.5145211343252742
POLICYBZR,2026-08-19,1776.3374999999999,1763.5,False,0.88791793812086,0.2998341441438685,3.5839191595065767,-0.7226948707663827
PPLPHARMA,2026-07-03,176.75940490722655,175.16000366210938,True,1.3453631197129612,0.1454931986045002,2.5518299111732423,-0.9048464753299235
PPLPHARMA,2026-07-06,180.14624999999998,178.25,True,0.44167532315651165,0.1911690382094626,6.607827280200307,-1.0526169709333288
PPLPHARMA,2026-07-28,193.60319938659666,191.7400054931641,True,,0.0,8.743037019186817,-0.9623776359769964
PPLPHARMA,2026-07-29,195.4323067474365,194.3000030517578,False,2.097025247896009,0.2700894833044034,7.269879212229213,-0.5793840918748461
PPLPHARMA,2026-07-30,202.00499999999997,200.44000244140625,True,1.9581795567984133,0.17873166018121012,7.254772734392412,-0.7747320900936661
PPLPHARMA,2026-08-06,209.03999999999996,207.5800018310547,True,0.6197861181872023,0.13216040160513243,2.8272086434377286,-0.6984300463764193
PPLPHARMA,2026-08-21,219.59249999999997,218.1300048828125,True,0.6557290241554643,0.05385085482626438,-3.753540715864334,-0.6660041290970642
PPLPHARMA,2026-09-08,222.90900306701658,221.6999969482422,False,0.6272188785875327,0.1748613912215855,-9.214077344221995,-0.5423765312928652
PRESTIGE,2026-07-03,1690.9125,1678.5,True,3.302592992745794,0.08739051268151211,2.500865726161172,-0.7340711006631029
PRESTIGE,2026-07-06,1707.3945245361326,1693.4000244140625,True,1.2127407407407407,0.24010316814666716,1.5113921395966345,-0.8196406818085644
PTCIL,2026-09-01,22908.975,22655.0,True,11.297244094488189,0.20313476414079978,3.9767165488634904,-1.108626640868915
PTCIL,2026-09-04,24119.999999999996,23875.0,False,41.52571428571429,0.14928626256385727,-6.716417910447747,-1.0157545605306684
PWL,2026-06-19,116.32874999999999,114.2699966430664,True,,0.11754825747418128,27.89615531783578,-1.7697717519818412
PWL,2026-06-22,124.11749999999999,123.3000030517578,False,,0.0333896587927527,19.870283222991823,-0.6586476107254824
PWL,2026-07-08,153.43334815979003,151.7100067138672,True,1.098187551053516,0.19687732244644102,-17.52118781898386,-1.1231857132701695
RADICO,2026-06-19,3753.6749999999997,3730.199951171875,True,3.9737620832511342,0.05232826338448985,2.0280138485117893,-0.6253884214303285
RADICO,2026-06-22,3796.8899999999994,3746.300048828125,True,2.8415312232677503,0.41932621149277416,0.8667632938569536,-1.3324049728033804
RADICO,2026-06-25,3825.230950927734,3803.0,True,0.9413090370561155,0.12103224701447393,1.3507407024270002,-0.5811662410172169
RADICO,2026-07-07,4157.6849999999995,4132.7998046875,True,0.31819839723215126,0.12249890319954022,3.175209168383386,-0.5985348893073783
RADICO,2026-07-20,4182.608803710937,4153.39990234375,True,1.0764151318668205,0.26715684307857795,2.5603970303545553,-0.6983416986372615
RADICO,2026-07-29,4371.749999999999,4300.0,True,,0.27388022384490956,4.07731457654259,-1.6412191913993013
RADICO,2026-07-30,4476.2699999999995,4452.0,True,1.6012458246817731,0.12780599929284395,-0.38357611010393367,-0.5421924950907653
RADICO,2026-08-05,4516.871901855468,4477.10009765625,False,5.833686828055291,0.2607217622460578,3.5052641938327467,-0.8805165402826831
RBLBANK,2026-06-11,364.71449386596674,362.0,True,0.5405481685900653,0.1260520289422449,3.875774743063465,-0.7442791311069508
RBLBANK,2026-06-12,368.2319938659668,365.5499877929687,False,1.0376767757931953,0.21345828313695456,2.8835115944362277,-0.7283468350591793
RBLBANK,2026-06-19,377.0257438659668,375.1000061035156,True,0.19810281210395242,0.04785812909636469,0.961273888980374,-0.510770893972623
RECLTD,2026-06-18,361.79999999999995,359.25,True,3.4075714332578815,0.17391228003733172,2.22498786719616,-0.704809286898822
REDINGTON,2026-06-17,252.13440490722652,250.42999267578125,True,1.599354715600442,0.3807959225299108,6.530485675823439,-0.6759935170578601
REDINGTON,2026-06-18,256.1744938659668,253.86000061035156,False,,0.1890881155099934,7.251114603061204,-0.903483098838942
REDINGTON,2026-08-11,362.3527377319335,359.6499938964844,False,0.9925466085532322,0.09725881823712296,-3.5194246656561012,-0.7458875162269618
REDINGTON,2026-08-24,366.32249999999993,363.25,False,2.146473662822471,0.2330634451457662,7.009533948911151,-0.838741819025568
REDINGTON,2026-08-28,372.6539877319335,369.0,True,,0.20888893215074486,5.191414262278848,-0.9805309622936242
REDINGTON,2026-09-07,380.6939877319335,377.8999938964844,True,1.2485726962228771,0.1864236085741287,2.969842611758744,-0.7339211874857643
REDINGTON,2026-09-10,384.6135122680664,381.75,False,1.0624619958340966,0.18104360750742557,0.9194896995592616,-0.7445168140818192
RKFORGE,2026-08-04,688.1235122680663,684.6500244140625,True,1.2146738625309035,0.07883003286416561,4.79223027987814,-0.5047768012685916
RKFORGE,2026-08-06,713.55,704.5499877929688,True,,0.3620520486570679,0.43445090239822015,-1.261300848858693
RKFORGE,2026-08-07,722.1929754638671,717.25,False,0.8902370461409725,0.05610235677963174,4.0234432517803675,-0.6844397040406291
RKFORGE,2026-08-19,767.3174999999999,761.75,True,4.558081878975697,0.20347221117669817,-6.075384412967077,-0.7255796981040952
RRKABEL,2026-06-16,2250.9990490722653,2232.199951171875,False,0.8910749392853012,0.15860119620280222,-2.6876532487741245,-0.8351446398050744
RRKABEL,2026-06-23,2385.87,2369.800048828125,True,2.5509717013296966,0.16026994996420088,-8.188627209361776,-0.6735468056463634
RRKABEL,2026-06-25,2462.2499999999995,2428.89990234375,True,,0.17382377266949744,-2.369787700527959,-1.3544561947913314
RRKABEL,2026-06-29,2531.4944018554684,2518.300048828125,False,0.3392805901119119,0.05335501748227477,-7.844951162687064,-0.5212080665741303
RRKABEL,2026-07-28,2596.9199999999996,2581.199951171875,True,0.7984579671696236,0.10404099467236,7.550482879719067,-0.6053343510052156
RRKABEL,2026-08-18,2862.24,2828.800048828125,True,1.3264024945500705,0.10627617757861295,-14.455112080049181,-1.1683140188060714
RRKABEL,2026-08-24,2946.0569018554684,2929.800048828125,True,1.3144250513347022,0.048954916104309375,-17.706956005607744,-0.5518173466746212
SAGILITY,2026-07-28,44.02905138015747,43.709999084472656,True,0.5891506756727483,0.040934716188664004,-4.245041567231411,-0.7246404037416943
SAGILITY,2026-07-29,44.57174846649169,44.27000045776367,True,0.36816437145249836,0.06488842512553833,-5.410935630879942,-0.6769938786558183
SAIL,2026-08-28,197.4825,196.3000030517578,True,0.4575015561672638,0.09706095169737912,-12.118793790964855,-0.5987856889811405
SAILIFE,2026-09-02,1567.7999999999997,1558.4000244140625,True,0.4362143011530763,0.13510546421919983,5.058041560526716,-0.5995647139901306
SAILIFE,2026-09-03,1602.975,1593.9000244140625,True,3.214129301355579,0.13301904116372143,2.752692686157765,-0.5661333199792562
SAREGAMA,2026-06-23,483.25425613403314,480.2000122070313,False,2.486648501362398,0.14027181340066625,3.237578886032999,-0.6320159394839764
SBICARD,2026-07-28,661.29,657.1500244140625,True,2.0139638481966933,0.08259846165767262,-6.999954634124206,-0.6260453939931798
SBICARD,2026-08-03,670.0837499999999,666.2000122070312,False,4.014304812834224,0.10963513885227733,-2.952431275498202,-0.5795899084209521
SBIN,2026-06-25,1050.9284509277343,1045.3499755859375,False,1.1865391430461867,0.1205132875259625,-1.8772448056233904,-0.530813999456603
SHRIRAMFIN,2026-06-24,1022.3864877319335,1017.1500244140624,False,1.208679627514658,0.24036679549231227,1.116364626601385,-0.5121804112931616
SHRIRAMFIN,2026-07-03,1076.3549999999998,1069.0999755859375,True,1.3309643215360367,0.13643405106055936,-6.620030047155645,-0.6740363926457604
SHRIRAMFIN,2026-07-07,1086.9074999999998,1077.9000244140625,True,1.2218029412273483,0.1455258699933842,-4.232878656733652,-0.8287251294095688
SHRIRAMFIN,2026-08-05,1100.475,1094.4000244140625,False,1.1953911033658529,0.06286753077461964,1.5470592244258174,-0.5520321303016829
SIEMENS,2026-08-25,4138.791196289062,4112.2998046875,True,1.2964051977615478,0.0693848150747274,-9.587127677396111,-0.6400755763014798
SOLARINDS,2026-08-13,19004.55,18864.0,False,5.622468974526453,0.40323610640511254,13.13080288667714,-0.7395597370103424
SOLARINDS,2026-08-27,20524.109999999997,20421.0,False,1.1612013484523445,0.03566311169872801,0.36976024782562344,-0.5023847562695583
SONACOMS,2026-07-08,677.3699999999999,670.5499877929688,True,2.764760495871004,0.21872255363248472,0.890211319376788,-1.0068370620238798
SONACOMS,2026-07-16,685.6110122680664,681.2999877929688,True,0.40475702275989334,0.05619628266451902,6.875471205748784,-0.6287857688919485
SONACOMS,2026-07-20,711.9922622680664,708.2000122070312,False,1.1657100418103132,0.025438440528542283,7.269424188271123,-0.5326251789527614
SONACOMS,2026-07-21,722.2432745361327,717.9500122070312,False,1.3654281021637191,0.07010566611393447,5.746917545272456,-0.5944343797259832
SONACOMS,2026-07-22,737.8710122680664,730.7999877929688,True,1.6948647380369577,0.21124203102259462,3.5072509018055698,-0.9583008896585699
SONACOMS,2026-08-04,788.925,784.0999755859375,False,0.3936016931419381,0.12050497612316431,2.5192493320618237,-0.6115948175127506
SONACOMS,2026-08-10,828.7229754638671,822.25,True,1.1360679804116973,0.25635677311394023,-0.5699100427647097,-0.7810783163389345
SONACOMS,2026-08-20,841.0845245361327,834.0,True,0.8118443250790204,0.16586789903671226,-4.468578774156018,-0.8423082733616916
SONATSOFTW,2026-07-29,315.51976226806636,313.04998779296875,False,1.1378452942608412,0.08314073940651923,9.612787363119457,-0.7827637981671964
SONATSOFTW,2026-07-30,324.61499999999995,320.95001220703125,False,0.6264279154008696,0.16806730372947176,6.541597308662772,-1.129026013267631
SONATSOFTW,2026-08-05,356.62425613403315,354.6499938964844,False,1.5770109395109395,0.1428827015931689,-16.032068190424376,-0.5535972956384527
SRF,2026-07-06,2846.16,2831.800048828125,False,0.8371502993809412,0.08120214948722283,1.5157281680624024,-0.504537734065369
SUNPHARMA,2026-07-03,1911.9120245361325,1900.0,False,2.706994068147331,0.09454292686277106,1.5266367215241772,-0.6230425031728437
SUNPHARMA,2026-07-09,1939.1474999999998,1925.800048828125,True,0.3131027638136745,0.11593505436012806,1.7818371821573864,-0.6883154155047366
SUNPHARMA,2026-07-28,1986.8849999999998,1976.800048828125,False,2.161906976744186,0.23307072285580238,-5.626144664339517,-0.5075759881359443
SUZLON,2026-06-19,59.79749999999999,59.400001525878906,True,1.3506172402502588,0.030433339456493604,-9.829009291449776,-0.6647409576003738
SWIGGY,2026-08-25,286.82699386596676,284.75,True,1.875013852002566,0.16793835196203485,-4.123389401589406,-0.724127753100301
SYRMA,2026-06-10,1266.7020245361327,1218.0,True,,1.0704248087541992,2.715551912250347,-3.844789350042088
SYRMA,2026-06-11,1274.34,1266.0,True,1.1404154868779317,0.16697749550859245,2.0999086261074495,-0.6544564245020923
SYRMA,2026-08-11,1529.61,1516.9000244140625,False,,0.17204420545555568,-5.341882936561437,-0.83092916403118
SYRMA,2026-09-07,1512.5249999999999,1502.9000244140625,True,1.801230102701971,0.05124589725504814,-0.08760508607295048,-0.6363515040040624
SYRMA,2026-09-08,1653.225,1644.0,True,0.4263738635190797,0.06969726200126042,-8.59078763193908,-0.5580002721952471
TATACAP,2026-06-19,350.49375,348.20001220703125,True,0.2830780308221167,0.10971634053653156,3.7536315259500075,-0.6544304407621326
TATACOMM,2026-06-22,2027.3865490722653,2013.9000244140625,False,1.4382327220187323,0.03438976703748511,-9.46965563848966,-0.665217230743409
TATATECH,2026-08-10,884.3999999999999,876.7999877929688,True,0.6200166267081345,0.11083167164509407,-6.032339688719035,-0.8593410455711381
TCS,2026-07-30,2487.8774999999996,2474.0,True,1.0233101070325408,0.1287060727354832,-0.569865229623423,-0.5578047954531318
TECHM,2026-07-28,1622.672975463867,1614.300048828125,False,0.8826772186147186,0.2064724231700383,-1.890274622654553,-0.5159959377118772
TECHM,2026-07-29,1652.1195245361325,1642.199951171875,True,2.5880809277914163,0.062258835129977715,-3.772092441405228,-0.6004149952191007
TECHM,2026-07-30,1681.3649999999998,1669.699951171875,True,0.7745344653907037,0.13487986417671866,-5.309080682306478,-0.6937844446699426
TEJASNET,2026-06-19,630.4364877319335,625.3499755859375,True,0.8626731968285736,0.15365034069908412,-10.435065957959589,-0.8068238823383034
THERMAX,2026-06-23,4913.445,4870.89990234375,True,,0.11146280323956301,4.307672064228862,-0.8658913991354322
TIINDIA,2026-06-16,3275.194401855468,3258.699951171875,False,1.8161397670549084,0.24629170842932105,-9.049672070135117,-0.5036174547150107
TITAGARH,2026-06-15,881.8874999999999,874.4500122070312,True,,0.28855015168124337,-1.540730785619615,-0.8433601556852466
TITAN,2026-07-01,4463.908696289062,4440.0,True,1.714528248498758,0.061296125554968245,3.1427949935460164,-0.5356000293854191
TITAN,2026-07-09,4679.179401855468,4642.39990234375,True,0.8168550388253062,0.21300434784325403,-1.1407897108369314,-0.7860245644168651
TITAN,2026-08-10,5030.025,5004.2001953125,False,,0.7594035665427858,1.4388577063483954,-0.5134130483943844
TITAN,2026-08-11,5147.811196289062,5113.0,False,1.1654035314036926,0.20768267090516906,-1.9000540726818338,-0.6762329650737087
TITAN,2026-08-27,5175.649401855469,5146.7001953125,True,0.7207090453806616,0.11449499309398667,-5.1616595544453965,-0.559334767393449
TMCV,2026-07-01,437.17499999999995,434.75,True,0.46595403912026107,0.12937632622722153,-7.256816559265433,-0.5546977754903537
TMPV,2026-06-15,405.0652377319335,402.0,True,1.122292541074267,0.09404611694455808,-14.322446000009126,-0.7567269285057798
TORNTPHARM,2026-06-29,4622.999999999999,4598.7001953125,True,1.3576683943293255,0.054168873135796,3.1429765236318685,-0.5256284812351075
TORNTPHARM,2026-07-08,4903.294401855468,4877.39990234375,True,5.7853314047477244,0.37133058715817757,-0.5056682267759682,-0.5281041151010468
TORNTPHARM,2026-07-14,4997.865,4965.0,False,1.518246644295302,0.14617992497776555,2.49976349276142,-0.6575807869960482
TORNTPHARM,2026-07-16,5058.566901855468,5026.5,True,1.742194535782353,0.4461050841558966,1.26978458678626,-0.6339127756461282
TRENT,2026-07-03,3361.6244018554685,3330.199951171875,False,2.5237102018281083,0.20931311161146632,-14.014784090555409,-0.9347995768429262
TVSMOTOR,2026-07-03,3652.5719018554682,3623.89990234375,True,2.210909881981835,0.16585618766274254,3.8172581373060455,-0.7849811114506222
TVSMOTOR,2026-07-07,3755.6849999999995,3735.5,False,2.6153676831642936,0.10660326518153468,0.9669341278621735,-0.5374518896020142
TVSMOTOR,2026-08-03,4346.624999999999,4323.2001953125,True,0.6682826214600804,0.023877143274884074,2.4979195424611245,-0.5389193842923912
ULTRACEMCO,2026-07-21,12061.005,11969.0,True,2.0098977505112474,0.18942421697800166,1.0695211551607908,-0.7628302948220256
ULTRACEMCO,2026-08-05,12232.859999999999,12166.0,True,0.9224098057354302,0.06977891139175048,-4.2170024017277985,-0.5465606571153359
UNIONBANK,2026-08-07,183.4125,182.3000030517578,True,0.4415233955661192,0.13740427129592997,1.410754446943363,-0.6065545959202279
UNIONBANK,2026-08-12,186.66870552062989,185.0800018310547,True,0.705612541716382,0.15973777186026333,0.10247839303763051,-0.851081966387568
UNIONBANK,2026-08-13,188.53800613403317,186.9600067138672,True,1.4601081291805162,0.17377784137219293,0.24504017807338574,-0.8369662183889681
UNIONBANK,2026-08-26,191.53290184020995,190.3699951171875,True,0.46001361956028275,0.06982351826219017,-6.961156419533077,-0.6071576798813538
UNITDSPR,2026-07-29,1519.4595245361327,1511.800048828125,True,1.2057395567946931,0.1682671008029696,0.2988217448736119,-0.5040921185673564
UNITDSPR,2026-08-04,1544.4840490722654,1533.0,True,1.0636099042476905,0.17844588996277197,0.35713874358547226,-0.7435524555377326
UNOMINDA,2026-08-04,1225.6979754638671,1211.0999755859375,False,7.148249345088871,0.3342915934258997,2.2601039982717896,-1.1909948592682462
UNOMINDA,2026-08-05,1250.1195245361328,1240.9000244140625,True,3.6874449985332944,0.0953364732714061,0.790362462943972,-0.737489491294141
UNOMINDA,2026-08-07,1284.3899999999999,1276.4000244140625,True,0.9773608903020667,0.049412848748181096,-0.6532283807877626,-0.622083291363007
URBANCO,2026-08-20,149.09175613403318,148.22999572753906,False,1.5609528061559472,0.08286457486193577,10.37498103560781,-0.5780067448661552
URBANCO,2026-08-26,173.19165184020994,171.6999969482422,True,0.8659917135911513,0.10122900108675459,-8.644556744178388,-0.8612741296237458
VBL,2026-06-15,542.3482745361327,539.4500122070312,False,1.0571283137914096,0.13050063866704997,-8.757890577460048,-0.5343913616357221
VBL,2026-06-17,546.0667254638671,542.7999877929688,True,4.634483365604647,0.21118905390968593,-11.32036115391497,-0.5982304942904859
WELCORP,2026-06-29,1466.7975,1459.0,False,,0.0,5.236065345484819,-0.531600306109048
WELCORP,2026-07-06,1546.695,1531.699951171875,True,1.4890715209418348,0.25818986040394404,3.5692249870894033,-0.9694897072871522
WELCORP,2026-07-10,1626.7934509277343,1617.9000244140625,True,0.7023713241240983,0.09265154476651205,3.479641097279207,-0.5466844305649254
WELCORP,2026-08-13,1882.3649999999998,1872.9000244140625,False,0.36695532375516626,0.029755030517493168,1.8452837566538705,-0.5028236067891823
WELCORP,2026-08-14,1895.4299999999998,1884.0,True,0.22211519938354846,0.16670319694251984,1.1432749078540416,-0.6030293917475116
WELCORP,2026-08-20,1993.9199999999998,1983.0999755859375,False,0.9457109854702413,0.07314717289084784,28.069335663228735,-0.5426508793764162
WELCORP,2026-09-01,2456.1194018554684,2442.199951171875,False,1.1058672218165173,0.0792151439547751,7.5517784542828315,-0.5667253258566318
WELCORP,2026-09-02,2587.8749999999995,2574.39990234375,True,0.6365900690985055,0.011445390856023944,7.304251648311855,-0.5207012570641711
WELSPUNLIV,2026-09-01,198.98999999999998,197.9900054931641,True,0.5275864199437769,0.02639358904751557,4.784157247517928,-0.5025350554479613
WELSPUNLIV,2026-09-03,202.50749999999996,201.1199951171875,True,0.1984009761109684,0.07566000188633087,0.15431888903807423,-0.6851622200720775
WELSPUNLIV,2026-09-04,203.9144938659668,201.5800018310547,True,,0.17864278072779852,-0.5367379831604513,-1.1448386971681157
YESBANK,2026-06-15,23.88885046005249,23.739999771118164,True,0.2285863471623428,0.11956385304505589,5.1117995499243785,-0.6230969095111338
YESBANK,2026-06-16,24.119999999999997,23.959999084472656,True,2.0513960926865855,0.08625957916511151,-0.4560521190636879,-0.663353712799919
YESBANK,2026-06-18,25.58729907989502,25.40999984741211,False,0.7051080417009893,0.23921141186300654,-7.610415167955931,-0.692918904528772
ZENSARTECH,2026-07-29,552.5489877319335,549.2999877929688,True,0.4715590247136888,0.10179559619184075,-13.518979002212506,-0.5880021520446532
ZENTEC,2026-06-17,1894.4249999999997,1864.0999755859375,True,15.54400616207889,0.2018614035975215,-8.014306420896167,-1.6007508565428652
ZENTEC,2026-06-19,1992.9149999999997,1980.9000244140625,True,0.6298914348208808,0.1064857817687172,-5.64574884457878,-0.6028844976297187
ZYDUSLIFE,2026-07-06,1148.6145245361326,1141.5999755859375,False,,0.1418713418018521,-3.518549739790122,-0.6106965217968163
ZYDUSLIFE,2026-08-11,1141.5795245361328,1133.4000244140625,False,0.6112164145995722,0.2699926174520592,-3.2480894882202516,-0.7165072556284624
