ticker,breach_date,d1_date,mae_pct,day1_close_pct
360ONE,2026-08-05,2026-08-06,-1.1549124233127372,-0.7448342315020673
360ONE,2026-08-20,2026-08-21,-1.2938522200963143,-0.5556897605712763
ABB,2026-08-04,2026-08-05,-1.3113911031113368,-1.1249678580611988
ABCAPITAL,2026-06-24,2026-06-25,-1.9133952341256144,-1.5231666980396463
ABCAPITAL,2026-07-03,2026-07-06,0.0,2.1268626350668285
ABCAPITAL,2026-07-06,2026-07-07,-1.2567091385776497,-1.073693027708722
ACMESOLAR,2026-06-24,2026-06-25,-4.004951357515651,-1.734100744467637
ACMESOLAR,2026-06-29,2026-06-30,-0.9921947027073608,0.6746891680405209
ACUTAAS,2026-06-29,2026-06-30,-3.970093097385907,-1.6544387473228728
ACUTAAS,2026-07-02,2026-07-03,-1.6648709613703572,-0.6239900799320908
ACUTAAS,2026-07-21,2026-07-22,-1.5249298601804129,0.20967652614147791
ADANIENSOL,2026-07-08,2026-07-09,-3.1967283218830356,-2.7460613215193663
ADANIENSOL,2026-07-16,2026-07-17,-0.5755255195622921,1.2450053185319554
ADANIENSOL,2026-07-17,2026-07-20,-1.1310904872389838,0.3190255220417715
ADANIENSOL,2026-07-21,2026-07-22,-2.1876922274531085,-1.5022520986653354
ADANIENT,2026-07-01,2026-07-02,-0.23458271271445952,0.48817288616682664
ADANIENT,2026-07-02,2026-07-03,-1.7246835443037956,1.64873726760284
ADANIGREEN,2026-06-22,2026-06-23,-4.1067598591001175,-2.5723696113778893
ADANIGREEN,2026-07-14,2026-07-15,-3.6250358873793243,-2.535032773084711
AEGISLOG,2026-06-11,2026-06-12,-5.622154273615399,-2.397680007983294
AEGISLOG,2026-06-12,2026-06-15,-2.993730425675556,3.520788754476234
AEGISLOG,2026-06-15,2026-06-16,-1.3717503525784047,-0.2396711459395795
AEGISLOG,2026-06-17,2026-06-18,-1.098901098901095,-0.08991252887735612
AEGISLOG,2026-06-22,2026-06-23,-1.1082648207843104,-0.2557498623427912
AEGISLOG,2026-06-29,2026-06-30,-2.478096329247814,1.631915038263232
AEGISLOG,2026-06-30,2026-07-01,0.0,7.133657296276241
AEGISLOG,2026-07-20,2026-07-21,-7.047730626643145,-4.83046409655532
AEGISLOG,2026-08-06,2026-08-07,-4.61213148195081,-3.8152310004187284
ANANDRATHI,2026-06-29,2026-06-30,-2.9458452536630597,-1.7556052363344565
ANANDRATHI,2026-06-30,2026-07-01,-1.9208610441428742,-1.3541300802147438
ANANDRATHI,2026-07-03,2026-07-06,-0.567555590104929,0.6637393121695423
ANANDRATHI,2026-07-06,2026-07-07,-4.467611140884353,-3.759963816002021
ANANDRATHI,2026-07-10,2026-07-13,-0.9666163489258417,-0.14617585745355655
ANANTRAJ,2026-07-17,2026-07-20,-2.01579039913794,1.293467556681538
ANANTRAJ,2026-07-20,2026-07-21,-0.548125215493489,0.9550701962603991
ANANTRAJ,2026-07-21,2026-07-22,-1.88511721910396,-0.4045307443365731
ANANTRAJ,2026-07-22,2026-07-23,-4.7340224570050715,-4.50626511419393
ANANTRAJ,2026-07-31,2026-08-03,-0.766771212934303,0.0
ANANTRAJ,2026-08-03,2026-08-04,-0.5821410548743966,0.5582137161084466
ANANTRAJ,2026-08-20,2026-08-21,-2.5496618339131527,-2.4245268725109903
ANGELONE,2026-06-15,2026-06-16,-2.7785704483600515,-1.2616989092756659
APARINDS,2026-06-11,2026-06-12,0.0,2.3010999392671483
APARINDS,2026-06-12,2026-06-15,-1.3783818438261264,3.6030260289780847
APARINDS,2026-06-15,2026-06-16,-2.1808970715433085,-0.11120721611268536
APARINDS,2026-06-16,2026-06-17,-2.396689109889427,-0.8586076965841016
APARINDS,2026-06-18,2026-06-19,-1.7474385567917583,2.3320133257904274
APARINDS,2026-06-24,2026-06-25,-4.735742012541055,-3.9414750671842302
APARINDS,2026-08-12,2026-08-13,-6.4880267411913,-5.611266370760037
APLAPOLLO,2026-08-10,2026-08-11,-1.688052871267276,-0.6564683528195947
APLAPOLLO,2026-08-13,2026-08-14,-0.6292942562220238,1.6293549966116316
APLAPOLLO,2026-08-14,2026-08-17,-0.8183822759631476,-0.39243604555515565
APLAPOLLO,2026-08-17,2026-08-18,-0.24939813773980912,1.4388489208633004
APLAPOLLO,2026-08-18,2026-08-19,-0.8226904181442118,0.3215153110224689
APLAPOLLO,2026-08-20,2026-08-21,-0.8856569975085216,-0.2936674910144377
APLAPOLLO,2026-08-27,2026-08-28,0.0,3.722018358775503
APLAPOLLO,2026-08-28,2026-08-31,-2.2844030698078055,-1.5672102762146145
APOLLOHOSP,2026-06-10,2026-06-11,-0.37231842089711087,0.3841380533065486
APOLLOHOSP,2026-07-03,2026-07-06,-0.6754094669893629,0.056284122249117274
APOLLOHOSP,2026-07-15,2026-07-16,-0.8007615634449516,-0.45917795945794593
ARE&M,2026-08-11,2026-08-12,-0.7004880549027814,-0.09786373495042078
ARE&M,2026-08-12,2026-08-13,-2.758511969939126,-2.332146888708797
ASHOKLEY,2026-08-13,2026-08-14,-4.12761861403329,-3.0830076373209114
ATHERENERG,2026-06-29,2026-06-30,-1.9442793311089335,3.9388856536354933
ATHERENERG,2026-06-30,2026-07-01,-1.7972997053124606,-0.9380984921009028
ATHERENERG,2026-07-01,2026-07-02,-1.276970497578156,0.8806693086745865
ATHERENERG,2026-07-08,2026-07-09,-1.7556814717341607,0.2307986268397233
ATHERENERG,2026-07-09,2026-07-10,-2.159511199514319,-0.5971410084355866
ATHERENERG,2026-07-13,2026-07-14,-2.7605322257212905,1.0991756208450054
ATHERENERG,2026-07-15,2026-07-16,-5.5245246167452855,-4.3698131633254755
ATHERENERG,2026-07-16,2026-07-17,-1.7795256366879952,0.19685039370078705
ATHERENERG,2026-08-04,2026-08-05,-3.9617486338797803,0.2049180327868827
ATHERENERG,2026-08-10,2026-08-11,0.0,3.605131014038876
ATHERENERG,2026-08-11,2026-08-12,-1.1365136782535923,2.7367749453992563
ATHERENERG,2026-08-12,2026-08-13,-4.719261158280085,-3.20122101324406
ATHERENERG,2026-08-28,2026-08-31,-1.7280952015672257,3.7885166871223674
ATHERENERG,2026-08-31,2026-09-01,-0.9885209542351947,2.14276966075162
ATHERENERG,2026-09-01,2026-09-02,-4.286544339562792,-2.1983772861985162
AUBANK,2026-06-24,2026-06-25,-4.398004649963472,-4.175553601696425
AUBANK,2026-07-06,2026-07-07,-0.1968112076792372,-0.009369783124413278
AUBANK,2026-08-21,2026-08-24,-0.42506569407855244,0.7506601424127846
AUBANK,2026-08-24,2026-08-25,0.0,1.7857076015408424
AUBANK,2026-08-25,2026-08-26,-1.5211773162321918,-1.5211773162321918
AUROPHARMA,2026-07-03,2026-07-06,-2.0865515352005093,-1.537133405690827
AUROPHARMA,2026-08-07,2026-08-10,-1.622011317793992,-0.9972351213146213
AUROPHARMA,2026-08-13,2026-08-14,-2.005797012522237,-1.9997569213618505
AUROPHARMA,2026-08-31,2026-09-01,-1.0532573271079926,-0.39644681490385025
AXISBANK,2026-06-24,2026-06-25,-0.9667429947394668,-0.642091088003971
BAJAJ-AUTO,2026-07-22,2026-07-23,0.0,2.885930518829216
BAJAJ-AUTO,2026-07-23,2026-07-24,-0.9405366853882491,-0.833556209325137
BAJAJ-AUTO,2026-07-28,2026-07-29,-1.3154444541561006,-0.9745651603880745
BAJAJ-AUTO,2026-07-29,2026-07-30,-0.08378902804727639,0.8334803316281558
BAJAJ-AUTO,2026-07-31,2026-08-03,-0.8993427879626426,2.5250778277412733
BAJAJ-AUTO,2026-08-03,2026-08-04,-0.952380952380949,-0.4719004719004771
BAJAJ-AUTO,2026-09-01,2026-09-02,-2.5894461689266457,-0.9148831890213982
BAJAJFINSV,2026-07-02,2026-07-03,-0.8474576271186418,0.10593220338983578
BAJAJFINSV,2026-07-03,2026-07-06,-2.1736860729154484,-1.6591397664076912
BAJAJFINSV,2026-07-28,2026-07-29,-1.8508997429305896,-1.0591247087885614
BAJAJFINSV,2026-07-31,2026-08-03,-0.42397422864888235,2.1442495126705596
BAJAJFINSV,2026-08-03,2026-08-04,-0.6390260181665552,1.1387090095548391
BAJAJFINSV,2026-08-05,2026-08-06,-0.038636637223665726,0.7388829472597447
BAJFINANCE,2026-06-24,2026-06-25,-1.8104300695053865,-1.6649925362023699
BAJFINANCE,2026-06-30,2026-07-01,-0.21956209651010639,1.1676658889252733
BAJFINANCE,2026-07-01,2026-07-02,-0.26873814812643504,1.5228414060988404
BAJFINANCE,2026-07-03,2026-07-06,-1.33820188670154,-1.001242209746589
BAJFINANCE,2026-07-07,2026-07-08,-1.9908231044196145,-1.317452874805436
BAJFINANCE,2026-07-17,2026-07-20,-1.7600394395207886,0.681297392052449
BAJFINANCE,2026-07-20,2026-07-21,-0.3568120965375621,0.394361612382621
BAJFINANCE,2026-07-21,2026-07-22,-0.7611328657756489,-0.4322473028562035
BAJFINANCE,2026-07-31,2026-08-03,-3.0434453236476866,-1.9807912829160723
BAJFINANCE,2026-08-03,2026-08-04,-1.4179513021132628,-0.6570962948609149
BALRAMCHIN,2026-08-20,2026-08-21,-4.161073825503358,-2.1006744179949632
BANDHANBNK,2026-06-15,2026-06-16,-2.467105227777222,1.7622180198408666
BANDHANBNK,2026-06-16,2026-06-17,-2.0455053485719854,-1.7421321497385622
BELRISE,2026-06-15,2026-06-16,-2.414469607767089,-0.9482452392533425
BELRISE,2026-06-17,2026-06-18,-0.6244783969190704,0.16764203112000775
BELRISE,2026-06-22,2026-06-23,-3.0030282306382494,-2.320887991927345
BELRISE,2026-08-12,2026-08-13,-4.693552359016717,-3.387255370619846
BEML,2026-09-02,2026-09-03,-0.8292682926829276,0.9756097560975618
BEML,2026-09-03,2026-09-04,-1.762725800762488,-1.1527377521613813
BEML,2026-09-04,2026-09-07,-0.3288065619179381,1.1556453370335174
BHARATFORG,2026-06-15,2026-06-16,-1.6617659026501252,-1.357840743719363
BHARATFORG,2026-06-19,2026-06-22,-0.6277630520609256,2.37968508483557
BHARATFORG,2026-06-22,2026-06-23,-0.28910415432464864,1.3270142180094702
BHARATFORG,2026-06-23,2026-06-24,-2.211874272409775,-1.7555274119615882
BHARATFORG,2026-06-29,2026-06-30,-2.5769731096044524,1.847465656087155
BHARATFORG,2026-07-17,2026-07-20,-1.1254363567414494,0.6515719299346356
BHARATFORG,2026-07-20,2026-07-21,-1.000457114361697,-0.43459020625848943
BHARATFORG,2026-08-07,2026-08-10,-9.476234543491413,-7.874115420059424
BHEL,2026-08-31,2026-09-01,-2.643678160919538,-1.9425315418462819
BIOCON,2026-08-06,2026-08-07,-1.3334879028805036,-1.124769472684306
BOSCHLTD,2026-06-15,2026-06-16,-0.7507316452474821,-0.3944522203842782
BOSCHLTD,2026-06-18,2026-06-19,-0.31250000000000444,0.6625000000000103
BOSCHLTD,2026-06-22,2026-06-23,-0.12462612163509634,0.17447657028912822
BOSCHLTD,2026-07-02,2026-07-03,0.0,0.8424599831508006
BOSCHLTD,2026-07-03,2026-07-06,-0.9070294784580546,0.27449576321756375
BOSCHLTD,2026-08-11,2026-08-12,0.0,2.945736434108537
BOSCHLTD,2026-08-12,2026-08-13,-0.16099602876462615,0.35419126328217754
BOSCHLTD,2026-08-13,2026-08-14,-0.6836146122623399,0.6195257423627476
BOSCHLTD,2026-08-17,2026-08-18,-0.021292451825827285,3.7581177472586047
BOSCHLTD,2026-08-18,2026-08-19,-1.186094069529653,-0.8997955010224934
BOSCHLTD,2026-08-31,2026-09-01,-3.2287449392712553,-1.720647773279349
BPCL,2026-08-03,2026-08-04,-1.6712701947332098,-0.6439761006471811
CARTRADE,2026-06-17,2026-06-18,-3.9035591274397263,-1.2284767568407906
CARTRADE,2026-07-01,2026-07-02,-2.0317164221690165,-1.6505413339424901
CARTRADE,2026-07-08,2026-07-09,-2.979664255636749,-1.072103818377368
CARTRADE,2026-07-14,2026-07-15,-4.0109762341310695,-3.0742871043489495
CARTRADE,2026-08-20,2026-08-21,-0.13065321740157732,5.652394785757253
CARTRADE,2026-08-21,2026-08-24,-0.2610114192495905,2.7079934747145096
CARTRADE,2026-08-27,2026-08-28,-1.4301678232500725,-1.1152659880231286
CDSL,2026-07-10,2026-07-13,-0.43594089331576713,1.532839936477437
CDSL,2026-07-13,2026-07-14,-0.2666700932017596,0.0
CDSL,2026-08-26,2026-08-27,-2.5168167232344607,-2.184011574123834
CEMPRO,2026-06-22,2026-06-23,-4.110565575134373,-3.1419815455529743
CGCL,2026-07-07,2026-07-08,-1.5020793928277043,0.008416826951251899
CGCL,2026-07-09,2026-07-10,-1.7633229050988852,-0.9521914987616786
CGCL,2026-07-10,2026-07-13,0.0,1.6905410587609415
CGCL,2026-09-03,2026-09-04,-0.6940616973458935,2.72146564640412
CGCL,2026-09-04,2026-09-07,-3.6299516450991165,-3.1894230107378907
CGCL,2026-09-07,2026-09-08,-3.369371568834456,-2.43243243243243
CGPOWER,2026-06-17,2026-06-18,-2.4746095379855393,-1.587870677586234
CGPOWER,2026-07-01,2026-07-02,-2.9015820710893703,-2.151960794078289
CHENNPETRO,2026-06-10,2026-06-11,-3.9864823624894408,-3.682430370433909
CHENNPETRO,2026-07-22,2026-07-23,-9.790160154759631,-3.3880217027136617
CHENNPETRO,2026-07-23,2026-07-24,-4.6293336886336744,-4.195579745416012
CHENNPETRO,2026-08-11,2026-08-12,-2.8692879914984037,-2.26709174636911
CHENNPETRO,2026-08-19,2026-08-20,-5.265322560776642,-4.832834811802888
CHENNPETRO,2026-09-09,2026-09-10,-2.002493798249372,1.4597644675023336
CHENNPETRO,2026-09-10,2026-09-11,-6.099902562150072,-5.745674386084742
CHENNPETRO,2026-09-11,2026-09-15,-6.9525484577859675,-6.432379018247747
CHOICEIN,2026-07-09,2026-07-10,-1.2158464515077627,0.27687345120630535
CHOICEIN,2026-07-10,2026-07-13,-1.666663728753004,-1.564380264741272
CHOLAFIN,2026-06-24,2026-06-25,-1.3086665473150183,-0.6515764123757539
CHOLAFIN,2026-07-06,2026-07-07,-1.0687445979625454,-0.46186764693542104
CHOLAFIN,2026-07-07,2026-07-08,-3.60655737704918,-3.3114740757342886
CHOLAFIN,2026-08-06,2026-08-07,-2.8476048237572438,-2.6702864603245113
COCHINSHIP,2026-08-26,2026-08-27,-1.2226512226512276,-0.7078507078507101
COCHINSHIP,2026-08-27,2026-08-28,-0.8110036724844005,-0.4087490189152332
COFORGE,2026-07-13,2026-07-14,-0.9760811626333243,-0.8403361344537785
COFORGE,2026-07-28,2026-07-29,-0.7506560613361968,-0.4946173988943814
COFORGE,2026-07-29,2026-07-30,0.0,2.267385751431883
COFORGE,2026-08-05,2026-08-06,-1.896580628441169,-1.110052038030207
COFORGE,2026-08-06,2026-08-07,-0.41168096993168257,0.15790936754056517
COFORGE,2026-08-11,2026-08-12,-1.8793042483294276,-0.7164508128961189
COFORGE,2026-08-20,2026-08-21,-1.7664806741860994,0.35011276173222416
COFORGE,2026-08-26,2026-08-27,-0.2068649187425997,0.8751922544242285
COFORGE,2026-08-28,2026-08-31,-2.4051059910083494,-1.751863374036322
CONCOR,2026-07-27,2026-07-28,-0.3407984420642607,2.0447906523855863
CONCOR,2026-07-28,2026-07-29,-0.45636514596790745,-0.05705434763181305
CONCOR,2026-08-13,2026-08-14,-1.3847350441602568,-1.3847350441602568
CONCOR,2026-08-14,2026-08-17,-1.966349770088227,-0.8319198735029398
CPPLUS,2026-06-22,2026-06-23,-2.022945131753795,-1.5130548184519643
CPPLUS,2026-06-30,2026-07-01,-3.0974428096931184,-2.857920522591184
CYIENT,2026-08-26,2026-08-27,-1.487177421661523,0.6790336411359288
CYIENT,2026-08-28,2026-08-31,-2.655385147538125,5.765340622281179
CYIENT,2026-08-31,2026-09-01,-4.731075505470161,-4.299472670050886
CYIENT,2026-09-01,2026-09-02,-2.557382212318604,-1.6671010212055193
DATAPATTNS,2026-06-17,2026-06-18,-0.8107311654198757,1.1792453315198292
DATAPATTNS,2026-06-18,2026-06-19,-0.5683745313810773,1.0633430224937124
DATAPATTNS,2026-06-19,2026-06-22,-0.6160990241719899,0.26993256666139054
DATAPATTNS,2026-08-21,2026-08-24,-2.6901747087808126,-2.11902790359062
DELHIVERY,2026-07-01,2026-07-02,-2.035024781313066,-0.5576706103145312
DELHIVERY,2026-07-02,2026-07-03,-1.313212866861424,-0.5880046899690461
DELHIVERY,2026-07-06,2026-07-07,-1.3934269018058942,-0.5573637222648142
DEVYANI,2026-08-20,2026-08-21,-2.333021245335931,-1.0066732031821513
DEVYANI,2026-08-21,2026-08-24,0.0,2.546453455286035
DEVYANI,2026-08-25,2026-08-26,-2.0956951492357545,-0.6194822771695474
DEVYANI,2026-08-26,2026-08-27,-4.64290258578578,-3.9852674312049974
DIVISLAB,2026-07-14,2026-07-15,-0.4814636494944624,0.0481463649494529
DIVISLAB,2026-07-15,2026-07-16,-0.2739726027397249,0.21917808219178436
DIVISLAB,2026-07-16,2026-07-17,-1.5109044916934433,-0.902440691871198
DIVISLAB,2026-07-20,2026-07-21,-0.7164790174002067,0.03411804844761779
DIVISLAB,2026-07-29,2026-07-30,-0.7069613400420338,-0.5158907075982433
DIVISLAB,2026-07-30,2026-07-31,-0.5579237713139396,1.3665997993981938
DIVISLAB,2026-07-31,2026-08-03,-3.2696897374701717,2.446300715990457
DIVISLAB,2026-08-03,2026-08-04,-2.437869822485206,-0.8520710059171543
DIVISLAB,2026-08-12,2026-08-13,-1.0116456887425018,-0.011763321962121598
DIVISLAB,2026-08-25,2026-08-26,-0.43480748326563123,3.26677727558784
DIVISLAB,2026-08-26,2026-08-27,-0.12156039341363334,0.12156039341364444
DIVISLAB,2026-08-27,2026-08-28,0.0,1.695101816180511
DIVISLAB,2026-08-28,2026-08-31,-0.947944315042526,2.5621580629435092
DIVISLAB,2026-08-31,2026-09-01,-1.740540540540536,-0.9189189189189206
DIVISLAB,2026-09-08,2026-09-09,-1.5788373065662942,-0.7946465913843626
DIXON,2026-06-15,2026-06-16,-1.0543933054393273,2.4267782426778295
DIXON,2026-06-16,2026-06-17,0.0,3.9426813471502564
DIXON,2026-06-17,2026-06-18,-2.1289821289821265,-1.6239316239316293
DIXON,2026-07-06,2026-07-07,-1.3894104393541107,-0.5482538490424349
DIXON,2026-07-07,2026-07-08,-2.4295801381823745,-1.799407789841323
DIXON,2026-07-09,2026-07-10,-3.1014492753623224,-2.8913043478260847
DIXON,2026-07-10,2026-07-13,-0.6622018210550085,1.3770787869666679
DIXON,2026-07-16,2026-07-17,-1.988030542752972,-1.6647176171149525
DIXON,2026-08-20,2026-08-21,-1.7473118279569877,-0.20161290322581182
DLF,2026-07-01,2026-07-02,-0.3000480279700457,0.784732327181481
DLF,2026-07-02,2026-07-03,-0.6426735337140999,2.374113488105256
DLF,2026-07-03,2026-07-06,-1.1068477376367292,-0.6345909014017326
DLF,2026-07-06,2026-07-07,-3.3965032457729416,-3.106655431298777
DLF,2026-07-10,2026-07-13,-0.4507572183664932,1.0123365608194712
DLF,2026-08-24,2026-08-25,-1.4098854952080297,-0.7340098536291806
EICHERMOT,2026-07-28,2026-07-29,-1.6869609335362745,-1.0654490106544956
EICHERMOT,2026-08-03,2026-08-04,-1.877026689947614,-1.0351708655525038
EICHERMOT,2026-08-11,2026-08-12,-0.6374203224596919,0.5999250093738251
EMMVEE,2026-06-12,2026-06-15,-4.371506301615147,-3.2535490626156682
EMMVEE,2026-06-15,2026-06-16,-1.770836966378353,0.13393220447359688
EMMVEE,2026-07-01,2026-07-02,-2.0830398119248916,2.664019763039671
EMMVEE,2026-07-02,2026-07-03,-2.146814404432129,-0.9279795300597304
ENGINERSIN,2026-09-01,2026-09-02,-1.8638036584341378,-0.8602128661234332
ENRIN,2026-06-19,2026-06-22,-2.104964601411341,0.17347049911122792
ENRIN,2026-06-22,2026-06-23,-3.263808211166508,-2.13720138263066
ETERNAL,2026-07-01,2026-07-02,-0.8363011044539626,-0.3736611362878062
ETERNAL,2026-07-02,2026-07-03,-0.8844861326675169,-0.44224306633375843
ETERNAL,2026-07-03,2026-07-06,-1.3744471881883213,-0.12335016863986858
ETERNAL,2026-07-07,2026-07-08,-1.4583375718858482,-0.26041666666666297
ETERNAL,2026-07-08,2026-07-09,0.0,1.7013867696126228
ETERNAL,2026-07-09,2026-07-10,-2.5279986082245243,-1.5948462885469472
ETERNAL,2026-07-28,2026-07-29,-0.11312414687142391,0.7110576116453604
ETERNAL,2026-07-29,2026-07-30,-0.7323026851098424,0.9601341601403579
ETERNAL,2026-08-06,2026-08-07,-0.46090660486323154,0.12714363913672866
ETERNAL,2026-08-14,2026-08-17,-0.3149110497374541,0.1417138165108911
ETERNAL,2026-08-20,2026-08-21,-1.473718022961723,-0.33424675877083976
ETERNAL,2026-08-21,2026-08-24,-0.12256592278337974,0.2451318455667595
EXIDEIND,2026-07-09,2026-07-10,-1.4697277225414251,-1.2014449947077455
EXIDEIND,2026-07-17,2026-07-20,-0.1841168683472283,0.3797454307213677
EXIDEIND,2026-07-20,2026-07-21,-0.034351058875758955,1.4657034205756814
EXIDEIND,2026-07-21,2026-07-22,-1.5369009205417505,1.1074683605594604
EXIDEIND,2026-07-22,2026-07-23,-1.8495684846491223,-1.569330835459859
EXIDEIND,2026-07-30,2026-07-31,-2.7373262163742806,-2.0037214538008996
EXIDEIND,2026-08-05,2026-08-06,-0.9845903217736374,1.5839027618015367
EXIDEIND,2026-08-07,2026-08-10,-0.952971472022357,-0.8095116524672541
EXIDEIND,2026-08-11,2026-08-12,-1.3296512056550136,0.6034533400063768
FEDERALBNK,2026-06-12,2026-06-15,-1.5575776839481192,-0.28319506955760687
FEDERALBNK,2026-06-17,2026-06-18,-0.9747776438124967,-0.5879603689836421
FEDERALBNK,2026-06-24,2026-06-25,-0.6923076923076921,-0.29231144831730616
FEDERALBNK,2026-06-30,2026-07-01,-0.8667809281465044,0.42579819526757934
FEDERALBNK,2026-07-03,2026-07-06,-0.6711353787000718,0.7016529579615183
FEDERALBNK,2026-07-17,2026-07-20,-0.15974086914561925,1.8733698622463324
FEDERALBNK,2026-07-21,2026-07-22,-0.9859154929577452,-0.6056320835167273
FEDERALBNK,2026-08-03,2026-08-04,-1.433884400102159,-0.055144545103769094
FINCABLES,2026-09-09,2026-09-10,-1.1314093230554656,4.887966664145171
FINCABLES,2026-09-10,2026-09-11,-4.3468968175633504,2.28408279800143
FIVESTAR,2026-07-06,2026-07-07,-1.8551850804225056,-1.1977709416156723
FLUOROCHEM,2026-08-13,2026-08-14,-0.7015211523059395,-0.18960142349193632
FSL,2026-07-29,2026-07-30,-0.505187354698311,3.4567440257353033
FSL,2026-07-30,2026-07-31,-3.6835025055239945,1.683501683501687
FSL,2026-07-31,2026-08-03,0.0,6.25
FSL,2026-08-03,2026-08-04,-0.9464663438227272,2.622191530498452
FSL,2026-08-04,2026-08-05,-1.174696956772403,2.243979580431099
FSL,2026-08-05,2026-08-06,-16.376094080908377,-12.084633964578694
GABRIEL,2026-08-03,2026-08-04,-1.831262262916944,0.1177271960840498
GABRIEL,2026-08-04,2026-08-05,0.0,2.7922077922077904
GABRIEL,2026-08-05,2026-08-06,-4.18960522718359,-2.1580897482953554
GAIL,2026-06-12,2026-06-15,-0.017326313620558143,1.3110802128122545
GAIL,2026-06-15,2026-06-16,-0.827386749584913,-0.20968511951636737
GAIL,2026-06-16,2026-06-17,-1.0880025815515615,-0.8500028274630145
GLAND,2026-06-11,2026-06-12,-3.171663843032191,-2.526141601985732
GLAND,2026-06-30,2026-07-01,-2.727637384677095,-0.7220216606498187
GLAND,2026-07-07,2026-07-08,-3.9898435973524826,-2.305588120359514
GLAND,2026-08-10,2026-08-11,-1.1911420359715374,2.951510892480669
GLAND,2026-08-11,2026-08-12,-2.0205479452054753,-1.373291015625
GLAND,2026-08-14,2026-08-17,-4.139874518133835,-2.52546034358605
GLAND,2026-09-04,2026-09-07,0.0,1.8282087120317314
GLAND,2026-09-07,2026-09-08,-1.6570620922992219,0.28126224426041624
GLENMARK,2026-08-24,2026-08-25,-0.6064154325539417,0.3722095261705638
GLENMARK,2026-08-25,2026-08-26,-0.22143414823031504,1.8759985090835096
GLENMARK,2026-08-26,2026-08-27,-0.032713187428790036,0.6176161912303524
GLENMARK,2026-08-27,2026-08-28,-1.085991794190233,2.2939843855662057
GLENMARK,2026-08-28,2026-08-31,-2.8618947643080928,-1.8327216852013328
GMRAIRPORT,2026-06-15,2026-06-16,-0.5473642845104987,-0.28759398456327245
GMRAIRPORT,2026-06-16,2026-06-17,-0.2604397486124954,1.4324257138195629
GMRAIRPORT,2026-06-18,2026-06-19,-1.5812412298190193,-1.3994919144989182
GMRAIRPORT,2026-06-30,2026-07-01,-0.30163587970465366,0.7363394447002847
GMRAIRPORT,2026-07-01,2026-07-02,-2.198188627634101,-1.494772291794777
GMRAIRPORT,2026-07-07,2026-07-08,-3.07395044900588,-2.503072596911593
GODREJPROP,2026-07-01,2026-07-02,-0.7849145980663885,0.34148578857671197
GODREJPROP,2026-07-02,2026-07-03,-0.41914589245902745,0.8181029008005103
GODREJPROP,2026-07-03,2026-07-06,-0.38325375867018785,1.8565551381905188
GODREJPROP,2026-07-06,2026-07-07,-2.208811156017909,-0.5984201295225811
GODREJPROP,2026-07-08,2026-07-09,0.0,2.0101512392200815
GODREJPROP,2026-07-10,2026-07-13,-0.44268167919639945,1.9685434091801124
GODREJPROP,2026-07-13,2026-07-14,-2.055852671138003,-1.7575028481743749
GRANULES,2026-07-07,2026-07-08,-1.0801379550486323,0.11614401858304202
GRANULES,2026-07-09,2026-07-10,-0.8727477477477485,-0.11261261261261701
GRANULES,2026-07-13,2026-07-14,-0.6341928678000097,0.6229641532021324
GRAPHITE,2026-08-04,2026-08-05,-1.5156773005484236,-1.0127820419447153
GRAPHITE,2026-08-05,2026-08-06,-0.8727494360863841,1.7736451510302231
GRAPHITE,2026-09-09,2026-09-10,-1.8923085061994804,-1.528174327370846
GRASIM,2026-06-15,2026-06-16,-1.411991060179485,-1.1666987847095633
GROWW,2026-07-02,2026-07-03,-1.0241522305253659,-0.33816277692859664
GVT&D,2026-06-17,2026-06-18,-2.1758135016998525,1.8164157357940747
GVT&D,2026-06-18,2026-06-19,0.0,5.621301775147924
GVT&D,2026-06-19,2026-06-22,-2.2230254834628593,-0.6958250497017926
HAL,2026-08-03,2026-08-04,-1.1156644697418616,-0.936133335810152
HAL,2026-08-06,2026-08-07,-1.393324617669367,-0.707785642062686
HAL,2026-08-12,2026-08-13,-2.1286744941662272,-1.531291022106207
HAL,2026-08-17,2026-08-18,-0.3398912224582551,0.7607943879063273
HAVELLS,2026-07-30,2026-07-31,-0.8360261362749033,-0.5915292890278145
HAVELLS,2026-08-03,2026-08-04,-0.3891050583657574,0.7782101167315147
HAVELLS,2026-08-04,2026-08-05,-0.47356383056856854,0.1475059739208584
HAVELLS,2026-08-17,2026-08-18,-1.0006928061203735,0.04618394251503233
HCLTECH,2026-07-24,2026-07-27,-0.6301521263491372,0.7546250962844558
HCLTECH,2026-07-27,2026-07-28,0.0,1.5603419545061392
HCLTECH,2026-07-28,2026-07-29,-1.452297662108415,0.11917015822138222
HCLTECH,2026-07-29,2026-07-30,0.0,0.3195636820855663
HCLTECH,2026-07-30,2026-07-31,-0.636155979798847,3.0888365399207363
HCLTECH,2026-08-03,2026-08-04,-2.0571292987039413,-0.4215982382547834
HDFCBANK,2026-07-06,2026-07-07,-1.7414590685363995,-1.634472511144136
HDFCBANK,2026-07-07,2026-07-08,-2.241066020593585,-1.9442747175007602
HEG,2026-07-23,2026-07-24,0.0,5.158608582006363
HEG,2026-07-30,2026-07-31,-2.232621554239156,-1.1917369321332139
HEG,2026-08-05,2026-08-06,-1.9495596073437538,-0.8551999137952571
HEG,2026-08-14,2026-08-17,-2.0836245039971057,-0.796469318786519
HEG,2026-08-18,2026-08-19,-5.271695139702281,-4.291700530398657
HEG,2026-09-01,2026-09-02,-3.080002186886255,-2.5838902183101253
HEROMOTOCO,2026-07-30,2026-07-31,-1.1043782354724363,0.41227679612443335
HEROMOTOCO,2026-07-31,2026-08-03,-0.5437788018433198,0.6451612903225712
HEROMOTOCO,2026-08-03,2026-08-04,-0.11029411764705843,1.9852941176470518
HEROMOTOCO,2026-08-04,2026-08-05,-0.6073597713469048,1.6434440871739842
HEROMOTOCO,2026-08-05,2026-08-06,-1.7871361585419798,-1.7871361585419798
HEROMOTOCO,2026-08-07,2026-08-10,0.0,1.0693342531907568
HEROMOTOCO,2026-08-10,2026-08-11,-0.7439712673165677,0.3164015734564707
HFCL,2026-06-19,2026-06-22,-5.528699877110643,-2.9415824312140737
HFCL,2026-06-22,2026-06-23,-4.156627409201297,-3.140347349489059
HFCL,2026-07-06,2026-07-07,-3.331994509578129,-1.9084449549638616
HFCL,2026-07-07,2026-07-08,-2.6122424067283045,-2.6122424067283045
HFCL,2026-08-24,2026-08-25,-1.5323583168873944,-0.9603353034479345
HFCL,2026-08-25,2026-08-26,-2.556495731981734,-1.6500258817465863
HFCL,2026-08-27,2026-08-28,-0.008112424580786204,2.4350649953833514
HFCL,2026-08-28,2026-08-31,-2.6357187366947032,-2.049563932976328
HFCL,2026-08-31,2026-09-01,-6.2068979281370895,-6.2068979281370895
HINDCOPPER,2026-08-17,2026-08-18,-2.157449852652449,-0.22895171203186626
HINDCOPPER,2026-08-21,2026-08-24,-1.6046491116523565,-1.4832140882838685
HINDCOPPER,2026-08-24,2026-08-25,-2.342527277529316,-1.9644054107666342
HONASA,2026-06-11,2026-06-12,-2.72630425100181,-2.100789336647324
HONASA,2026-06-30,2026-07-01,0.0,1.8165940952994175
HONASA,2026-07-01,2026-07-02,-0.8017103153393879,-0.11758156984900126
HONASA,2026-07-06,2026-07-07,-0.9316783380554305,-0.40693808552622057
HSCL,2026-06-10,2026-06-11,-1.9709073153409085,-1.6000000000000014
HSCL,2026-06-17,2026-06-18,-2.1054111296622158,-1.842237994473106
HSCL,2026-06-18,2026-06-19,-3.3311578199282654,-2.3151189381557358
HSCL,2026-07-21,2026-07-22,-6.218122959869432,-6.039941556259598
HSCL,2026-08-14,2026-08-17,-0.956632653061229,0.0
HYUNDAI,2026-06-15,2026-06-16,-3.3816898242693627,-3.205255029971066
HYUNDAI,2026-08-13,2026-08-14,-2.0251154126313953,-1.694304796743018
ICICIBANK,2026-06-24,2026-06-25,0.0,0.5361948079827039
ICICIBANK,2026-07-03,2026-07-06,-0.12024849225296119,0.9265790871061164
ICICIBANK,2026-07-06,2026-07-07,-1.4812710938479579,-1.3415282159668807
ICICIBANK,2026-07-17,2026-07-20,-0.8061232634270388,0.6132027190543399
ICICIBANK,2026-07-20,2026-07-21,-0.7900814583653104,-0.3473624680253473
IDBI,2026-07-14,2026-07-15,-2.5635183844771703,-2.016630637761596
IDEA,2026-08-25,2026-08-26,-1.7015659669580518,-1.4397861073241924
IDEA,2026-09-07,2026-09-08,-1.480048537972467,-0.7722000376683025
IDEA,2026-09-09,2026-09-10,-5.4243801999441565,-4.9138510147715415
IDFCFIRSTB,2026-06-12,2026-06-15,-1.1519185052128011,0.2175935035405363
IDFCFIRSTB,2026-06-15,2026-06-16,-1.4900639569100482,-1.158935394319327
IDFCFIRSTB,2026-06-22,2026-06-23,-2.8699187723963626,-2.3356905246784687
IDFCFIRSTB,2026-07-27,2026-07-28,-0.29484608715721894,1.3091173468171124
IFCI,2026-06-12,2026-06-15,-3.157779564425245,1.4591869145970549
IFCI,2026-06-15,2026-06-16,-2.287941358565282,-0.7924097059864632
IFCI,2026-06-17,2026-06-18,-10.65500945570539,-8.729807069506235
IFCI,2026-08-25,2026-08-26,-0.287422591340758,2.8742533244058732
IFCI,2026-08-26,2026-08-27,-3.0553030051907903,-2.1027011494965997
IFCI,2026-08-27,2026-08-28,-0.7475050575970421,6.7394404217422155
IFCI,2026-08-28,2026-08-31,-2.403107115174774,-0.6644585639401401
IFCI,2026-09-02,2026-09-03,-3.9979729268369235,-2.89193913268454
IFCI,2026-09-03,2026-09-04,0.0,6.062174584581448
IFCI,2026-09-04,2026-09-07,-2.873563176391669,-2.021073352023406
IIFL,2026-06-16,2026-06-17,-1.2920070286718377,-0.5430134716210233
IIFL,2026-07-16,2026-07-17,-3.6660172380161393,-2.6135702538124805
IIFL,2026-07-21,2026-07-22,-1.663760939541592,-0.8710801393728262
IIFL,2026-07-22,2026-07-23,-4.394845594152363,-2.497851981625532
IIFL,2026-07-28,2026-07-29,-1.1925042589437829,0.7666098807495692
IIFL,2026-07-29,2026-07-30,-0.14110992286680002,0.9379969524471843
IIFL,2026-07-30,2026-07-31,-1.2298498986591744,-0.8551881073813106
IIFL,2026-07-31,2026-08-03,-1.2851957666702218,1.1542219931016673
IIFL,2026-08-10,2026-08-11,-1.6682649744157119,-1.1414470203366722
IIFL,2026-08-13,2026-08-14,-1.2973737511021155,-0.7469727657860692
IIFL,2026-08-14,2026-08-17,-0.9822579352228633,-0.41983909423520815
IIFL,2026-08-20,2026-08-21,0.0,5.092592592592582
IIFL,2026-08-21,2026-08-24,-0.394383766894546,1.7236414327981064
IIFL,2026-08-24,2026-08-25,-2.2701408373165366,1.1692373167960568
INDHOTEL,2026-06-15,2026-06-16,-0.09393416388185916,0.2601138429145555
INDHOTEL,2026-06-18,2026-06-19,-0.5773479518608293,1.5419208329831013
INDHOTEL,2026-06-19,2026-06-22,-0.3089598352214229,0.6522485410229928
INDHOTEL,2026-06-22,2026-06-23,-1.5842518327081612,-0.6858240290403605
INDHOTEL,2026-07-06,2026-07-07,-0.4850493885588225,0.5119897238574422
INDHOTEL,2026-07-07,2026-07-08,-3.0360276266654496,-2.455802424967768
INDIGO,2026-06-12,2026-06-15,-0.1852232969746903,0.5556698909240598
INDIGO,2026-06-15,2026-06-16,-2.1463434482977606,-1.49797144944106
INDIGO,2026-06-18,2026-06-19,-0.6717869681743482,0.3678803179880896
INDIGO,2026-06-24,2026-06-25,0.0,3.2095606355990958
INDUSINDBK,2026-07-03,2026-07-06,0.0,4.685881541679993
INDUSINDBK,2026-07-06,2026-07-07,-0.059515633190687645,1.3935714761808216
INDUSINDBK,2026-07-07,2026-07-08,-2.381776628366117,-1.9034456887040418
INDUSINDBK,2026-07-21,2026-07-22,-0.5790438334837278,0.6779091806508486
INDUSINDBK,2026-07-22,2026-07-23,-3.6098665751105097,-3.0934846115182157
INFY,2026-08-10,2026-08-11,-0.44639506528751927,0.28635578235727266
IPCALAB,2026-08-25,2026-08-26,-0.1390294115280688,0.4119464469618972
IPCALAB,2026-08-26,2026-08-27,-0.43433827286663007,0.20439448134901284
JBMA,2026-06-19,2026-06-22,-1.1580381471389622,-1.0899182561307952
JINDALSTEL,2026-08-20,2026-08-21,-0.16038926755858052,0.4900650236755233
JSWCEMENT,2026-06-15,2026-06-16,-1.1175313666606401,-0.20809577838992732
JSWCEMENT,2026-06-17,2026-06-18,-0.5431923168831565,0.007646321109766596
JSWINFRA,2026-06-23,2026-06-24,-0.11029801430872954,6.649860357789517
JSWINFRA,2026-06-24,2026-06-25,-3.8404909540255106,-2.8840459520380057
JSWINFRA,2026-07-13,2026-07-14,-2.630069185393513,-1.700966808773774
JSWSTEEL,2026-08-26,2026-08-27,-1.386208389316157,-0.8524833209785032
JSWSTEEL,2026-08-27,2026-08-28,-0.9073847458520801,0.104988707466247
JUBLFOOD,2026-08-10,2026-08-11,-1.6094770747164588,-1.1640854049802085
JUBLFOOD,2026-08-13,2026-08-14,0.0,1.6023404826827292
JUBLFOOD,2026-08-14,2026-08-17,-0.6528165762549332,1.1869436201780381
JUBLFOOD,2026-08-26,2026-08-27,-0.9999000344081854,0.7899234683446776
JYOTICNC,2026-06-24,2026-06-25,-3.5798504597872816,-2.286771377525243
JYOTICNC,2026-07-10,2026-07-13,-0.6920211150411415,0.0698352868381047
JYOTICNC,2026-07-15,2026-07-16,-1.768654220464394,-1.0291459711830653
JYOTICNC,2026-07-16,2026-07-17,-3.0333197008336588,-2.6603709304522494
JYOTICNC,2026-08-18,2026-08-19,-1.7434365038968336,2.3084386488634534
JYOTICNC,2026-08-19,2026-08-20,-0.6157869037829111,-0.026315789473685403
JYOTICNC,2026-08-21,2026-08-24,-1.9366564186216073,-1.1246746156428955
JYOTICNC,2026-08-24,2026-08-25,-0.21422857290870345,1.5812292782453552
JYOTICNC,2026-08-25,2026-08-26,-0.7722227048434283,2.225810048913157
JYOTICNC,2026-08-26,2026-08-27,-0.5902316730165502,1.2394901158230054
JYOTICNC,2026-08-27,2026-08-28,-1.3982583599823184,0.9273242758190525
JYOTICNC,2026-08-28,2026-08-31,-3.773038255486172,-3.4966040536342113
JYOTICNC,2026-09-08,2026-09-09,-2.5166087952892213,-2.0511103053196145
KALYANKJIL,2026-06-30,2026-07-01,-1.9876050105231968,-1.122872011370768
KALYANKJIL,2026-07-09,2026-07-10,-1.740086761340176,5.7709277989055785
KALYANKJIL,2026-07-10,2026-07-13,-0.02126884324104017,8.8260312468319
KALYANKJIL,2026-07-13,2026-07-14,-1.3884890270063677,2.9808671175962864
KALYANKJIL,2026-07-14,2026-07-15,-2.883899703007964,1.9850141546699396
KALYANKJIL,2026-07-15,2026-07-16,-1.9503174951126967,0.6439742410303539
KALYANKJIL,2026-07-16,2026-07-17,0.0,5.495520705953605
KALYANKJIL,2026-07-17,2026-07-20,-1.7017191364465667,-0.5148812538929293
KALYANKJIL,2026-07-21,2026-07-22,-0.10405559623507532,3.164831219515496
KALYANKJIL,2026-07-22,2026-07-23,-2.3584471291678955,-1.931920760162098
KALYANKJIL,2026-07-28,2026-07-29,-0.48931660731724724,2.756487536622587
KALYANKJIL,2026-07-29,2026-07-30,-0.6022167659221478,0.12678094975733245
KALYANKJIL,2026-07-30,2026-07-31,-3.6759467840051574,-3.226307795148342
KARURVYSYA,2026-07-21,2026-07-22,-1.5627299571006725,-1.270631232937769
KARURVYSYA,2026-07-22,2026-07-23,-1.0060731739165107,-0.014800505619227966
KARURVYSYA,2026-08-03,2026-08-04,-2.4334383902234746,-2.247344935663209
KAYNES,2026-08-24,2026-08-25,-1.2963443090484805,2.0482240082966063
KAYNES,2026-08-25,2026-08-26,-0.13430425366918186,2.17165319695658
KAYNES,2026-08-26,2026-08-27,-0.3980099502487566,-0.029849531638681537
KEI,2026-06-15,2026-06-16,-2.2047388162107717,-1.3630957826365364
KEI,2026-06-17,2026-06-18,-1.352426412092278,-0.4596481923450857
KEI,2026-08-17,2026-08-18,-2.4824676176561367,-1.416607514569379
KFINTECH,2026-08-17,2026-08-18,-3.08243477582566,-1.935486371127737
KFINTECH,2026-08-21,2026-08-24,-1.9361772899100793,-1.4229087968909648
KIRLOSENG,2026-06-23,2026-06-24,-0.880881562579594,4.54712269317934
KIRLOSENG,2026-07-13,2026-07-14,-3.1131256128715923,-2.431870451847651
KOTAKBANK,2026-08-26,2026-08-27,0.0,2.2406983698517458
KOTAKBANK,2026-08-27,2026-08-28,-0.47270148219064057,0.1418118872276386
KPRMILL,2026-06-24,2026-06-25,-5.058171151000201,-2.7311656396713624
LALPATHLAB,2026-07-07,2026-07-08,-2.629704423973833,-1.4278914387665043
LALPATHLAB,2026-07-13,2026-07-14,-0.8311702403499321,0.8023102114899094
LAURUSLABS,2026-06-23,2026-06-24,-2.749329435857484,-2.0080895436741963
LAURUSLABS,2026-06-29,2026-06-30,-0.7153808598771239,1.450830644554446
LAURUSLABS,2026-07-03,2026-07-06,-1.995330865830125,-0.9652775751312515
LAURUSLABS,2026-07-13,2026-07-14,-0.46888359648349365,0.24407005576627672
LAURUSLABS,2026-07-21,2026-07-22,-1.397805808739283,-0.6044563582094375
LAURUSLABS,2026-07-24,2026-07-27,-0.614250614250611,5.098280098280106
LAURUSLABS,2026-07-27,2026-07-28,-0.1168224299065379,2.511682242990654
LAURUSLABS,2026-07-28,2026-07-29,-0.5609714494645646,0.9349501101247437
LAURUSLABS,2026-07-29,2026-07-30,-0.610645625437678,-0.20728017769607865
LAURUSLABS,2026-07-31,2026-08-03,-1.5296604189871665,-0.3301419566082875
LAURUSLABS,2026-08-03,2026-08-04,0.0,2.102763677496955
LAURUSLABS,2026-08-04,2026-08-05,-0.8376114563631409,-0.8376114563631409
LAURUSLABS,2026-08-10,2026-08-11,-0.8222857003989725,0.5139302136867752
LAURUSLABS,2026-08-26,2026-08-27,-0.5396799561838583,2.084657376405419
LAURUSLABS,2026-08-27,2026-08-28,-0.9695184969302106,0.5029008153420778
LAURUSLABS,2026-08-31,2026-09-01,-2.9012325211353884,-1.6223681472290585
LENSKART,2026-07-03,2026-07-06,-1.7373413048844655,0.14010835365272367
LENSKART,2026-07-09,2026-07-10,-2.5899324485723962,-2.1582733812949617
LENSKART,2026-07-27,2026-07-28,-3.490609407315526,-2.6135702538124805
LENSKART,2026-08-10,2026-08-11,-0.9104792049391519,0.27230032123439774
LENSKART,2026-08-13,2026-08-14,0.0,2.2556390977443552
LENSKART,2026-08-18,2026-08-19,-0.9691827747818293,1.6205832183388669
LENSKART,2026-08-19,2026-08-20,-0.853374709076804,1.8851860999321124
LENSKART,2026-08-20,2026-08-21,-3.4584980878960114,0.49407115541371116
LENSKART,2026-08-21,2026-08-24,-2.629206827207964,-1.592544467359125
LENSKART,2026-08-24,2026-08-25,-1.1376577001791954,0.16798299795452998
LENSKART,2026-09-04,2026-09-07,-0.5520830830105683,0.04358387306246936
LENSKART,2026-09-10,2026-09-11,-1.8475733283058071,-1.5949751714301241
LGEINDIA,2026-08-14,2026-08-17,-4.201295404934857,-4.028165215907631
LGEINDIA,2026-08-17,2026-08-18,-0.8385053238328055,-0.5851451684617537
LICI,2026-07-10,2026-07-13,0.0,0.6849315068493178
LLOYDSME,2026-07-27,2026-07-28,-2.744205620869744,-1.6742643159606274
LLOYDSME,2026-07-29,2026-07-30,-1.580968045703257,-0.7535484950824123
LLOYDSME,2026-07-31,2026-08-03,-0.8136792032003348,-0.08769269017430137
LLOYDSME,2026-08-10,2026-08-11,-4.611650485436892,-3.582526642141992
LODHA,2026-07-01,2026-07-02,-0.8201652637676471,0.6401304753154147
LODHA,2026-07-02,2026-07-03,-0.2794427446681347,4.118050690716402
LODHA,2026-07-03,2026-07-06,-1.2425936774406732,3.1629458760736417
LODHA,2026-07-06,2026-07-07,-0.7763265878588999,0.5571262626651086
LODHA,2026-07-07,2026-07-08,-0.7449748093292907,1.9286997793361627
LODHA,2026-07-08,2026-07-09,-0.4560893048656589,8.647550237073842
LODHA,2026-07-09,2026-07-10,-3.622604427472831,3.204127758914499
LODHA,2026-07-28,2026-07-29,-1.108616835217191,1.0272113922952242
LODHA,2026-07-29,2026-07-30,-1.3966929137408601,-0.7656753498941904
LTF,2026-06-30,2026-07-01,-1.385793624752396,-0.2548543512340906
LTF,2026-07-01,2026-07-02,-0.8440911963764952,0.3344442593225194
LTF,2026-07-03,2026-07-06,-1.3199744339454367,2.0330791853163
LTF,2026-07-06,2026-07-07,-1.3841417607084017,-0.5506789808882528
LTF,2026-07-07,2026-07-08,-4.512191400295351,-4.024393965558303
LTFOODS,2026-08-24,2026-08-25,-3.639554019156954,-2.5433032116388365
LTFOODS,2026-09-08,2026-09-09,-1.0137754498106055,-0.253442181043384
LTM,2026-07-28,2026-07-29,-1.5425643320594262,-0.5886089149479745
LTM,2026-07-29,2026-07-30,-0.5524387526667396,-0.2605007333539189
LTM,2026-07-30,2026-07-31,-0.5985617209142258,1.2017793498358742
LTM,2026-08-03,2026-08-04,-2.9722793676705717,-2.7931769722814526
LTM,2026-08-10,2026-08-11,-1.0620574760516477,0.9995835068721259
LTM,2026-08-11,2026-08-12,-2.8370262994408812,-1.3853779735711336
LUPIN,2026-06-30,2026-07-01,-1.5150287701986453,-1.309182743026971
LUPIN,2026-07-03,2026-07-06,-0.5823760830442892,-0.052214989261367695
LUPIN,2026-07-06,2026-07-07,-0.7843176333033219,-0.3961545555722257
M&M,2026-07-28,2026-07-29,-2.132845825716023,-1.8342459223606
M&M,2026-07-31,2026-08-03,-2.1242774566473943,-0.9075116284320783
M&M,2026-08-05,2026-08-06,-1.2152296624176384,-1.2152296624176384
M&M,2026-08-07,2026-08-10,-0.27088679783290326,0.2851439977188397
M&M,2026-08-10,2026-08-11,-1.5328522445627102,-1.4160336908214832
M&MFIN,2026-07-06,2026-07-07,-2.0392749244713015,0.5740162829257933
M&MFIN,2026-07-10,2026-07-13,-0.5131245855992783,0.4829478305068635
M&MFIN,2026-07-21,2026-07-22,0.0,4.346026563261707
M&MFIN,2026-07-22,2026-07-23,-2.44887135469547,-0.4305721413443431
M&MFIN,2026-07-29,2026-07-30,-0.879760740316049,0.21675535298872894
M&MFIN,2026-07-30,2026-07-31,-2.8051568766968127,-2.514534217862352
M&MFIN,2026-08-03,2026-08-04,-1.4914179784367598,-0.7645113967220896
M&MFIN,2026-08-10,2026-08-11,-3.5805315118153658,-2.9129747892735147
MAHABANK,2026-06-10,2026-06-11,-1.1451736413025215,-0.8946677604892539
MAHABANK,2026-06-12,2026-06-15,-0.3272040217920269,0.21437712658727293
MAHABANK,2026-06-15,2026-06-16,-3.0066865098885565,-1.792873669974837
MAHABANK,2026-06-29,2026-06-30,-2.997540886398231,-2.258859359415133
MANAPPURAM,2026-07-03,2026-07-06,-1.4784257785122379,6.050908959656143
MANAPPURAM,2026-07-06,2026-07-07,-1.5371194839342794,-0.7540532708773307
MANAPPURAM,2026-07-21,2026-07-22,-1.2372030796367284,-0.02844314612616694
MANAPPURAM,2026-07-23,2026-07-24,-0.18766966508731997,1.905588562785554
MANAPPURAM,2026-07-27,2026-07-28,-1.4436457609119824,0.4997189705630012
MANAPPURAM,2026-07-29,2026-07-30,-0.9186689652562086,-0.4728451691812574
MANAPPURAM,2026-07-30,2026-07-31,0.0,1.169913876576989
MANKIND,2026-07-15,2026-07-16,-0.7369871577566411,-0.1920852456518629
MAPMYINDIA,2026-07-14,2026-07-15,-2.1666354740831006,-0.3900763693820197
MAPMYINDIA,2026-07-29,2026-07-30,-0.8899558986254386,0.7701523351040018
MARICO,2026-07-28,2026-07-29,-1.4803973623763844,-0.9040569306456026
MARUTI,2026-06-30,2026-07-01,-0.705019740552737,1.487591652566267
MARUTI,2026-07-01,2026-07-02,-1.292865044247793,-0.8019911504424826
MAXHEALTH,2026-06-19,2026-06-22,-1.9871517121221483,-0.18230708818949282
MAXHEALTH,2026-06-29,2026-06-30,-1.8007433541802897,-1.5260518857641125
MAXHEALTH,2026-07-06,2026-07-07,-1.7981511162681763,-1.7452665339907414
MAZDOCK,2026-08-26,2026-08-27,-1.7607928818454077,-1.5782468149838413
MCX,2026-08-21,2026-08-24,-0.6031830834968277,2.1345766750132444
MCX,2026-08-24,2026-08-25,-0.9345284587950031,-0.155249383721634
MCX,2026-08-25,2026-08-26,-1.6702060520233375,1.5459230069718055
MCX,2026-08-26,2026-08-27,-1.8601860186018615,-1.8001800180017957
MCX,2026-08-31,2026-09-01,-3.0902068719298903,-1.6671628460851462
MEESHO,2026-08-20,2026-08-21,-2.9354590907854194,-2.3094775121899502
MEESHO,2026-08-24,2026-08-25,-1.6010552615569162,-0.33578394226537744
MEESHO,2026-09-02,2026-09-03,-2.7181791631598617,-1.5351340772730149
MEESHO,2026-09-03,2026-09-04,-0.8201417178579251,0.12397220356787919
MEESHO,2026-09-04,2026-09-07,-1.7899761336515496,0.3818630318653149
MEESHO,2026-09-09,2026-09-10,-1.560182924623843,0.8333347461841667
MEESHO,2026-09-10,2026-09-11,-0.37534640738603464,1.6821082357227013
MOTHERSON,2026-06-15,2026-06-16,-0.7493421817070023,-0.35779299387465047
MOTHERSON,2026-08-03,2026-08-04,-4.265892701217345,-2.549207503089912
MOTHERSON,2026-08-04,2026-08-05,-0.4674994916081143,1.6329828577491323
MOTHERSON,2026-08-06,2026-08-07,0.0,8.172302354998152
MOTHERSON,2026-08-07,2026-08-10,-1.6117679371553284,-1.1823497099034963
MOTHERSON,2026-08-10,2026-08-11,-0.7820784897360711,0.2843913562096345
MOTHERSON,2026-08-19,2026-08-20,-1.3839387545620419,-0.9751814125228075
MOTILALOFS,2026-08-26,2026-08-27,-1.389226157515755,0.14952744052878497
MOTILALOFS,2026-09-07,2026-09-08,-1.5033348076236908,0.04757373929591413
MPHASIS,2026-08-07,2026-08-10,-0.3255535283279043,0.7998031253845239
MPHASIS,2026-08-11,2026-08-12,-2.511827727597593,0.06309533344834861
MPHASIS,2026-08-14,2026-08-17,-2.0362296542261293,-0.9510317954109171
MPHASIS,2026-09-01,2026-09-02,-2.301345852821368,-0.22128344397505106
MRPL,2026-07-22,2026-07-23,-0.3263525204782791,0.5324588665304164
MRPL,2026-07-23,2026-07-24,-4.154824063406625,-3.597818428565036
MRPL,2026-08-11,2026-08-12,-3.5038948525180302,-3.1145750881347856
MRPL,2026-09-09,2026-09-10,-4.8025905447000135,-1.936174521601064
NAM-INDIA,2026-07-01,2026-07-02,-0.7826831318953009,1.0158160842526964
NAM-INDIA,2026-07-02,2026-07-03,-0.6383540938110221,-0.4173807581666189
NAM-INDIA,2026-08-20,2026-08-21,-0.5027938767843132,1.4516279919279729
NAUKRI,2026-07-28,2026-07-29,-0.991962235887045,-0.1759988125475398
NAUKRI,2026-07-29,2026-07-30,-1.285129073175728,-0.698435477248327
NAUKRI,2026-08-04,2026-08-05,-3.2623222070957802,-2.3661643081215544
NAUKRI,2026-08-10,2026-08-11,0.0,5.067983185154268
NAUKRI,2026-08-11,2026-08-12,-2.4853390332890357,-1.832844574780057
NAVINFLUOR,2026-08-26,2026-08-27,-1.3627324833313859,0.17545911802550052
NAVINFLUOR,2026-08-31,2026-09-01,-0.8190102664667243,-0.38066674356903585
NAVINFLUOR,2026-09-09,2026-09-10,-1.055651176133099,-0.16637980493402482
NBCC,2026-06-15,2026-06-16,-0.10235471210767733,1.5260066725787835
NBCC,2026-06-16,2026-06-17,-0.5663677168798453,3.0693345874523548
NBCC,2026-06-17,2026-06-18,-3.2568423142235625,-2.956757293276724
NBCC,2026-06-18,2026-06-19,-0.5282348041295348,1.73041333668158
NESTLEIND,2026-07-22,2026-07-23,-3.6621256304498417,-3.3279903779488973
NESTLEIND,2026-07-30,2026-07-31,-1.9060703816490387,-1.120061317406329
NESTLEIND,2026-08-07,2026-08-10,-1.1827445194096398,-0.6628589107438243
NETWEB,2026-06-17,2026-06-18,-0.24529844644317622,4.121015896489166
NETWEB,2026-06-18,2026-06-19,-1.979421852033314,-0.440960313571781
NETWEB,2026-06-19,2026-06-22,-1.8357752168866037,-0.07624442509774898
NETWEB,2026-08-13,2026-08-14,-4.011540339543274,-3.769230769230769
NETWEB,2026-08-14,2026-08-17,0.0,3.97035274882771
NETWEB,2026-08-18,2026-08-19,-5.615129025587795,-4.873331043946594
NETWEB,2026-08-20,2026-08-21,-0.5119471853456181,3.2924023143182657
NETWEB,2026-08-21,2026-08-24,-3.3374987437466475,-2.5460067893514404
NETWEB,2026-08-24,2026-08-25,-3.273251863420157,-1.4113317837939898
NEULANDLAB,2026-08-06,2026-08-07,-0.2124024564805871,5.531698757907377
NEULANDLAB,2026-08-07,2026-08-10,-3.2952164804469275,-2.8936801675977675
NEULANDLAB,2026-08-14,2026-08-17,-1.3813813813813858,1.5057915057915094
NEULANDLAB,2026-08-17,2026-08-18,-1.4151942714291765,-0.9830091945256525
NIACL,2026-09-04,2026-09-07,-4.010434352597492,-1.7486837182281167
NIACL,2026-09-07,2026-09-08,-13.614717293611333,-11.277057598163553
NUVAMA,2026-07-10,2026-07-13,-2.389497320925249,-1.2921726901250485
NUVAMA,2026-07-24,2026-07-27,-3.5145576180156457,-2.5763286119358964
NYKAA,2026-06-30,2026-07-01,-0.8377657652271497,-0.5961031310238063
NYKAA,2026-07-02,2026-07-03,-2.4622716441620285,-2.3828435266084247
NYKAA,2026-07-03,2026-07-06,-0.8131435780983853,-0.11160908695904137
NYKAA,2026-07-06,2026-07-07,-0.7620334405590845,-0.20638970911841525
NYKAA,2026-07-08,2026-07-09,-0.1246669437043213,1.5583605749992957
NYKAA,2026-07-10,2026-07-13,-0.5925287665956125,-0.060775509973198805
NYKAA,2026-07-22,2026-07-23,-1.0876188294582478,-0.030639125424536395
NYKAA,2026-07-31,2026-08-03,-0.14985763798788243,3.37179685472746
NYKAA,2026-08-03,2026-08-04,-1.5592785784464769,0.7649326714337823
OBEROIRLTY,2026-07-03,2026-07-06,-0.875856646019102,-0.7078126116942141
OBEROIRLTY,2026-07-06,2026-07-07,-3.0429722462548714,-2.828890326181399
OFSS,2026-07-01,2026-07-02,-1.021145852159766,-0.7229351165732867
OFSS,2026-07-02,2026-07-03,-1.1388286334056419,1.590744757772966
OFSS,2026-07-06,2026-07-07,-1.0215969172864936,-0.34949368222959576
OFSS,2026-07-10,2026-07-13,0.0,1.1539786427833265
OFSS,2026-07-13,2026-07-14,-0.845575674752308,-0.3672702425691843
OFSS,2026-08-05,2026-08-06,-1.070700203942898,-0.28042148198504924
OFSS,2026-08-06,2026-08-07,-0.8397600685518425,1.1568123393316254
OFSS,2026-08-28,2026-08-31,-0.9101344703181358,2.820596917021967
OFSS,2026-08-31,2026-09-01,-2.03331700146987,-0.4817899722358354
OIL,2026-08-10,2026-08-11,0.0,1.9618509755106706
OIL,2026-08-11,2026-08-12,-1.1019245087326102,0.021192223947674727
OIL,2026-08-18,2026-08-19,-2.5936549819978727,-2.254010285014574
OIL,2026-08-31,2026-09-01,0.0,1.1874032008260205
OIL,2026-09-09,2026-09-10,-1.0526291545121524,-0.6355535664411716
OLAELEC,2026-06-30,2026-07-01,-0.20468535385328446,2.1150790979234557
OLECTRA,2026-06-18,2026-06-19,-0.4432456753132641,5.8245012926061435
OLECTRA,2026-06-19,2026-06-22,-1.6579650400824097,-0.9007864770316565
OLECTRA,2026-06-22,2026-06-23,-2.4967148488830526,-1.406046282132889
PAGEIND,2026-06-24,2026-06-25,0.0,0.9615384615384581
PAGEIND,2026-07-01,2026-07-02,-1.7124468451902075,-1.2987012987012991
PARADEEP,2026-08-25,2026-08-26,-0.5049230568751839,1.795290434911645
PARADEEP,2026-08-28,2026-08-31,-3.6247206211847294,-3.40119913268353
PAYTM,2026-07-07,2026-07-08,-2.172685965956178,-1.1872992053746034
PAYTM,2026-07-09,2026-07-10,0.0,5.099091418973978
PAYTM,2026-07-10,2026-07-13,0.0,4.274661968122695
PAYTM,2026-07-13,2026-07-14,-1.037438230908605,0.21764364095069322
PAYTM,2026-07-15,2026-07-16,-3.316510454217736,-1.867341342037676
PAYTM,2026-08-03,2026-08-04,-3.0243716026092327,-2.2141476743034016
PAYTM,2026-08-06,2026-08-07,-0.0419680747190565,0.8393956494775257
PAYTM,2026-08-10,2026-08-11,-0.9359899607732425,0.11306782650970515
PAYTM,2026-08-11,2026-08-12,-0.344438867223007,0.8266502234617557
PAYTM,2026-08-13,2026-08-14,-2.5591135013507404,-2.5591135013507404
PAYTM,2026-08-25,2026-08-26,0.0,0.4389815627743543
PAYTM,2026-08-26,2026-08-27,-2.4064184972423797,-2.4064184972423797
PAYTM,2026-09-09,2026-09-10,-1.6073662264491695,-0.5262527988121657
PERSISTENT,2026-07-27,2026-07-28,-0.5348351978179289,0.8096883679555855
PERSISTENT,2026-07-28,2026-07-29,-1.6570605187319898,-1.6390489913544637
PERSISTENT,2026-07-29,2026-07-30,0.0,0.6020030068083493
PERSISTENT,2026-07-30,2026-07-31,-1.7582535761433427,3.5724932592016367
PERSISTENT,2026-08-20,2026-08-21,-1.520611760569568,-0.369165860947529
PERSISTENT,2026-08-28,2026-08-31,-4.442166410387838,-4.41653852725098
PGEL,2026-07-07,2026-07-08,-2.438600210595565,-1.6344682782025277
PGEL,2026-07-13,2026-07-14,-1.1864406779661052,2.0508433196504194
PGEL,2026-07-16,2026-07-17,-2.89272800321414,-1.6472478907191612
PGEL,2026-08-07,2026-08-10,-2.9966741792068374,-1.4111343335666549
PHOENIXLTD,2026-07-03,2026-07-06,-2.012837387397104,1.6459959675608982
PHOENIXLTD,2026-07-06,2026-07-07,-3.0819935129005605,-2.2148916116870865
PHOENIXLTD,2026-07-07,2026-07-08,-2.0761390667386914,-1.7357880108634038
PHOENIXLTD,2026-07-10,2026-07-13,-1.0069785497926365,0.8383636141181094
PHOENIXLTD,2026-07-13,2026-07-14,-1.5198675887462265,-1.4594423585289285
PIDILITIND,2026-06-15,2026-06-16,-1.864374586972184,-0.7015166096007497
PIDILITIND,2026-08-06,2026-08-07,-1.2576356082117712,-0.5868995413554345
PIDILITIND,2026-08-12,2026-08-13,-0.8780214740166437,-0.05303620589643954
PINELABS,2026-08-27,2026-08-28,-3.234342782296795,-2.4992648772293347
PNB,2026-08-03,2026-08-04,-0.5911922334070785,0.5823665596500494
PNB,2026-08-05,2026-08-06,-0.3784214693033583,0.589638136526216
PNB,2026-08-12,2026-08-13,-0.7679355798391296,-0.7679355798391296
PNBHOUSING,2026-08-20,2026-08-21,-1.0521870525296961,-0.6957956021955924
POLICYBZR,2026-08-11,2026-08-12,-1.8740962476428757,0.8993327531186646
POLICYBZR,2026-08-17,2026-08-18,-0.40506915681348676,1.0936881361655049
POLICYBZR,2026-08-19,2026-08-20,-1.5513420104980469,-0.6919656481061631
POLICYBZR,2026-08-26,2026-08-27,-1.316641042439215,-0.41720585575053537
POLYCAB,2026-06-17,2026-06-18,-0.4422555030656361,-0.09046135289978441
POLYCAB,2026-06-19,2026-06-22,-0.9510600356647525,-0.7083415890628109
PPLPHARMA,2026-07-03,2026-07-06,-2.1572454865947055,1.107018038375407
PPLPHARMA,2026-07-06,2026-07-07,-2.569835812019905,-2.256979489459676
PPLPHARMA,2026-07-21,2026-07-22,-4.30996865786838,-3.6514974181872217
PPLPHARMA,2026-07-27,2026-07-28,-1.9505608563766486,0.8813951883804405
PPLPHARMA,2026-07-28,2026-07-29,0.0,0.8533715254195773
PPLPHARMA,2026-07-29,2026-07-30,-0.6339857545306526,1.3968387148074024
PPLPHARMA,2026-07-30,2026-07-31,-2.2727272727272707,-1.5201992458767188
PPLPHARMA,2026-08-05,2026-08-06,0.0,1.4617033325405648
PPLPHARMA,2026-08-06,2026-08-07,-0.6667260858580826,1.3624540450425604
PPLPHARMA,2026-08-10,2026-08-11,-0.2618524067125816,0.11222551785237123
PPLPHARMA,2026-08-21,2026-08-24,-2.0008434642268424,-0.9234694988618175
PPLPHARMA,2026-09-08,2026-09-09,-4.064433568311488,-3.6010606541562407
PRESTIGE,2026-07-01,2026-07-02,-0.395497414055368,1.8618786483685756
PRESTIGE,2026-07-02,2026-07-03,-2.0673705114160668,-0.9089317640533889
PRESTIGE,2026-07-03,2026-07-06,-1.0501305945935901,1.067932364283597
PRESTIGE,2026-07-06,2026-07-07,-3.2250497657050126,-2.4144108895236216
PRESTIGE,2026-07-10,2026-07-13,-0.8984701749234825,1.12161461695377
PTCIL,2026-09-01,2026-09-02,-1.2146643109540611,0.33127208480565606
PTCIL,2026-09-03,2026-09-04,-1.2231126107127843,0.5061155630535552
PTCIL,2026-09-04,2026-09-07,-0.6321112515802807,0.18963337547408532
PWL,2026-06-19,2026-06-22,-0.7176035824247973,2.8785831262774675
PWL,2026-06-22,2026-06-23,-0.43653895681304844,3.206604479742703
PWL,2026-07-02,2026-07-03,-2.9906790447686293,-2.321908848343257
PWL,2026-07-06,2026-07-07,-0.6691404434828074,8.58736286376045
PWL,2026-07-07,2026-07-08,-0.27509897749318224,0.8528236211941431
PWL,2026-07-08,2026-07-09,-2.116839746429333,5.841924398625431
RADICO,2026-06-19,2026-06-22,-0.990096450220812,-0.46063172535568686
RADICO,2026-06-22,2026-06-23,-1.596307593108881,-1.3311400037612886
RADICO,2026-06-29,2026-06-30,-0.14483379001304364,1.8984106232746711
RADICO,2026-06-30,2026-07-01,-0.9213532486301079,-0.0683410839913079
RADICO,2026-07-06,2026-07-07,-1.4268440145102756,-0.96735187424426
RADICO,2026-07-07,2026-07-08,-1.2360109203923386,-0.7883187918187318
RADICO,2026-07-20,2026-07-21,-1.449275362318836,-1.2463791704408256
RADICO,2026-07-28,2026-07-29,-1.385681293302543,0.9468822170900726
RADICO,2026-07-29,2026-07-30,-0.7385682694993734,-0.09831945852171176
RADICO,2026-07-30,2026-07-31,-0.8944954128440319,-0.44037145212155737
RADICO,2026-08-05,2026-08-06,-3.2701897980237815,-2.2224187480514357
RADICO,2026-08-13,2026-08-14,-1.8586445362474557,-0.3151369798057302
RADICO,2026-08-18,2026-08-19,-1.5735176799238304,-0.28030652265833567
RBLBANK,2026-06-11,2026-06-12,-2.6822558459422274,0.6464941137594549
RBLBANK,2026-06-12,2026-06-15,-1.0611181214321808,0.2820652230943521
RBLBANK,2026-06-15,2026-06-16,-2.4367400739220946,-1.004150455863717
RBLBANK,2026-06-19,2026-06-22,-0.7774442250964464,-0.4875493593359814
RBLBANK,2026-09-04,2026-09-07,-1.7579741825330952,-0.06020469596628164
RECLTD,2026-06-18,2026-06-19,-0.9959372111018383,-0.3506803078110132
RECLTD,2026-06-22,2026-06-23,-2.6280323450134757,-2.3315347429877065
REDINGTON,2026-06-17,2026-06-18,-0.4267432524264203,7.175592015145926
REDINGTON,2026-06-18,2026-06-19,0.0,4.4609665427509215
REDINGTON,2026-06-19,2026-06-22,-1.5501726935065685,-0.5546460586038138
REDINGTON,2026-08-11,2026-08-12,-4.519774011299438,-3.9548022598870025
REDINGTON,2026-08-24,2026-08-25,-3.9764158076789125,-3.839298021207227
REDINGTON,2026-08-28,2026-08-31,-2.427319241734449,-1.8787728987505248
REDINGTON,2026-09-07,2026-09-08,-1.8827912990186046,-0.8220647184674523
REDINGTON,2026-09-10,2026-09-11,-3.1261802816819007,-0.7437241232437608
RKFORGE,2026-07-31,2026-08-03,-2.0771549732853334,3.9488625439849656
RKFORGE,2026-08-03,2026-08-04,-1.771455204122141,0.0
RKFORGE,2026-08-04,2026-08-05,-0.09384601041664276,2.4326824503025923
RKFORGE,2026-08-06,2026-08-07,0.0,5.293569106151197
RKFORGE,2026-08-07,2026-08-10,0.0,0.8702768962471907
RKFORGE,2026-08-10,2026-08-11,0.0,1.2601045264066801
RKFORGE,2026-08-19,2026-08-20,-1.329415731812289,-0.40750721400550916
RRKABEL,2026-06-16,2026-06-17,-1.0543346568159695,-0.43254275651212204
RRKABEL,2026-06-18,2026-06-19,-0.7894736842105288,1.9736842105263053
RRKABEL,2026-06-23,2026-06-24,0.0,2.7185249718418847
RRKABEL,2026-06-24,2026-06-25,-1.816318361372471,1.8572265225506257
RRKABEL,2026-06-29,2026-06-30,-7.8483505824483935,-4.573241412142714
RRKABEL,2026-07-28,2026-07-29,-2.4812463935372175,-1.9042123485285667
RRKABEL,2026-08-05,2026-08-06,-1.2052527432991567,-0.5432666902770333
RRKABEL,2026-08-11,2026-08-12,-1.7800916479920104,-1.2775543808412393
RRKABEL,2026-08-18,2026-08-19,-0.007197666374192391,4.751619870410373
RRKABEL,2026-08-19,2026-08-20,-1.562604249663757,-0.4956254845377317
RRKABEL,2026-08-24,2026-08-25,-2.7213441643676672,-2.191710668807012
SAGILITY,2026-07-27,2026-07-28,-0.4645778547825774,0.2555182631847064
SAGILITY,2026-07-28,2026-07-29,-1.3850380386608796,3.6472803374545393
SAGILITY,2026-07-29,2026-07-30,-0.2708779547435647,3.6343129527746543
SAGILITY,2026-07-30,2026-07-31,-5.93865449150095,-5.525344459602543
SAIL,2026-08-28,2026-08-31,-1.5996357663801364,-1.5996357663801364
SAILIFE,2026-09-02,2026-09-03,-1.9650959234433385,-0.4897067170398284
SAILIFE,2026-09-03,2026-09-04,-1.0452299667542797,0.4054240791234731
SAILIFE,2026-09-08,2026-09-09,0.0,1.9452887537994012
SAILIFE,2026-09-09,2026-09-10,-5.185807521567243,-4.916958204520638
SAREGAMA,2026-06-23,2026-06-24,-3.228855020424626,-1.2475127486627602
SBICARD,2026-07-28,2026-07-29,-1.2712863282727915,0.18917896329928574
SBICARD,2026-08-03,2026-08-04,-1.1646254200666895,-1.1195449801439716
SHRIRAMFIN,2026-06-24,2026-06-25,-1.0463355124975648,-0.5930761013875241
SHRIRAMFIN,2026-07-02,2026-07-03,-1.3023255813953472,-1.2372138444767478
SHRIRAMFIN,2026-07-03,2026-07-06,-0.6292806874369283,0.06575310174636861
SHRIRAMFIN,2026-07-07,2026-07-08,-4.663508266069316,-3.8009455531694436
SHRIRAMFIN,2026-08-05,2026-08-06,-0.8053075739767657,0.9734513274336276
SHRIRAMFIN,2026-08-06,2026-08-07,-1.570687093683465,-1.0559964643048092
SIEMENS,2026-07-31,2026-08-03,0.0,5.121293800539073
SIEMENS,2026-08-03,2026-08-04,0.0,1.9313590789403312
SIEMENS,2026-08-04,2026-08-05,-2.2216706374335815,-1.6433955269986367
SIEMENS,2026-08-25,2026-08-26,-1.4794703597748038,-1.4575365002985952
SOLARINDS,2026-08-13,2026-08-14,-3.703703703703709,-1.3876543209876524
SOLARINDS,2026-08-27,2026-08-28,-1.5318031511379115,-0.7975102120210131
SOLARINDS,2026-09-03,2026-09-04,-0.9512761020881721,-0.4872389791183318
SOLARINDS,2026-09-07,2026-09-08,-0.9710930442637711,1.4227642276422703
SOLARINDS,2026-09-08,2026-09-09,-1.309655937846832,-0.7547169811320753
SONACOMS,2026-07-02,2026-07-03,-1.3345365254532782,-1.0871194683745644
SONACOMS,2026-07-08,2026-07-09,-0.21895239064269045,1.28350320875803
SONACOMS,2026-07-16,2026-07-17,-0.5336293003015302,3.0482420447277114
SONACOMS,2026-07-17,2026-07-20,-0.41181828511668295,1.8886662258475795
SONACOMS,2026-07-20,2026-07-21,-0.7145368593912571,1.588624655848947
SONACOMS,2026-07-21,2026-07-22,-1.4509582866410797,-0.8555198281340881
SONACOMS,2026-07-22,2026-07-23,-2.815155416651993,-0.6761918510973075
SONACOMS,2026-07-30,2026-07-31,-0.9228538131206387,-0.5394116475724409
SONACOMS,2026-07-31,2026-08-03,0.0,2.080624187256186
SONACOMS,2026-08-03,2026-08-04,-0.8766846867564904,0.7231105894417666
SONACOMS,2026-08-04,2026-08-05,-0.6574803447355615,2.9965799014145977
SONACOMS,2026-08-05,2026-08-06,-4.220465823880937,-3.5322777101096214
SONACOMS,2026-08-10,2026-08-11,-1.614995528176999,-1.374594597604406
SONACOMS,2026-08-20,2026-08-21,-2.349073559697301,-0.4868549317016857
SONATSOFTW,2026-07-29,2026-07-30,-3.725160106223524,-3.5842891749869987
SONATSOFTW,2026-07-30,2026-07-31,-2.0129909763088483,4.05844155844155
SONATSOFTW,2026-08-03,2026-08-04,-0.6703638209359153,2.098508178773062
SONATSOFTW,2026-08-04,2026-08-05,-4.35524859795483,-4.070591599734453
SONATSOFTW,2026-08-05,2026-08-06,-3.554044603100448,-2.0940792926006258
SRF,2026-07-06,2026-07-07,-1.5655233069481134,-1.1222481035620069
SRF,2026-07-16,2026-07-17,-1.856308009625296,-1.6844276383636947
SRF,2026-07-21,2026-07-22,-4.910499910292132,-4.7179990264057725
SUMICHEM,2026-07-15,2026-07-16,-1.6266151188481959,0.14787205045632135
SUNPHARMA,2026-07-03,2026-07-06,-0.24674890391142013,0.4199915894018247
SUNPHARMA,2026-07-09,2026-07-10,-0.9460166793862523,-0.4884318766066875
SUNPHARMA,2026-07-27,2026-07-28,-0.3639095866502351,-0.09098048158326932
SUNPHARMA,2026-07-28,2026-07-29,-0.994846563864249,0.4898532209561379
SUNPHARMA,2026-07-30,2026-07-31,-2.715403258887228,-1.7212408738587093
SUZLON,2026-06-16,2026-06-17,-1.6477842638691564,1.647790811581773
SUZLON,2026-06-19,2026-06-22,-0.6890753738018618,-0.6722714720653888
SWIGGY,2026-08-25,2026-08-26,-1.001908547852548,-1.001908547852548
SYRMA,2026-06-10,2026-06-11,-0.07347138073979798,1.9836774553571468
SYRMA,2026-06-11,2026-06-12,-1.013544111226361,0.5067720556131805
SYRMA,2026-06-15,2026-06-16,-1.5841621346629808,-1.0662604722010638
SYRMA,2026-06-18,2026-06-19,-2.0522388059701524,-0.07462686567164534
SYRMA,2026-06-23,2026-06-24,-0.3761899051219708,3.5158774411633065
SYRMA,2026-06-24,2026-06-25,-0.7575247917937289,-0.2015445385264658
SYRMA,2026-08-10,2026-08-11,-2.0015817379989254,-1.6394537538548803
SYRMA,2026-08-11,2026-08-12,-2.039042586199613,-1.1231480331403199
SYRMA,2026-09-07,2026-09-08,-2.144921943194955,0.7866786933922398
SYRMA,2026-09-08,2026-09-09,-1.204374381607165,-1.204374381607165
TATACAP,2026-06-19,2026-06-22,-3.523325294394364,-3.2512534583960306
TATACOMM,2026-06-22,2026-06-23,-3.8009115817878247,-1.6720085533474704
TATATECH,2026-08-07,2026-08-10,-2.3089290858497535,0.9969075381389247
TATATECH,2026-08-10,2026-08-11,-1.9517496501435971,-1.5363605112616363
TCS,2026-07-27,2026-07-28,0.0,3.1974889352928137
TCS,2026-07-28,2026-07-29,-0.979504194415981,0.0
TCS,2026-07-29,2026-07-30,-0.5295091783227734,-0.09030257023101562
TCS,2026-07-30,2026-07-31,-2.0672248391544135,-0.5630211068802571
TECHM,2026-07-28,2026-07-29,-1.471471471471475,-1.2372357709271808
TECHM,2026-07-29,2026-07-30,-0.18076645240614475,0.566403021953743
TECHM,2026-07-30,2026-07-31,-0.35247982548571866,2.1149015990675313
TEJASNET,2026-06-19,2026-06-22,-2.1037795992233987,-1.883978298143052
THERMAX,2026-06-23,2026-06-24,-2.3958333333333304,-1.174997965494795
TIINDIA,2026-06-15,2026-06-16,-0.16635797794017915,0.27417214737697204
TIINDIA,2026-06-16,2026-06-17,-1.7250855166807244,-0.1892999286854713
TITAGARH,2026-06-15,2026-06-16,-0.8708175078395275,2.768166089965396
TITAGARH,2026-06-16,2026-06-17,-1.5306690623231978,2.443505789303213
TITAGARH,2026-06-17,2026-06-18,-1.0319713004868447,-0.4117180714848345
TITAGARH,2026-06-18,2026-06-19,-2.18561456285179,-0.5167945581453504
TITAN,2026-07-01,2026-07-02,-0.467748171010296,1.7006857401722142
TITAN,2026-07-07,2026-07-08,-0.6252114770348594,-0.052280899154877325
TITAN,2026-07-09,2026-07-10,-0.6598677202034997,-0.25261574694869227
TITAN,2026-07-22,2026-07-23,-0.6211646580254859,-0.07445541493832364
TITAN,2026-07-28,2026-07-29,-0.8714218491604808,-0.316505714293458
TITAN,2026-08-03,2026-08-04,-1.1864692273308108,0.26004234244048074
TITAN,2026-08-10,2026-08-11,-0.13335565184350306,0.5687389684251754
TITAN,2026-08-11,2026-08-12,-2.597024353087618,-0.5092602516814426
TITAN,2026-08-27,2026-08-28,-0.3550395859949318,0.2890866109776846
TMCV,2026-07-01,2026-07-02,-0.4717023197782999,1.3575687560112737
TMCV,2026-07-02,2026-07-03,-2.876480541455162,-2.6734362331676587
TMCV,2026-08-13,2026-08-14,-0.8429926238145424,-0.04215220380006102
TMPV,2026-06-15,2026-06-16,-2.5357710006225775,-1.18001050301213
TORNTPHARM,2026-06-29,2026-06-30,-0.9271237602414883,-0.3859401109044813
TORNTPHARM,2026-07-03,2026-07-06,-0.6571354587869727,0.8747942715470414
TORNTPHARM,2026-07-06,2026-07-07,-0.016539243140811788,0.43220132075649786
TORNTPHARM,2026-07-07,2026-07-08,0.0,1.112634601339657
TORNTPHARM,2026-07-08,2026-07-09,-0.14379622021364336,0.6203819908073172
TORNTPHARM,2026-07-14,2026-07-15,-0.6444424715909114,1.3696930239899041
TORNTPHARM,2026-07-16,2026-07-17,-4.0974751241573015,-2.7105457854538773
TORNTPHARM,2026-07-31,2026-08-03,-4.144333843797854,-3.330781010719752
TRENT,2026-07-02,2026-07-03,-0.8656716417910437,-0.29850746268657025
TRENT,2026-07-03,2026-07-06,-0.43050323669356905,-0.03288150760070163
TVSMOTOR,2026-07-02,2026-07-03,-1.3274941836595056,-0.8129177821780464
TVSMOTOR,2026-07-03,2026-07-06,-0.1571360016906942,2.139276058482298
TVSMOTOR,2026-07-06,2026-07-07,-0.1994582841981174,0.0
TVSMOTOR,2026-07-07,2026-07-08,-0.7256496812246271,-0.05202503887170584
TVSMOTOR,2026-07-21,2026-07-22,-0.028670027579469348,2.030176444740972
TVSMOTOR,2026-07-22,2026-07-23,-0.02565418163160693,0.5592624122146006
TVSMOTOR,2026-07-28,2026-07-29,-0.40617100075935886,1.557399478684851
TVSMOTOR,2026-07-29,2026-07-30,-0.04900279433170951,3.1116774400633984
TVSMOTOR,2026-07-30,2026-07-31,-0.5001089608651643,2.178187296262557
TVSMOTOR,2026-07-31,2026-08-03,-1.7664601972929517,0.6882312456985451
TVSMOTOR,2026-08-03,2026-08-04,-1.0045662100456654,-0.45662100456621557
TVSMOTOR,2026-08-05,2026-08-06,-0.9222376849282732,-0.8655894503284634
TVSMOTOR,2026-08-26,2026-08-27,-2.0431985481334847,-1.096740944287078
ULTRACEMCO,2026-07-21,2026-07-22,-2.3550724637681153,-2.0668642951251592
ULTRACEMCO,2026-08-05,2026-08-06,-1.1106540518305175,-0.6581653640477136
UNIONBANK,2026-08-06,2026-08-07,-0.5524861878453025,1.4364674605058525
UNIONBANK,2026-08-07,2026-08-10,-1.954377641774907,-1.3882100374903228
UNIONBANK,2026-08-12,2026-08-13,-0.8285684455399678,-0.30470267915841953
UNIONBANK,2026-08-13,2026-08-14,-0.25670408697096025,0.20856697052862305
UNIONBANK,2026-08-26,2026-08-27,-2.486910455802538,-2.375789916216764
UNITDSPR,2026-07-06,2026-07-07,-0.8084818275357897,0.43211255651536273
UNITDSPR,2026-07-07,2026-07-08,-1.22881528347899,0.3954785018317475
UNITDSPR,2026-07-24,2026-07-27,-0.16954899966090675,0.508646998982698
UNITDSPR,2026-07-27,2026-07-28,0.0,2.056278673704104
UNITDSPR,2026-07-28,2026-07-29,-1.2623909838689662,-0.6278916060806328
UNITDSPR,2026-07-29,2026-07-30,0.0,1.523178807947012
UNITDSPR,2026-08-04,2026-08-05,-0.6990234215192404,-0.6990234215192404
UNITDSPR,2026-08-21,2026-08-24,-0.7411704164056343,0.21913021832695723
UNOMINDA,2026-08-04,2026-08-05,-0.4901547276767726,0.4419445560466029
UNOMINDA,2026-08-05,2026-08-06,-1.358542643146765,1.533331975595642
UNOMINDA,2026-08-07,2026-08-10,-0.4198106358607512,0.1321582140515032
URBANCO,2026-08-20,2026-08-21,-1.0740009315156174,3.0844838297303
URBANCO,2026-08-21,2026-08-24,-0.7787022421431034,5.689523515485351
URBANCO,2026-08-24,2026-08-25,-1.0422802916465468,0.24872567063083384
URBANCO,2026-08-26,2026-08-27,-0.588798193441542,1.1295390862988919
URBANCO,2026-09-03,2026-09-04,-0.7199093123323896,2.3565817601176153
URBANCO,2026-09-04,2026-09-07,-3.4380195554622905,-3.019281392583506
VBL,2026-06-15,2026-06-16,-1.2707227281883005,-0.45119930147905496
VBL,2026-06-17,2026-06-18,-3.3640280420062507,-2.9355522404503565
WELCORP,2026-06-29,2026-06-30,-2.17821782178218,0.01980520317657053
WELCORP,2026-07-06,2026-07-07,-1.1684518013631906,-0.006489814082277778
WELCORP,2026-07-09,2026-07-10,-1.3350624426722635,-0.06180851628098116
WELCORP,2026-07-10,2026-07-13,0.0,1.7205666822017296
WELCORP,2026-07-14,2026-07-15,-1.0033260608590555,-0.25528667571830255
WELCORP,2026-08-03,2026-08-04,-0.06448065948737591,1.79963366741962
WELCORP,2026-08-04,2026-08-05,-0.08021223756614626,2.4464277858715855
WELCORP,2026-08-05,2026-08-06,-0.20015432196170968,1.1898156735541399
WELCORP,2026-08-06,2026-08-07,-0.1967629883021016,0.5684315999584522
WELCORP,2026-08-13,2026-08-14,-1.9504214777676054,-1.3161384900227113
WELCORP,2026-08-14,2026-08-17,-1.3730807203250817,0.6304455380648388
WELCORP,2026-08-18,2026-08-19,0.0,2.1497021497021596
WELCORP,2026-08-19,2026-08-20,0.0,1.5651067000728158
WELCORP,2026-08-20,2026-08-21,-1.6413138615145262,6.588285031984786
WELCORP,2026-09-01,2026-09-02,-1.859441983338661,-1.4219267835599236
WELCORP,2026-09-02,2026-09-03,0.0,3.082806407143024
WELCORP,2026-09-03,2026-09-04,-2.9230675326979205,-2.7833359979597683
WELCORP,2026-09-10,2026-09-11,-3.01307802831291,-2.481140187529396
WELSPUNLIV,2026-08-31,2026-09-01,-0.07657829183823628,1.1640367775231697
WELSPUNLIV,2026-09-01,2026-09-02,-1.4054674139022838,0.7505946976955835
WELSPUNLIV,2026-09-03,2026-09-04,-0.42318336200972695,4.30150321786027
WELSPUNLIV,2026-09-04,2026-09-07,-0.07625031686131489,1.0055283297631945
WELSPUNLIV,2026-09-07,2026-09-08,-3.4870002571811276,-1.5948613885880092
YESBANK,2026-06-15,2026-06-16,-1.262099868034261,0.5469043258858663
YESBANK,2026-06-16,2026-06-17,-0.5811514685000851,4.2756358660083205
YESBANK,2026-06-17,2026-06-18,-0.3963550665243565,0.9908838863888381
YESBANK,2026-06-18,2026-06-19,-0.7078265946349416,-0.03932453307835537
ZEEL,2026-07-31,2026-08-03,-7.0582491680256325,-4.922329800800207
ZENSARTECH,2026-07-29,2026-07-30,-1.8320921679832236,-1.4165643265803274
ZENTEC,2026-06-17,2026-06-18,0.0,1.8708827404479544
ZENTEC,2026-06-18,2026-06-19,0.0,3.2931172773763784
ZENTEC,2026-06-19,2026-06-22,-3.517040704172325,-3.020984358178358
ZYDUSLIFE,2026-07-06,2026-07-07,-0.017387058423912194,0.2608695652173809
ZYDUSLIFE,2026-08-11,2026-08-12,-3.2689096146271024,1.2605042016806678
