ticker,breach_date,theoretical_open_pct,sustained_2,sustained_4,sustained_6,price_at_2,price_at_4,price_at_6
360ONE,2026-08-05,1.273871224292722,False,False,False,0.5788731955109538,0.553452873118454,1.1806426833570693
360ONE,2026-08-20,0.22568454069460397,False,False,False,-0.17331683985564172,-0.12344293569744869,0.2672478187072169
ABB,2026-08-04,0.7131691403092777,False,False,False,0.6354783438523581,0.8297053349946459,0.8685507332230946
ABCAPITAL,2026-06-24,0.2088993051674981,False,False,False,-0.15692174916300816,0.36026610080952537,0.10797784243723463
ABCAPITAL,2026-07-03,0.16276296144990265,True,True,True,0.6361675342900996,0.5863398761873251,0.5738772588165686
ABCAPITAL,2026-07-06,0.6817733045804797,False,False,False,0.7063433195711344,0.28868305559395235,0.2763942992406898
ACMESOLAR,2026-06-24,1.1167902565407228,False,False,False,-0.7062589152141308,-1.1654994667179785,-1.5551578590874193
ACUTAAS,2026-06-29,7.436667229730132,False,False,False,5.269528267918022,4.442236337273964,4.700017722049443
ACUTAAS,2026-07-02,2.479293284271167,False,False,False,1.724069339073342,1.9748887466235487,1.9748887466235487
ADANIENSOL,2026-07-08,-0.47957658947214155,False,False,False,-0.2583093941130987,-1.2629650976030637,-1.1493421918670643
ADANIENSOL,2026-07-16,-1.1419346135197794,False,False,False,-0.8690734043706239,0.7681080243962635,1.151284479029191
ADANIENSOL,2026-07-17,-1.63859601077182,False,False,False,-1.484552514270665,-1.2563357996784874,-1.58724585706429
ADANIENSOL,2026-07-21,-0.8937788270037883,False,False,False,-1.5844117697477733,-2.0655923851962354,-2.0655923851962354
ADANIENT,2026-07-01,1.091966821488377,False,False,False,1.8226068480063473,1.53099394583045,1.348333939200952
ADANIGREEN,2026-06-22,-0.09172633990299772,False,False,False,-0.05308116810704977,-0.6005767128671624,-0.5812501956190541
ADANIGREEN,2026-07-14,0.5293853347336563,False,False,False,-0.07172313296036625,0.17247933177719776,-0.39732896711340837
AEGISLOG,2026-06-11,15.594431160745037,False,False,False,13.491848257032713,12.195654801462453,12.918417218890376
AEGISLOG,2026-06-12,-1.6739195259056316,False,False,False,-3.7106135986732958,-3.5033167495854056,-3.6276961242776906
AEGISLOG,2026-07-20,-2.902070218913322,False,False,False,-4.509767594347358,-3.95755678928853,-3.992506732232748
AEGISLOG,2026-08-06,-0.07469733485546692,True,False,False,0.40449655603886914,-1.2726734598959788,-1.9491759041856849
ANANDRATHI,2026-06-29,2.70107537725659,False,False,False,2.1713721049188894,1.7537249152759005,0.7401592127304735
ANANDRATHI,2026-06-30,-0.7513694949931371,False,False,False,-1.274018879386829,-1.3088658173925238,-1.717027668062887
ANANDRATHI,2026-07-03,1.7738163905208326,False,False,False,1.3185706508263229,1.9402446626701986,3.0905907609044103
ANANDRATHI,2026-07-06,1.15847387388599,False,False,False,-0.8029350773112731,-1.1179116408365664,-1.4615150230561702
ANANTRAJ,2026-07-17,0.18406702941424768,False,False,False,-0.27873523831686287,-0.41336657095073503,-0.17775403505726484
ANANTRAJ,2026-07-20,0.6814645751024528,False,False,False,0.5476817592708905,1.5427086762876963,0.6229377828556926
ANANTRAJ,2026-07-21,1.9776738199549504,False,False,False,2.0436828154521747,2.596470384396432,2.934743825312691
ANANTRAJ,2026-07-31,-0.7748989025402553,False,False,False,0.7467601199003138,1.055849829778821,0.8260133955372506
ANANTRAJ,2026-08-03,-1.3471579807465384,False,False,False,-1.5044990365986166,-1.803450884051938,-1.756240884627569
ANANTRAJ,2026-08-20,-0.6839358565534859,False,False,False,-1.748088253963398,-2.0432594571298424,-1.9189803385977977
ANGELONE,2026-06-15,1.5613654104379204,False,False,False,0.20797828066478896,0.3663494439189341,0.5103264242072525
APARINDS,2026-06-11,3.5046583731629832,True,True,True,4.859669084033724,5.502251483003362,5.355575065847251
APARINDS,2026-06-12,3.6766734131613354,False,False,False,4.873096109299868,5.770413131403784,5.271903674679379
APARINDS,2026-06-15,4.990043264771327,False,False,False,5.444096337088999,6.092743583257132,6.183554197720653
APARINDS,2026-06-16,-0.40523240112039227,False,False,False,-2.373873183851971,-2.2323771275931437,-1.9493850150754777
APARINDS,2026-06-18,-3.91592870246642,False,False,False,-3.7287009565223905,-3.7588989800617534,-4.6406812674110505
APARINDS,2026-06-24,-0.5272146729041305,False,False,False,-1.0321526694883842,-1.1271998217865842,-1.0440335635256592
APARINDS,2026-08-12,6.543501468191537,False,False,False,4.13811363297345,3.9746406732984463,3.571796594099297
APLAPOLLO,2026-08-10,0.9980159323622395,False,False,False,-0.13359810027392394,0.07078955991897118,0.15054985593077053
APLAPOLLO,2026-08-14,0.2944755239720376,False,False,False,1.240058807356137,0.6544700520552116,0.1888794727820331
APLAPOLLO,2026-08-17,-1.1611783862962466,False,False,False,-0.5449171484170345,-0.8293454120535948,-0.8483026669297566
APLAPOLLO,2026-08-20,0.5950477972121115,False,False,False,-0.25836427399992257,0.11676291756346213,0.2527419453158597
ARE&M,2026-08-11,0.9321210041745465,False,False,False,2.554102589033702,2.990791891427813,4.306057196466084
ARE&M,2026-08-12,-0.5639180293667501,False,False,False,-0.26254887850594155,-0.27276224554523276,-0.7018296607312458
ASHOKLEY,2026-08-13,-1.5536807006778175,False,False,False,-0.7254251992047323,-0.9644494498961098,-1.0589480012428987
ATHERENERG,2026-06-29,4.068171217774763,False,False,False,5.7344808180985085,4.349070381495634,4.929895974672105
ATHERENERG,2026-06-30,3.362964375385169,True,True,True,6.172233149909623,5.845997698212058,5.800686911526176
ATHERENERG,2026-07-01,-1.5294821136479841,False,False,False,-2.197221593695675,-1.5381519927525678,-1.5555023368947096
ATHERENERG,2026-07-08,2.6325608427847147,False,False,False,1.854276482085515,1.2367173527893627,2.2772593578416878
ATHERENERG,2026-07-09,0.19916890014508581,False,False,False,-1.64498758267968,0.2975199104866988,0.2893256604897809
ATHERENERG,2026-07-13,-4.588408395082255,False,False,False,-6.013421752823422,-6.6618791541930396,-6.998123202251582
ATHERENERG,2026-07-15,5.169749990045758,False,False,False,3.1060416883543107,2.240869731741202,0.5025904167201833
ATHERENERG,2026-07-16,-4.18670341588574,False,False,False,-3.8170282249771037,-4.5035626027122415,-5.024124874855707
ATHERENERG,2026-08-04,10.709557976367744,False,False,False,7.276349892353284,8.183805285602187,8.667783341557666
ATHERENERG,2026-08-10,-2.8135170029123135,True,True,True,-1.4344689794973942,-1.0253770933132622,-0.6360752989651997
ATHERENERG,2026-08-11,0.22257135375753911,False,False,False,0.785544356241008,0.4778753871473196,0.6349861762323217
ATHERENERG,2026-08-12,2.069790111606684,False,False,False,-0.5493803333263325,-1.2430679307488424,-1.8265461426132834
ATHERENERG,2026-08-28,6.86347625919721,False,False,False,7.59312127410483,5.694759454774312,5.397738680260278
AUBANK,2026-06-24,1.66026160994861,False,False,False,0.7368437722314214,0.7132873121077798,0.020729684908782353
AUBANK,2026-07-06,-1.6223507853485142,False,False,False,-1.1613496175197802,-1.2535498510855336,-1.0691493839540378
AUBANK,2026-08-25,0.9760031937858349,False,False,False,0.5562788592707202,0.3330189150893892,0.44017932775064494
AUROPHARMA,2026-08-07,1.341064545162074,False,False,False,1.4202116881004256,1.030577363488705,0.884463562802229
AXISBANK,2026-06-24,0.08736979730792349,False,False,False,0.3328784235571147,0.3473164779784099,0.18846262158005445
BAJAJ-AUTO,2026-07-28,0.4684458740627617,False,False,False,0.767014806823707,0.9909415063944271,1.0128951043915535
BAJAJ-AUTO,2026-07-31,-0.2214042517209136,False,False,False,-0.730478719824379,-0.6010530075946874,-0.45437053373436065
BAJAJFINSV,2026-07-02,3.8248557436865394,False,False,False,4.380273385754729,4.924695317242556,4.7652172364993195
BAJAJFINSV,2026-07-03,1.7789663704002923,False,False,False,0.48041472701612076,0.40559952194252347,0.35750356701991226
BAJAJFINSV,2026-07-28,0.7980928689883982,False,False,False,0.38349917081261786,0.22284537800905113,-0.051825477511524554
BAJAJFINSV,2026-07-31,4.976403330391754,False,False,False,6.204197521390498,6.373021720606498,5.897248973640812
BAJFINANCE,2026-06-24,1.4666859577533886,False,False,False,1.9755459675716125,1.6905856044074241,1.5023036737726647
BAJFINANCE,2026-07-03,0.7636091375879728,False,False,False,0.29797135338704983,0.20096200143329135,0.04574940669965777
BAJFINANCE,2026-07-17,-0.12894740622737544,False,False,False,-0.8282738571218085,-1.0739800328299132,-0.9511327129972602
BAJFINANCE,2026-07-20,0.11350897848971808,False,False,False,-0.12149925854899601,0.1417145569389877,0.5835254525671241
BAJFINANCE,2026-07-31,8.939667086990944,False,False,False,8.634042496509187,8.096887551175547,7.920933525642604
BAJFINANCE,2026-08-03,-0.05681746837349344,False,False,False,-0.4802344187119112,-0.5234400147006935,-0.21235128498842126
BANDHANBNK,2026-06-15,0.1567063530888646,False,False,False,-1.0199466651999556,-1.255277268857724,-1.8388997513482108
BANDHANBNK,2026-06-16,0.7107389361491467,False,False,False,-0.3586315892620928,-0.8910069980703872,-0.7845276780447108
BELRISE,2026-06-15,0.7183950815261797,False,False,False,0.5543108979416012,0.1714456629708483,0.0746797136312427
BELRISE,2026-06-22,0.37353697435216215,False,False,False,-0.5420781303651978,-0.6595723116229024,-1.0079933128785523
BELRISE,2026-08-12,1.6604644432119287,False,False,False,0.8960957970815198,1.4172557021210563,0.7571261056502188
BEML,2026-09-02,2.092141893136934,False,False,False,1.902895491106782,1.5293876549123953,1.335168443474588
BEML,2026-09-03,1.16426123880089,False,False,False,0.6929411646629635,1.1399662673218236,0.7949729272075823
BEML,2026-09-04,-1.5401415098550197,False,False,False,-1.5401415098550197,-1.0688185864933586,0.6070104583244085
BHARATFORG,2026-06-15,2.079494406268889,False,False,False,1.7792605991916233,1.35392937249883,1.3239072134455965
BHARATFORG,2026-06-19,-0.21587905423871012,False,False,False,-0.6480504368259088,-0.5023730914253677,-0.5509322065588851
BHARATFORG,2026-06-22,1.9423397699533496,False,False,False,2.386825337835008,2.502785787317374,3.0535595873509624
BHARATFORG,2026-07-17,0.35296851896597925,False,False,False,-0.044837990120394355,-0.3694909688561898,-0.5112322133032143
BHARATFORG,2026-08-07,1.263001899795535,False,False,False,1.3922504986267015,1.2184319165649882,0.9287270255664559
BOSCHLTD,2026-06-15,-0.888460107573652,False,False,False,0.12043710471725255,-0.3840115014282053,-0.30834421050638383
BOSCHLTD,2026-07-02,-0.11282238078664797,True,True,True,0.6806008618259529,0.8368811974920787,1.2215712545163626
BOSCHLTD,2026-08-12,1.3185438925590764,True,True,True,2.5256232498708897,2.7648642035723148,2.4712503058478275
BOSCHLTD,2026-08-13,-0.33783154410891303,False,False,False,-0.476221651983999,-0.3058953653685026,-0.614611759859085
BOSCHLTD,2026-08-18,1.941580594826009,False,False,False,2.0041214418166975,1.9103101713306536,1.9728510183213643
CARTRADE,2026-07-08,-3.309241168937538,False,False,False,-2.643573156647072,-2.633178971215344,-2.7233155189860803
CARTRADE,2026-07-14,0.485100485100487,False,False,False,-0.24927506708056768,0.0679175964857004,-0.3216730741217644
CARTRADE,2026-08-20,1.367070078678423,False,False,False,4.765141019944075,4.441015628403533,4.730289010290067
CDSL,2026-08-26,1.6017293235151886,False,False,False,0.7423044484436314,0.5802878582750193,0.14352841709595054
CGCL,2026-07-07,-3.1978889017831302,False,False,False,-3.4829950694702516,-3.2263964111276855,-3.112353944052826
CGCL,2026-07-09,2.8266241587977747,False,False,False,4.96213132322032,5.929150419334395,5.884834500277458
CGCL,2026-09-03,3.349545539791632,False,False,False,3.387301102712348,3.6138229588564164,4.557654424973223
CGCL,2026-09-04,3.5154201494817405,False,False,False,3.351250272183992,3.2418111094390634,3.7343096081519533
CGCL,2026-09-07,-3.047958279480101,False,False,False,-4.952065706051034,-5.982720653188444,-6.139944445155421
CGPOWER,2026-06-17,1.3681566522364852,False,False,False,0.42748187486283395,0.2132183403328769,0.20799364521928432
CGPOWER,2026-07-01,0.5899439106270776,False,False,False,-1.7901559635505215,-1.8363229219027444,-2.06201691984772
CHENNPETRO,2026-07-22,1.8973313477411935,False,False,False,3.3202433195987036,4.004477621526736,2.9003668777783265
CHENNPETRO,2026-08-19,-0.3470135625156967,False,False,False,-3.432307312804306,-5.224648540449173,-4.691054786440763
CHENNPETRO,2026-09-10,2.3664860125522935,False,False,False,0.0863502131098759,0.13552059517885073,0.44281672724242327
CHENNPETRO,2026-09-11,-5.696074540004248,False,False,False,-6.162691649798591,-9.434970283450127,-10.057123995665673
CHOICEIN,2026-07-09,2.5390399899949845,False,False,False,3.267313219751955,3.810438623291823,3.5080166948205482
CHOLAFIN,2026-06-24,3.396258851548639,False,False,False,2.836740140675831,2.545564880697837,2.5113101976563135
CHOLAFIN,2026-07-06,1.5810238284942102,False,False,False,2.0774711092857334,1.739234058949668,2.110202652943971
COCHINSHIP,2026-08-26,0.6095798134903019,False,False,False,1.0757214235803891,1.2505304547014484,1.8267387665602763
COFORGE,2026-07-13,1.0306843825649281,False,False,False,1.9123354744619014,1.9123354744619014,1.8404988317654691
COFORGE,2026-07-28,8.983444790071339,False,False,False,9.382979863469476,11.012813561256829,11.329902431754558
COFORGE,2026-08-05,0.5060286717914808,False,False,False,-0.82268669434854,-0.3629641808018613,-0.009757896761242169
COFORGE,2026-08-06,-1.3211375353726185,False,False,False,0.003339009649749869,-0.05787480861561001,0.6099271213319657
COFORGE,2026-08-20,2.1412188959597955,False,False,False,0.7053574903058912,0.42902322186721964,0.5102983957721685
COFORGE,2026-08-26,-1.3089015990037534,True,True,True,-0.413757415320426,-0.5132193001960439,-0.3561762367393695
COFORGE,2026-08-28,3.796744769240501,False,False,False,3.1084356302709226,2.3584763851326684,1.6239359368891204
CONCOR,2026-07-27,2.189054726368167,False,False,False,3.2835820895522394,3.3631889381219082,2.885572139303494
CONCOR,2026-07-28,1.54931472507438,False,False,False,1.5299980301744398,1.7520634147411451,1.5686196343154712
CONCOR,2026-08-13,0.00776859450035694,False,False,False,0.9808888971608143,1.280320193633,1.05574957681287
CONCOR,2026-08-14,-1.7238690926204447,False,False,False,-2.6436422542690186,-2.5600244502859026,-2.4485416056969855
CPPLUS,2026-06-30,-2.2534386889083935,False,False,False,-3.932213202869339,-3.1580067576555626,-3.47460298357809
CYIENT,2026-08-28,4.383648440693144,False,False,False,2.5702483253292163,3.072926209368654,3.4440593230143035
CYIENT,2026-08-31,7.564470052440808,False,False,False,4.725363759935175,5.136049281268629,4.609295485057885
DATAPATTNS,2026-06-19,-1.127040928521783,False,False,False,-0.0004094526598996673,-0.24284800404201778,-0.4771392831094179
DATAPATTNS,2026-08-21,-2.229399923041342,False,False,False,-2.850525831345496,-3.3462173614946633,-2.6583189114917305
DELHIVERY,2026-07-01,3.4182302045905333,False,False,False,2.0826313183859524,3.064092826288989,1.9308581562567317
DELHIVERY,2026-07-02,-0.4584894728258071,False,False,False,-0.7218796013041318,-1.3754755633596627,-1.4632742575419466
DELHIVERY,2026-07-06,0.5264913863630927,False,False,False,-0.3622639797070337,-0.043476677595022384,0.6230957432195927
DEVYANI,2026-08-21,-2.3127584699759063,True,True,True,-0.5378496427280721,-0.8672872473832194,-0.2958161545261295
DEVYANI,2026-08-25,0.9933646105020566,True,True,True,2.3245015678557746,1.505845026929542,1.2196554558676187
DEVYANI,2026-08-26,0.7011515193376061,True,True,False,2.3236526232968124,0.7938655794188509,-0.0670564670925522
DIVISLAB,2026-07-14,3.9421372802605825,False,False,False,4.413984110200553,4.664205913956598,4.549818803668115
DIVISLAB,2026-07-15,0.7655072766844961,False,False,False,0.6136688410620872,0.6826863117995519,0.5998653469146076
DIVISLAB,2026-07-20,-1.3390422717265982,False,False,False,-1.9584082294885397,-1.8708891267613104,-1.6217962959222731
DIVISLAB,2026-07-29,4.445016527204859,False,False,False,4.045889019935767,3.9727156436030864,4.039236894814602
DIVISLAB,2026-07-30,1.5069183086295457,False,False,False,2.1559720741435973,1.9141677301285576,1.9714371800268582
DIVISLAB,2026-07-31,5.042938494727167,False,False,False,4.867449098673937,4.38485325952751,5.099345800601429
DIVISLAB,2026-08-26,2.9673520441704904,False,False,False,3.6614628270961624,3.502158712982073,3.376991194749568
DIVISLAB,2026-08-27,-0.035375483524524576,True,True,True,0.13517505912878924,0.4102565795373714,0.9769245115790248
DIXON,2026-06-16,1.7850705066798644,True,True,True,3.746278957180982,4.685681324227731,4.562075749616334
DIXON,2026-06-17,4.198292508167056,False,False,False,3.9068287528994716,3.672038505600561,3.4858255508462666
DIXON,2026-07-06,4.733250742335771,False,False,False,4.914164356085204,5.095077969834638,4.662458458694685
DIXON,2026-07-09,2.1981488804859506,True,False,False,3.397866280387296,2.605460343415422,0.7540446028269088
DIXON,2026-07-16,3.098193990844078,False,False,False,2.5521005095690663,2.722311464771665,2.587561125236282
DIXON,2026-08-20,1.7592450120531566,False,False,False,1.1095724128498574,0.8770580089244584,0.6924142175719572
DLF,2026-07-01,0.41408244709102426,False,False,False,0.35227588764255025,0.8621469968432383,0.8157967924353526
DLF,2026-07-02,1.1311632079045841,False,False,False,1.0164673455032247,1.2458590703059436,0.9017714831018431
DLF,2026-07-03,2.1017424632356674,False,False,False,1.9586024493660537,1.679836260699763,1.7024421559767688
EICHERMOT,2026-07-28,-0.02834051990586728,False,False,False,0.00336028535798949,0.02238076851630577,-0.15514374096129435
EICHERMOT,2026-08-11,-1.3177064784537063,False,False,False,-1.3547077133699181,-1.3423739683978475,-1.4780451630906355
EMMVEE,2026-06-12,1.0522369530848286,False,False,False,-1.3665297964326806,-1.3520497098296613,-0.17887097162928578
EMMVEE,2026-07-01,1.6339617976102172,False,False,False,-0.31028995318218566,0.7410444206876532,0.7266460719472345
ENRIN,2026-06-19,0.9213399605994654,False,False,False,0.23150796290998255,-0.5158020603880376,-0.40083325045269236
ENRIN,2026-06-22,0.37976314380634424,False,False,False,0.066638170089095,0.09769099884195942,-0.08345787318283504
ETERNAL,2026-07-01,4.524108429813567,False,False,False,5.565625254277684,5.788810674286293,4.524108429813567
ETERNAL,2026-07-02,0.22942583886631507,False,False,False,0.22942583886631507,-0.01879197237235619,0.45991767134536676
ETERNAL,2026-07-03,-1.2630542385516197,False,False,False,-1.9416031355377172,-1.7154130903750509,-1.6980187573245153
ETERNAL,2026-07-08,-1.523311278658246,True,True,True,1.2634401519838523,1.6566609539822474,2.2379511377818906
ETERNAL,2026-07-09,-1.1182414221554082,False,False,False,-1.5041132638914378,-2.2590638834518173,-2.3932752789946
ETERNAL,2026-07-28,2.963441620154894,False,False,False,3.5624593444254726,3.8286826735886015,2.91352601540793
ETERNAL,2026-08-20,0.7577515816351132,False,False,False,1.201680150928075,0.5740528128588052,0.29850933134809576
EXIDEIND,2026-07-09,0.2980380628273993,False,False,False,0.2746380485505906,-0.029540715002285278,0.7894097999128435
EXIDEIND,2026-07-30,0.34852376969130017,False,False,False,0.3924763153603461,0.7660461286795428,-0.9260195801079729
EXIDEIND,2026-08-05,0.7532813581142994,False,False,False,0.5376279361844594,1.6051084260050974,1.9178085202914419
EXIDEIND,2026-08-11,-1.3951087456636757,True,True,True,-0.3865694184343682,-1.082464016476814,-0.9110110997207155
FEDERALBNK,2026-06-12,-0.15191628107031896,False,False,False,-0.7802868761250581,-0.8902440597201577,-1.047336708483837
FEDERALBNK,2026-06-17,0.13773789228950228,False,False,False,-0.46652254094995405,-0.5594922315328765,-0.6524524653270136
FEDERALBNK,2026-07-03,-1.8597454212275544,False,False,False,-1.9196180711509525,-2.33876316732613,-2.428585847227993
FIVESTAR,2026-07-06,-1.1650754044613465,False,False,False,-1.725832642560754,-2.1975706198241074,-1.9394549649454085
FLUOROCHEM,2026-08-13,0.6002957457123426,True,True,True,2.363581453753616,2.109261996725653,1.859185336628899
FSL,2026-07-31,0.16144443346184367,True,True,True,1.0016104223810718,3.1267503541893227,3.209119963098428
FSL,2026-08-04,-0.1818261001263033,False,False,False,1.0809376012683947,0.6449810632009667,-0.06156507507159015
GABRIEL,2026-08-03,0.09823083017475032,False,False,False,-1.4664193729943986,1.3355486892295376,1.931291957215242
GABRIEL,2026-08-04,-0.626568841912345,True,True,True,0.9866362093553072,1.0447131665965115,0.8575798052538941
GAIL,2026-06-12,1.2510211799771298,False,False,False,1.8884431661323253,1.993710506203894,1.993710506203894
GAIL,2026-06-15,2.5596374781398534,False,False,False,2.298087625154177,3.2570830595975986,3.1233992645377295
GAIL,2026-06-16,-0.9130216336228791,False,False,False,-1.3116866724979803,-0.8400245750766255,-1.227457320083869
GLAND,2026-06-11,-1.8824844091920978,False,False,False,-1.5151316473541399,-1.4897927084289941,-2.938101718360242
GLAND,2026-07-07,0.7106991868556678,False,False,False,0.584763540164257,0.28565797203243815,-0.4817740850772467
GLAND,2026-08-10,7.498794500636041,False,False,False,9.255187313102509,11.899219503912262,11.419518365052973
GLAND,2026-08-14,-0.5907354133825815,False,False,False,-0.9070497162640079,-1.2000582752525246,-1.036909939036701
GLENMARK,2026-08-24,1.3030732496431163,False,False,False,1.6292949408001522,1.7352117459445093,1.9766999929860196
GLENMARK,2026-08-26,0.48476750258417134,True,True,True,1.9232586486711556,1.4095118107829485,1.3108764315555854
GLENMARK,2026-08-28,1.1969159367464455,False,False,False,-0.2010918698075459,-0.3773403513831708,-0.617684524238693
GMRAIRPORT,2026-06-15,3.128588706015467,True,True,True,4.133176748842948,5.463072480801401,4.429775665785418
GMRAIRPORT,2026-06-30,0.5100895022124741,False,False,False,0.4387535271187293,0.6081747672231019,0.5457574897593576
GMRAIRPORT,2026-07-01,-0.17274008873251478,False,False,False,-0.9627223589561473,-1.0768350015586847,-0.8837274803094264
GODREJPROP,2026-07-01,3.4243924147195015,True,True,True,3.6879612027284736,3.8461024755338524,3.65633423512437
GODREJPROP,2026-07-02,-0.03306899435470134,False,False,False,-0.15422386655634668,0.03256169684304755,0.2092530750610333
GODREJPROP,2026-07-03,0.7917933201557759,False,False,False,0.9222279451518878,1.2734013868992644,2.1764188085353853
GODREJPROP,2026-07-06,2.12593913492094,False,False,False,1.122271195871738,0.7446538556980187,0.9284981062964048
GODREJPROP,2026-07-08,-3.967408216040069,True,True,True,-2.5003027841288827,-2.191443443612251,-1.993572696506274
GRANULES,2026-07-09,0.5098525868248327,False,False,False,0.08540219583317299,1.1040831342131519,0.8720516354788321
GRAPHITE,2026-08-04,3.605604788557226,False,False,False,4.893713251922227,6.26865671641792,5.204888201040281
GRAPHITE,2026-08-05,-1.550738727800749,False,False,False,-2.160506658906014,-2.202079822748193,-2.202079822748193
GRASIM,2026-06-15,0.1925112355811276,False,False,False,-0.04694548700053813,-0.06899959807515899,-0.8346472568088736
GROWW,2026-07-02,-0.5023164488177412,False,False,False,-0.9349121392061455,-0.7907184653219601,-0.8147458547240416
HAL,2026-08-06,4.289911190128226,False,False,False,4.604149712306427,3.78375186382629,3.340862453312088
HAL,2026-08-12,0.44050905960151265,False,False,False,-0.9975249381234397,-0.759520941148506,-0.8375209380234283
HAL,2026-08-17,-0.3892505819074632,False,False,False,-0.06446501419705708,0.25244888625617357,-0.34004064740589257
HAVELLS,2026-07-30,1.1782852988904358,False,False,False,0.859085729994935,0.6994859455471847,0.8112077429001774
HAVELLS,2026-08-17,-0.8257812325193403,True,True,False,-0.4898802302691685,-0.6349294493016022,-0.8105074985010896
HCLTECH,2026-07-24,2.418717921831992,False,False,False,2.1956142921072175,2.864915454904815,3.74137871594582
HCLTECH,2026-07-27,1.4519877103510659,True,True,True,2.8868217232070448,2.8556278170277283,3.495060058007393
HCLTECH,2026-07-28,2.534140591888989,False,False,False,1.411591314341587,1.9232273912001885,2.030139065679859
HCLTECH,2026-07-29,-0.23059252278564424,True,True,True,0.8445088703974646,0.6813936586859137,0.9483135737111903
HDFCBANK,2026-07-06,3.7254865696301653,False,False,False,2.936368416398505,2.621956856728591,2.7637539942211298
HEG,2026-07-30,-2.4113048502758083,False,False,False,-2.4407496075232515,-2.617409165729534,-2.9854461681266264
HEG,2026-08-05,0.37544399450479826,False,False,False,-0.25018188612577763,-0.7957796563231034,-0.853971423707589
HEG,2026-08-14,0.22950798813063944,False,False,False,0.05131585424420493,-0.16251470641953647,-0.3335721943202863
HEG,2026-08-18,3.503849578744056,False,False,False,3.0561426476925835,2.587454657883659,1.9718565602754534
HEROMOTOCO,2026-07-30,2.0262618911258246,False,False,False,1.596114799951187,1.4191118508637635,1.2782696953759887
HEROMOTOCO,2026-07-31,0.8295324974300744,False,False,False,1.201254276222441,1.0990307870545557,1.043272520235683
HEROMOTOCO,2026-08-04,2.008044203485815,False,False,False,2.3907110359747907,2.2267109649080963,2.2631554251451247
HEROMOTOCO,2026-08-07,0.24594663519934556,True,True,True,1.7501545271038532,2.234267411854729,1.853893002407614
HFCL,2026-06-19,8.274930718467433,False,False,False,7.542231351629858,8.917915520634633,7.871199966435993
HFCL,2026-08-24,1.667433411574426,False,False,False,1.094357605167784,1.4509414175702284,1.2641609628203154
HFCL,2026-08-25,-0.5058265217727009,False,False,False,-0.618044458998912,-0.9255958059173897,-1.1001535183871036
HFCL,2026-08-27,0.35780606525044334,False,False,False,0.8669264414232769,0.7854684242052823,1.0339194163715648
HFCL,2026-08-28,2.2208688372465923,False,False,False,1.9112287637442549,0.8536369949475153,0.025254844003064214
HFCL,2026-08-31,-1.589661642694018,False,False,False,-3.8129617676530114,-4.444851451814024,-4.394142675155555
HINDCOPPER,2026-08-21,-0.5406468601518388,True,False,False,-0.2818403261063751,-1.619007418674645,-1.7397859074021693
HONASA,2026-06-11,-0.7902356932578125,False,False,False,-0.8721996340957161,-0.9073249954365536,-1.235173612224294
HONASA,2026-07-01,0.15555699292428837,False,False,False,0.027082496939745404,0.6908619474562006,0.08061299239294772
HSCL,2026-06-17,-1.1304351691753256,False,False,False,0.5292271650451985,0.29012130517251933,0.19870428360271308
HSCL,2026-07-21,2.9041771189430854,False,False,False,1.3930174596793465,1.3234677929992555,2.455257214036499
HSCL,2026-08-14,-0.5419102735612413,False,False,False,-0.389676954990148,-0.8210034004568656,-0.9478632087814076
HYUNDAI,2026-06-15,1.6242231900241544,False,False,False,0.44381665014694427,-0.19867626262747295,-0.21362050332166538
ICICIBANK,2026-06-24,0.30193784536918233,True,True,True,0.8688243221385727,0.8615583666395921,0.7816062409291558
ICICIBANK,2026-07-03,0.12570944764611625,False,False,False,1.0251234928560171,1.0322037914298754,0.9826330563596608
ICICIBANK,2026-07-06,0.28729249329935147,False,False,False,-0.224229247140173,-0.056054317978759816,0.11912611787017191
ICICIBANK,2026-07-17,0.7801206399310257,True,False,False,1.106468743924327,0.8217808376123736,0.2871232690785597
ICICIBANK,2026-07-20,0.39828866154640874,False,False,False,0.45983403270197787,0.3367516377895896,0.022188262416311666
IDBI,2026-07-14,1.1387742169729265,False,False,False,1.634270462179166,1.7149322327255856,1.4729469210863044
IDEA,2026-08-25,6.247235415590779,False,False,False,6.386305663075875,5.969101551854972,5.2737702081326665
IDEA,2026-09-09,-0.5609721081277441,False,False,False,-1.5128429554908451,-1.7666816367580829,-2.274346895598056
IDFCFIRSTB,2026-06-12,4.350725905262931,False,False,False,3.562724519052196,3.656216381650901,3.6829239753153553
IDFCFIRSTB,2026-06-15,0.9553566478627928,False,False,False,0.7625052983725844,0.13249152561780608,0.05535098582172271
IFCI,2026-06-12,4.606400707472469,False,False,False,3.664321920663016,3.485444589330755,4.749495294075068
IFCI,2026-06-17,-1.7047244227755276,False,False,False,0.6444475363642121,0.8075858608977748,0.4704311108457482
IFCI,2026-08-25,-1.3130125845378315,False,False,False,-0.6984389058506846,-0.8993563568609586,-0.7929824600129143
IFCI,2026-08-26,0.48304230646021296,False,False,False,1.5686517165692804,2.654261126678348,1.5803185199134484
IFCI,2026-08-27,-3.7743042633443746,False,False,False,-2.3014609150358023,-2.6325660439521226,-0.4975124378109319
IFCI,2026-08-28,1.8716013765376571,False,False,False,1.837749761901497,2.210040059250251,1.2624014191684907
IFCI,2026-09-02,6.067828843748502,True,True,True,7.832934568542083,7.208687657935098,6.573675604345741
IFCI,2026-09-03,-3.4878856576202044,True,True,True,-0.997575206424306,1.20270555368589,1.0126792599000956
IFCI,2026-09-04,2.184334832884849,False,False,False,0.6868070046039287,1.6460044192976753,2.1353929889307732
IIFL,2026-06-16,-0.6556368619226038,False,False,False,-1.3253069116787475,-0.6649356271518303,-1.1950901370584743
IIFL,2026-07-16,1.1255272225716428,False,False,False,-0.382220572906522,-1.0828711813348768,-1.3400773823428525
IIFL,2026-07-21,-0.5754606196917589,False,False,False,0.6543508824742084,-0.3762608851198612,-0.2983232753510423
IIFL,2026-07-22,0.32923278562064784,False,False,False,-1.892654857947873,-0.9711697599748104,-2.7882893842944956
IIFL,2026-07-28,-0.616030311686655,False,False,False,-0.5313761637409042,0.4675469155222878,0.687645633429601
IIFL,2026-07-29,0.833308364861951,True,False,False,1.5615039351971394,2.2645854379328423,1.812603742082941
IIFL,2026-07-30,1.4188623305844805,False,False,False,1.5427654804834212,1.6336257737564974,1.7410024537104052
IIFL,2026-07-31,-1.894885894503462,False,False,False,-1.5816799778347934,-1.678046504513342,-2.465075751187562
IIFL,2026-08-10,0.04552269376434381,True,False,False,0.2691179404692212,0.5885480771054663,-0.33779736949280936
IIFL,2026-08-14,-1.5426101894672528,False,False,False,-1.8389844619118523,-1.8233803041046936,-2.0339650304844636
IIFL,2026-08-20,0.4871962705490951,True,True,True,1.6114743152427335,2.2627821099752143,3.534381239711104
IIFL,2026-08-21,4.823271701125775,False,False,False,5.941026636899904,6.247258817558143,6.568798869063475
INDHOTEL,2026-06-15,0.9688689207488776,False,False,False,1.3190535312547658,1.1731447611380785,1.2606864609822521
INDHOTEL,2026-06-19,1.8020340121730705,False,False,False,2.277323268668252,2.116561408709128,2.172480803156218
INDHOTEL,2026-07-06,-0.20169259015311303,False,False,False,0.060511552247222156,-0.03361406386562793,0.04706034596864139
INDIGO,2026-06-12,4.336001479043405,False,False,False,5.014541885670387,5.21423409304429,5.529887437326497
INDIGO,2026-06-15,3.6089394298349786,False,False,False,2.8255506528205743,2.7981784200689974,2.528630820763933
INDIGO,2026-06-24,3.9647001152769867,True,True,True,5.2101005483509155,5.434389444438303,5.69212905951213
INFY,2026-08-10,-0.531015241230115,False,False,False,-0.3215715861554225,-0.028350469050852922,-0.35508461631557076
IPCALAB,2026-08-25,-0.6560931205801701,False,False,False,0.05496904780926126,0.6585997506991292,1.1138846099242539
IPCALAB,2026-08-26,-0.5787957793937037,False,False,False,-0.7007238925285764,-0.9445739172768808,-0.7058029385922371
JBMA,2026-06-19,2.2968339826404227,False,False,False,2.5825386977954112,1.5999890645025383,1.8229760357435953
JINDALSTEL,2026-08-20,-0.8684894366935758,False,False,False,-0.6211750315499698,-0.23252578651349332,0.014799400964560228
JSWCEMENT,2026-06-17,-1.192962585702495,True,True,True,-1.0417797769450177,-1.0115478289970947,-0.935950657363882
JSWINFRA,2026-06-23,0.9178119638778126,False,False,False,3.7961859987653668,3.9234047519487003,3.5258400818953373
JSWINFRA,2026-06-24,6.190152974670626,False,False,False,5.1745025639414965,5.12762829853497,5.1745025639414965
JSWSTEEL,2026-08-26,1.152114334131915,False,False,False,0.23732496733552821,0.5147585358812767,0.3647924657046442
JUBLFOOD,2026-08-13,-0.85719974610734,True,True,True,3.808697703305941,3.4090492039669407,1.1810100397824375
JUBLFOOD,2026-08-14,-0.3299156424759975,False,False,False,-0.6355287267061138,-0.2806228213298456,-0.4087829528718223
JUBLFOOD,2026-08-26,-4.498622474390279,False,False,False,-4.565462093174933,-5.042921246544363,-5.40579486579219
JYOTICNC,2026-06-24,1.6588312736207422,False,False,False,0.4997157035817823,0.137089444346139,0.5320931893110448
JYOTICNC,2026-07-15,-0.20231208840020276,True,False,False,0.09289576845818992,-0.6820154714855087,-1.2601264784887212
JYOTICNC,2026-07-16,-2.3904836289209364,False,False,False,-3.49472299563538,-3.28237012583803,-2.8576643862433193
JYOTICNC,2026-08-21,2.1346700749975467,False,False,False,2.8558145907519483,1.3414098500914795,0.8366061739109476
JYOTICNC,2026-08-25,-1.3291874547121774,True,False,False,-1.1050827529955343,-1.3939312446775043,-0.6568733495622481
JYOTICNC,2026-08-26,0.43615824522684754,False,False,False,0.4312194011510728,0.7276224097132467,0.7473838163509772
JYOTICNC,2026-08-27,0.4338288862681061,False,False,False,-0.7120637363366766,-0.23907469944525195,-0.5121372828789883
KALYANKJIL,2026-06-30,-0.4589720483484716,False,False,False,0.5559693086576445,0.016380332038967715,-0.1634852739610615
KALYANKJIL,2026-07-09,14.234740065158146,False,False,False,19.204202876362707,17.983852245196317,18.965162353171184
KALYANKJIL,2026-07-13,5.996706313057065,False,False,False,5.739407779703409,6.2642942750638975,6.964151311147848
KALYANKJIL,2026-07-14,-0.10467020237238112,False,False,False,-1.470278232517075,-1.189673373534983,-0.4507449613139314
KALYANKJIL,2026-07-22,2.432302642780515,False,False,False,2.38946902781616,2.35521050178511,2.5008406096936886
KALYANKJIL,2026-07-28,1.337163945378994,False,False,False,1.9569884110903102,2.2462398284222695,2.0644286871291495
KALYANKJIL,2026-07-29,2.7595247982672655,False,False,False,2.246537457709419,3.068947311570236,2.6455265070667533
KARURVYSYA,2026-07-21,9.006967117537323,False,False,False,8.13134522699006,8.688559157338327,8.672632929104495
KARURVYSYA,2026-08-03,-0.09710175164827639,False,False,False,-0.7406217313627339,-0.44030717051698476,-0.426010217842665
KAYNES,2026-08-24,-1.929039496398921,False,False,False,-2.1578802131560937,-1.5603516749568058,-1.1280969877488167
KAYNES,2026-08-25,-0.9293120915386366,True,True,True,-0.45985538436239537,-0.7636247338116964,-0.5728265447080161
KEI,2026-06-15,0.7467294870589614,False,False,False,0.2766825376636639,0.23059950340922342,-0.5435954720653835
KEI,2026-06-17,1.9630110317975458,False,False,False,2.1973466003316844,2.1072175355108635,2.1793207873675113
KEI,2026-08-17,0.11958701119212378,False,False,False,-0.3952313130254126,-0.4838782839698963,-1.102675759458649
KFINTECH,2026-08-17,1.081070589833688,False,False,False,-1.3929079610076833,-1.3929079610076833,-1.9518778324728592
KFINTECH,2026-08-21,-0.2084489477026219,False,False,False,0.004539989885299356,-0.3453757136883895,-0.3098734304509798
KPRMILL,2026-06-24,0.8237582235675722,False,False,False,-1.6994103014945972,-2.3003542088058326,-2.6131814831758082
LALPATHLAB,2026-07-13,0.34229319062430985,False,False,False,0.4928776134425439,1.35006135875122,1.153140004285902
LAURUSLABS,2026-06-23,2.4716804596034425,False,False,False,2.8997932731812837,1.6292616603398757,1.3047169141066073
LAURUSLABS,2026-07-03,0.30828256896580086,False,False,False,0.204310810922248,0.1783158882771918,-0.12060589079928574
LAURUSLABS,2026-07-24,1.237455298332213,False,False,False,3.2646902928703314,3.0408252022951165,2.5744364340288595
LAURUSLABS,2026-07-28,1.2407004371698838,False,False,False,1.1833337680651201,2.2044562764693465,2.5371857583837754
LAURUSLABS,2026-07-29,0.8013282057363735,False,False,False,0.7053296981678114,1.1853360229570287,0.7505026279464033
LAURUSLABS,2026-07-31,0.525777347567824,False,False,False,0.005834160258566534,0.5534338282537243,0.5479038825306537
LAURUSLABS,2026-08-03,-1.2982798352675573,True,True,True,-0.6010146595097243,-0.8788315127287394,-0.7480922142501067
LAURUSLABS,2026-08-04,0.16283976666877642,False,False,False,-0.4109098448658699,0.14118746659392833,0.21696721317872036
LAURUSLABS,2026-08-26,0.5989617184700924,False,False,False,0.40734594801656865,0.582991030335589,0.6894449580800099
LENSKART,2026-07-03,-0.0775131841914356,False,False,False,-0.4415148159701121,-0.37617476281506246,-0.8801761458002377
LENSKART,2026-07-09,0.6428631181126798,False,False,False,0.28988683820101446,0.24463375226659867,-0.23504232976805373
LENSKART,2026-08-10,1.5592461743016317,False,False,False,0.7469188803876481,0.8851866825970278,1.8357923278774946
LENSKART,2026-08-13,0.36612666438871067,True,True,True,2.797720376391455,2.504252169770438,2.277866504520576
LENSKART,2026-08-18,-0.10867392690772082,False,False,False,-0.9657053514773972,-0.957771848564426,-0.8069965459509221
LENSKART,2026-08-19,0.2021144278607112,False,False,False,-0.12437431373405472,-0.16324247293802996,0.4897350102514908
LENSKART,2026-08-20,1.4849738195949147,False,False,False,-0.7983591107372123,-0.6672254049194692,-0.46665467865794064
LENSKART,2026-08-21,0.6670479319676126,False,False,False,-0.5202025150875977,0.23601031261983874,0.22845003056548574
LENSKART,2026-09-04,0.4732025547798724,False,False,False,0.6556687837800945,0.32722957157971244,0.04258047244261043
LGEINDIA,2026-08-14,8.234723983855051,False,False,False,6.485778816409171,6.841811032720901,6.58571701530406
LLOYDSME,2026-07-27,3.013141922598561,False,False,False,2.620230926696654,2.1048603138155597,1.74767189692564
LLOYDSME,2026-07-31,-1.1525189953547788,False,False,False,-1.0802761437849417,-1.1043570943082281,-1.3547966280950008
LLOYDSME,2026-08-10,-2.8507825653643737,False,False,False,-4.020348262448392,-3.7986936812037464,-3.610054424049114
LODHA,2026-07-01,2.348339351899842,False,False,False,2.4507081662642483,1.8313780889789744,1.8825624961611886
LODHA,2026-07-02,1.982305279609009,False,False,False,2.817239821130957,3.92715360846676,3.9171568043864236
LODHA,2026-07-03,4.180465148138901,False,False,False,3.464544553616511,3.3125302445759175,4.13142981896657
LTF,2026-06-30,1.4744362480759277,False,False,False,0.5369553576951125,0.6339323974042799,0.5692843260701741
LTF,2026-07-01,0.12438200249753617,False,False,False,-0.03507711218544429,0.012758675697055466,-0.01913509376194611
LTF,2026-07-03,3.7691251945868087,False,False,False,2.8402311554618143,2.9661817494804454,2.934691698622194
LTF,2026-07-06,1.604443498928232,False,False,False,2.1941943463486213,1.7707813516006699,2.0732205235222123
LTM,2026-07-28,4.6770936612902325,False,False,False,3.3763589562566754,4.0656693917718645,4.7361105578277
LTM,2026-07-29,1.0086552797842208,False,False,False,0.9905130844168664,1.1061889625711308,1.1470255158797071
LTM,2026-08-10,1.2225563847655163,False,False,False,1.4965866290391316,1.646251359432127,1.2879041169204575
LUPIN,2026-06-30,-0.39499596597681874,False,False,False,-0.6287315194837606,-0.44010721813351195,-1.182320467387965
LUPIN,2026-07-03,1.39203908178136,False,False,False,1.3187357571966096,1.5019890975934702,1.3309546349824064
LUPIN,2026-07-06,0.22439194595342826,False,False,False,0.6495173329744031,0.5853441378356194,0.3808006458537738
M&M,2026-07-28,0.4822043628013972,False,False,False,1.483350973497899,0.9414466130884147,1.097591968044398
M&M,2026-07-31,3.4801944590243883,False,False,False,2.283891632908497,2.1523012426969412,2.0595848530117644
M&M,2026-08-07,0.10764214600051947,False,False,False,0.6985241831700906,0.5329612483211399,0.30745779898653236
M&MFIN,2026-07-21,3.9184463551075854,True,True,True,5.78232580511977,5.78232580511977,6.097753308386045
M&MFIN,2026-07-30,-0.5728900429591066,False,False,False,-0.8367269972148317,-1.0000502537815925,-0.44725558896644424
MAHABANK,2026-06-12,3.654266684866503,False,False,False,4.063604686890865,5.034296811361805,4.7536152887861505
MAHABANK,2026-06-15,1.9781260745352913,False,False,False,0.6721684285829532,0.853862137281558,0.2747053182616366
MANAPPURAM,2026-07-27,0.4788225623278741,False,False,False,-0.31619478323542394,-0.34409177154679504,-0.7346240690091932
MANKIND,2026-07-15,-1.3138080072518266,False,False,False,-1.5033696215655645,-1.8825022952161707,-1.658116880604743
MAPMYINDIA,2026-07-14,-3.6631293450644864,False,False,False,-3.810181345172736,-3.8469393590340517,-4.337099396286215
MAPMYINDIA,2026-07-29,-2.5734356632474364,False,False,False,-3.1361853834357745,-2.8735668119394653,-2.44420758260957
MARICO,2026-07-28,1.4398083790795546,False,False,False,0.7806617160811768,0.4539500416086417,0.6259013449995132
MARUTI,2026-06-30,1.4114596236322274,False,False,False,1.4257590398228048,1.2827648779169643,2.09783160078032
MARUTI,2026-07-01,1.34525597489632,False,False,False,0.9108390867295757,0.6936306426462258,0.7356709866623623
MAXHEALTH,2026-06-19,-0.36581665654016327,False,False,False,-1.0832975788821364,-1.605513092054811,-2.064158977328967
MAXHEALTH,2026-07-06,-2.6848516040487214,False,False,False,-1.646939819356874,-1.8184958323951284,-2.1787592713962467
MAZDOCK,2026-08-26,-0.20147388421595247,False,False,False,-0.30394627346778114,-0.22803942721124626,-0.0762257346981654
MCX,2026-08-21,1.6143589799103353,False,False,False,1.37617799294929,1.7858539424946862,3.249868423709512
MCX,2026-08-24,1.7860252686145106,False,False,False,1.6063157014692298,1.4297075748479715,2.067976470205868
MCX,2026-08-25,-0.21621687694416414,False,False,False,-1.051028079947014,-1.338371499064639,-1.3020695806748805
MEESHO,2026-08-20,4.910445331934099,False,False,False,3.6766166117654153,3.572135659592668,3.8308442528568243
MEESHO,2026-08-24,-3.0913020361043486,False,False,False,-3.883590600784159,-3.6289235922736363,-3.70438101672238
MEESHO,2026-09-02,-0.329062133169411,False,False,False,-1.414625209870768,-2.3738559129728665,-2.397253176920222
MEESHO,2026-09-04,-3.2229724468026633,False,False,False,-3.0381981253650325,-3.0705304597067884,-3.846598116859523
MOTHERSON,2026-06-15,-0.004717918847885194,False,False,False,-0.19373132595820186,-0.43000323507518257,-0.4367500351655007
MOTHERSON,2026-08-04,-2.513109891431875,False,False,False,-2.654330906220792,-1.5951732953039421,-1.5502446786555435
MOTHERSON,2026-08-06,-0.8919817560367194,True,True,True,2.607370400289599,2.7791497888672634,3.8353202242330964
MOTHERSON,2026-08-07,7.066411149052332,False,False,False,7.954434865576299,7.853664172207142,6.751509939790412
MOTHERSON,2026-08-10,-1.0952330538876565,False,False,False,-1.0424953664279202,-0.9663127456824405,-1.1421139788370116
MOTHERSON,2026-08-19,-0.9313895638088487,False,False,False,-1.56195553505184,-1.5388193056564803,-1.3941935969905117
MPHASIS,2026-08-07,-0.33327334117454477,False,False,False,-0.2571682649553986,-0.5335601518874911,-0.45745507566834487
MPHASIS,2026-08-11,0.185934549411515,False,False,False,-0.6594791791274202,-0.892567384772347,-0.8688602299961934
MRPL,2026-09-09,2.2168386101445003,False,False,False,3.97481788843983,2.393745792910784,2.001238253272275
NAM-INDIA,2026-07-01,0.08583547922031975,False,False,False,-0.15583926382012336,-0.48918093069512114,0.7108511046109545
NAM-INDIA,2026-07-02,1.2762115630976956,False,False,False,1.533150573662323,1.6574768804872075,1.2430558577375628
NAM-INDIA,2026-08-20,0.736054994807378,False,False,False,0.4828076366933942,1.193535701776427,1.855259729932035
NAUKRI,2026-07-28,1.6616995795948775,False,False,False,1.6413680537342046,2.714868648177182,2.6213416437174786
NAUKRI,2026-07-29,-0.47765245543831547,False,False,False,0.153891105108106,-0.23933266696691824,0.06650912211998428
NAUKRI,2026-08-04,-0.24658399935800768,False,False,False,-0.1603279469089669,-0.6151369381431904,-0.5367206045883588
NAUKRI,2026-08-10,0.787244595924097,True,True,True,2.6871296255770005,2.77277819351458,3.5669878305945923
NAUKRI,2026-08-11,4.521673496207845,False,False,False,3.241976396655555,3.0197510264666327,2.7592112598348484
NBCC,2026-06-15,-0.7376577874838475,False,False,False,-0.6822423401459665,-0.054174765657366564,-0.43285873367500116
NBCC,2026-06-16,0.04167624603697018,False,False,False,0.4529162981585566,0.6174137134666635,0.10564707575138055
NBCC,2026-06-17,2.5621573166887845,False,False,False,1.7927093258613969,1.2495748489411262,1.2043176712233317
NESTLEIND,2026-07-22,0.5371538266844444,False,False,False,-0.9610975785530274,-1.69342677753197,-2.3384108770168277
NESTLEIND,2026-07-30,0.2179957838879254,False,False,False,-0.50408320273716,-0.5697267469758072,-0.5828522505723521
NETWEB,2026-06-18,0.7763880083504704,False,False,False,1.7560095050008107,2.666504620851695,2.1055857016525126
NETWEB,2026-06-19,-2.2837239357594186,False,False,False,-2.6658012615238036,-2.3524997200089492,-2.029646245349992
NETWEB,2026-08-13,1.7527896407833143,False,False,False,2.490501187523564,1.1559703938518018,0.5258819900008538
NETWEB,2026-08-14,-3.947566105769218,True,True,True,-2.022583147962098,-1.5116724071947751,-1.144274869642159
NEULANDLAB,2026-08-06,7.215551675920606,True,True,False,8.864107741307393,7.9977494486867196,8.423502666774585
NEULANDLAB,2026-08-07,1.3695417974600277,False,False,False,-0.6744844032394615,-0.05065822510390561,-0.6966058989180235
NIACL,2026-09-04,14.182297708236558,False,False,False,10.26214843461597,11.214113600528908,11.160412619418004
NYKAA,2026-07-02,0.0907912147801726,False,False,False,0.5677926026186775,0.3451880731134782,0.39289597559180045
NYKAA,2026-07-03,-0.8925516852036797,True,True,True,-0.35530409545726505,0.6243951669793413,0.21355820749602294
NYKAA,2026-07-06,-1.1097813950160518,False,False,False,-1.7848611729870734,-1.2353838723004995,-1.1725826336582812
NYKAA,2026-07-08,-0.17081000543655023,False,False,False,0.6225925534711907,0.6225925534711907,0.8092783012234817
NYKAA,2026-07-31,-0.8984944244495696,False,False,False,0.31929902725180703,0.928191220901109,1.0173033648223528
OBEROIRLTY,2026-07-03,4.259414696370989,False,False,False,4.025814554475882,4.50363037530106,4.785006914645229
OBEROIRLTY,2026-07-06,0.4031928586221367,False,False,False,0.30083984204720693,0.2547797351619918,0.09101740749501985
OFSS,2026-07-01,-0.3985049875003033,False,False,False,-0.38050363289837685,0.4025552922857445,0.5375654518002593
OFSS,2026-07-02,-1.0875541430314661,False,False,False,-1.105434194704824,-1.4362151506617793,-2.1782372951057782
OFSS,2026-07-06,-1.5561433897980481,False,False,False,-1.847266901594502,-2.2530754331895664,-1.7149380325961139
OFSS,2026-08-05,0.12358047300906616,False,False,False,-0.4634799495468189,0.0980561068109731,0.3447916467257617
OFSS,2026-08-28,0.6245719990429333,False,False,False,0.4513089609993193,0.3027977855333708,0.14603598920819305
OIL,2026-08-10,-0.08598844659433169,True,True,True,2.9463033348124723,4.180881918333879,3.8018454456580253
OIL,2026-08-11,1.5357812386886716,False,False,False,1.9445910863755689,1.6541252513593063,1.6218454330000354
OIL,2026-08-18,-0.12746437379862474,False,False,False,-1.0628674807779181,-0.9497989817506047,-1.0114715677809194
OIL,2026-08-31,-1.1000032949205707,True,True,True,-0.24222075813855604,-0.4770940896027809,-0.40561117275309533
OIL,2026-09-09,-0.060834415474331216,True,True,True,1.5369988774649013,1.507226752623958,1.4278324005811749
OLAELEC,2026-06-30,-1.6825955152258265,False,False,False,-0.09502978327288192,1.3807371067983576,0.6875706396039627
OLECTRA,2026-06-19,4.840310141178583,False,False,False,4.4844586440647705,3.4511042566996775,3.4579543019513936
PARADEEP,2026-08-25,4.055994182785261,False,False,False,3.913290991144658,5.359771636332433,5.281937130918246
PAYTM,2026-07-09,1.3198405366637855,True,True,True,2.351530030947546,2.692785046400159,4.041917462001998
PAYTM,2026-07-15,-1.238050781754807,False,False,False,-3.488141037065662,-3.3742140669367537,-4.193076659589834
PAYTM,2026-08-03,3.051001206866766,False,False,False,1.4746884738749078,1.8489709302303092,2.619132778894051
PAYTM,2026-08-10,8.528956751975825,False,False,False,9.35388150034344,9.081178553958535,8.535772661188744
PAYTM,2026-08-11,-0.6033299982337148,True,True,True,0.49844614898608697,-0.1551516735994629,-0.5037356592662134
PAYTM,2026-08-26,-0.358508712892891,False,False,False,-0.45117550616388113,-0.15000666052739087,-0.35271836394279443
PERSISTENT,2026-07-27,1.096433039018585,False,False,False,1.5413901953340359,2.5101515247656137,2.9438422023404742
PERSISTENT,2026-07-28,3.4624610816132106,False,False,False,2.754324640492656,3.348784727803089,3.5630891770895623
PERSISTENT,2026-08-20,0.7421732664434355,False,False,False,-0.08133223709696491,-0.5506418251361334,-0.5063673356984766
PGEL,2026-07-16,1.4175641041312748,False,False,False,-0.2530345813927748,0.007737819654818345,-0.701243984826061
PGEL,2026-08-07,-0.7806796520116621,False,False,False,-1.6852477207588423,-1.4492734419552344,-2.692075151048101
PHOENIXLTD,2026-07-03,1.7770791642516048,False,False,False,0.4604704219078659,0.6569737294775058,1.1384239244390804
PHOENIXLTD,2026-07-06,2.50220331906692,False,False,False,1.9225490118903066,2.0529688723856188,1.8935615792926352
PIDILITIND,2026-06-15,1.3210557014692537,False,False,False,0.43738290057855345,0.001948340238722146,0.23247711727425457
PINELABS,2026-08-27,-0.8357391466491726,False,False,False,-1.6754731964369163,-1.9437250338352086,-1.8212601106882054
PNB,2026-08-03,-0.5413885095376769,False,False,False,-0.5764933842611897,-0.5852712768346313,-0.5852712768346313
PNB,2026-08-05,-1.2276817696503906,False,False,False,-0.9060586955073835,-0.8452118038385859,-0.5670536373792223
PNBHOUSING,2026-08-20,-0.2775073072466605,False,False,False,-0.3367358822340072,-0.5482812634235557,0.2048120301197942
POLICYBZR,2026-08-19,0.8817299640411891,False,False,False,0.9380255722800435,1.1069123969966288,0.7466191298634239
POLICYBZR,2026-08-26,1.1800488239758655,False,False,False,1.1416758858085796,0.8346723039417414,0.7030974282341784
POLYCAB,2026-06-17,0.6763194097649805,True,True,True,1.0810890123773564,1.0507312921814282,1.0254331920181547
POLYCAB,2026-06-19,0.2973945928436583,False,False,False,-0.02056821941818221,-0.21929497708182977,-0.2491039907313808
PPLPHARMA,2026-07-03,-0.3447686481305112,False,False,False,-1.6912257858837099,-1.7025430181811574,-1.4592786351589782
PPLPHARMA,2026-07-06,-0.6362885710915367,False,False,False,-0.9249452999776087,-0.6196361127157046,-1.3523696919213068
PPLPHARMA,2026-07-30,-1.9826241924704724,False,False,False,-3.9380198253717302,-2.2499409846948204,-2.3687526443884277
PPLPHARMA,2026-08-10,0.1723051568287337,True,True,True,1.6477664349556775,1.811709753519497,1.1418921588798314
PPLPHARMA,2026-08-21,-2.3600516128240434,False,False,False,-3.0294739385879454,-2.619626654876339,-3.229846192379049
PRESTIGE,2026-07-01,3.4621921007150114,False,False,False,3.8084300420316852,3.8021363436576916,3.9909934025576854
PRESTIGE,2026-07-02,2.756160841688793,False,False,False,2.9453972111261217,3.5131063194380863,3.1102143018610917
PRESTIGE,2026-07-03,-0.32009344067182033,False,False,False,-0.9055775750704043,-0.8346056446962735,-0.3674080609212482
PRESTIGE,2026-07-06,0.4278698643318535,False,False,False,-0.7142211825688416,-0.9192118832946128,-1.1651978643622218
PWL,2026-06-19,5.416758327943838,True,False,False,5.992717236072598,5.863771016089259,5.35658429974859
RADICO,2026-06-19,0.6320446587344541,False,False,False,0.6347113162434193,0.5654432614371263,0.6986460560317598
RADICO,2026-06-30,0.42008454165727294,False,False,False,-0.42888426349017017,0.16336341465885695,0.6564759915533402
RADICO,2026-07-06,3.214203905851476,False,False,False,2.9146705450606047,2.964592771859076,3.061938676507392
RADICO,2026-07-07,-1.1469122841196389,False,False,False,-1.3898382791445063,-1.4836381303537816,-1.1060194480221441
RADICO,2026-07-20,-1.0187135759178068,False,False,False,-1.4179905845083107,-1.819649106160981,-1.5016704160262462
RADICO,2026-07-28,2.5579079134202987,False,False,False,2.988987348724148,3.8771909391983383,4.855394534113544
RADICO,2026-08-05,1.2116393156578198,False,False,False,-0.01044969886182523,-0.6392012543815606,-0.3447540135369298
RBLBANK,2026-06-11,-0.33299851977176553,False,False,False,-1.5257139661489116,-2.7458414259280417,-2.8692289563387763
RBLBANK,2026-06-12,1.091161604902724,False,False,False,0.5208672962881522,0.7245432431079557,0.38508333174160914
RBLBANK,2026-06-15,0.8527723262763853,False,False,False,0.5827153734589308,0.05610101887119079,-0.21395593394627488
RBLBANK,2026-06-19,0.6429980924396395,False,False,False,0.6429980924396395,0.444072684240826,0.4175476776218545
RBLBANK,2026-09-04,0.6048374290543279,False,False,False,-0.24312628196720976,-0.4006037781398408,-0.8124748238130253
RECLTD,2026-06-22,1.1797239085106659,False,False,False,0.2933786182069964,0.3479262728856014,0.007024238153419127
REDINGTON,2026-06-17,0.3750368475798016,False,False,False,0.6843951755651778,3.3694727138535274,4.09924076695507
REDINGTON,2026-06-19,1.8304842659024434,False,False,False,0.5633055609466586,1.2294781828242618,2.50026988509906
REDINGTON,2026-09-10,3.1295004581193275,False,False,False,0.5944881174180683,0.7764921772607236,0.2954882487699706
RKFORGE,2026-07-31,1.3768405127945638,False,False,False,0.06556742088974499,0.5823595202283371,-0.050133146043029875
RKFORGE,2026-08-03,4.677861213011125,False,False,False,5.559421117858387,5.764608506447022,4.062289770303895
RKFORGE,2026-08-04,0.6578051854494449,False,False,False,0.9266487219593333,1.4934109884030322,1.70412187765836
RKFORGE,2026-08-07,1.0325562839219815,True,True,True,1.904897611933687,1.981052851828613,2.6041550077461117
RKFORGE,2026-08-10,1.2768803445051935,True,True,True,2.9489043124569347,3.5085171653307823,2.826058402901488
RRKABEL,2026-06-16,-1.4037832109053405,False,False,False,-1.043938649461018,-0.870686584101088,-0.36868509135136174
RRKABEL,2026-06-24,0.19931239784600763,False,False,False,-1.1984402459894072,-0.9688939442847433,-0.6942649810934953
RRKABEL,2026-06-29,-0.4935583442851166,False,False,False,-4.092227082777211,-5.889584405260351,-6.537419230876774
RRKABEL,2026-07-28,0.09934845894368216,False,False,False,-0.470559309802554,-0.023872555638004833,-1.2830546317849412
RRKABEL,2026-08-11,-0.11929866928677146,False,False,False,-0.9534884138366673,0.032696199287762795,-0.5328596802841812
RRKABEL,2026-08-19,0.7297970892488737,False,False,False,0.1334772538656992,0.21668998756219082,0.07801056238840864
SAGILITY,2026-07-28,-1.610417810756648,False,False,False,-2.1100906717583023,-0.8609085192541555,-0.7927744614979249
SAILIFE,2026-09-02,1.5945942612658026,False,False,False,2.219669319169393,3.182800814636777,2.8575057779013813
SAILIFE,2026-09-03,-1.5206116386133561,False,False,False,-2.225546323047767,-1.9136262993418418,-0.8718164662580463
SAREGAMA,2026-06-23,-1.3045397628641542,False,False,False,-1.6045913793012678,-1.7390948809743234,-1.6356296773773704
SBICARD,2026-07-28,-0.08165857641880825,False,False,False,-1.2536103676148103,-1.1628823079227635,-0.9133662992030667
SBICARD,2026-08-03,-0.6915162161399424,False,False,False,-0.6616673790309613,-0.8258314288372426,-0.6915162161399424
SHRIRAMFIN,2026-06-24,1.4244577383107915,True,True,True,2.5052670957034673,1.8646044004583917,1.639647714761705
SHRIRAMFIN,2026-07-02,1.0439982960964933,False,False,False,0.7714121919540018,0.5834233579147474,0.8184094004638043
SHRIRAMFIN,2026-07-03,-1.0828257246098927,False,False,False,-1.129278800035749,-1.101402418347086,-0.9620431920695172
SHRIRAMFIN,2026-08-05,2.6829323701129226,False,False,False,1.992323716037392,2.4375882076489885,3.9460255266192013
SIEMENS,2026-08-03,2.541071864977451,True,True,True,3.3013733509945853,3.392818240028772,5.030986833560647
SIEMENS,2026-08-04,3.1080194418432905,False,False,False,2.8837872397774245,3.1538861092266,3.08253865117436
SIEMENS,2026-08-25,-0.8696111955063812,False,False,False,-1.17645699731046,-1.0580673006245433,-1.0604858245727877
SOLARINDS,2026-09-03,3.7286477827580544,False,False,False,3.77678172604472,4.209987215624689,3.897116584261373
SOLARINDS,2026-09-07,1.5434466294937055,False,False,False,1.864496370418034,2.047953365231936,2.644188598377095
SOLARINDS,2026-09-08,0.9591681233472427,False,False,False,0.3540854287123141,0.17480166733898628,0.2644435480256613
SONACOMS,2026-07-02,4.963951444456827,False,False,False,4.255692688708446,3.877950843092992,3.8307355139846067
SONACOMS,2026-07-08,-2.2321626289915297,False,False,False,-1.5530691371130056,-2.1214402763629736,-1.7818935304237171
SONACOMS,2026-07-16,-0.23497467794996174,False,False,False,-0.5923219438473404,0.5161836788893925,0.8881129138841981
SONACOMS,2026-07-20,1.2300327118774712,False,False,False,1.2651454530192785,1.2721662867583472,1.124694488452005
SONACOMS,2026-07-30,3.2188146116356897,False,False,False,2.635205931817297,2.863285804961424,2.7224155914225445
SONACOMS,2026-08-04,0.2503437480194659,False,False,False,0.02217898861585077,0.3454098189387578,0.8714374361274979
SONACOMS,2026-08-05,2.82779411333014,False,False,False,2.019949378551722,2.6399236003338045,3.0219254478655477
SONATSOFTW,2026-07-29,1.2456430338033009,False,False,False,2.4183054568656104,3.0838758440958847,1.7210490715162674
SONATSOFTW,2026-08-04,0.3163192463842668,False,False,False,2.4151680490140937,1.2729383566464136,1.3871595829789918
SONATSOFTW,2026-08-05,-4.927950928402158,False,False,False,-5.3625786258480135,-5.1662901807995265,-5.502782213068979
SRF,2026-07-06,-0.12859431655282139,False,False,False,-1.1861630286508773,-1.3231863282457734,-1.312644094916482
SRF,2026-07-16,1.2249471300604942,False,False,False,0.4594095443398505,0.5533601853253467,0.15667592543056053
SRF,2026-07-21,1.0380197776549638,False,False,False,0.6046601296714416,0.2941380604479571,0.30096098191314535
SUMICHEM,2026-07-15,-0.22086047980670598,False,False,False,-1.7055570696966948,-0.8294925360166294,0.793530032875478
SUNPHARMA,2026-07-09,0.3018078820719028,False,False,False,-0.569710370874954,-0.1829424741574437,-0.13652906754126892
SUNPHARMA,2026-07-27,0.10967284098197805,False,False,False,-0.07754014933594178,0.23111113206217837,0.4891636402275523
SUNPHARMA,2026-07-28,-0.3364587697891275,False,False,False,-0.08984034879030434,-0.11500536840644004,-0.15023393834757703
SUNPHARMA,2026-07-30,0.9403583601373722,False,False,False,0.5459418618928735,0.4910244975885991,0.36620953576949056
SUZLON,2026-06-16,2.0960705000089064,False,False,False,0.9394726130763198,0.7116626382712932,0.4487967473949972
SUZLON,2026-06-19,-0.4975124378109319,False,False,False,-0.9323104168789564,-1.132992295857227,-0.6313003571297826
SWIGGY,2026-08-25,0.9144949384681134,False,False,False,1.507180329246749,1.402591919025875,1.507180329246749
SYRMA,2026-06-11,-0.8977176880532234,False,False,False,-1.2822323712666894,-1.454866924986653,-0.6544564245020923
SYRMA,2026-06-15,1.2059522025763547,False,False,False,1.5682241246290696,2.207991333294923,1.791757812546746
SYRMA,2026-06-23,1.357622266568792,True,True,True,2.1201986509512327,1.9882184078914733,1.7609116413602743
SYRMA,2026-06-24,0.6850434476046274,False,False,False,0.7620127212041083,0.5101093977414317,0.5730873640325207
SYRMA,2026-08-10,2.945764964559028,False,False,False,2.816979436202005,4.125147503075577,3.976032643322891
SYRMA,2026-08-11,-2.2103641563454013,False,False,False,-1.151273854119672,-1.5958348094040287,-2.014235731452785
TATACAP,2026-06-19,4.866345774487768,False,False,False,3.111679993290717,2.6123843567779526,2.227211695777398
TCS,2026-07-27,1.258621081841138,True,True,True,3.058331062830555,2.927601678818492,3.555098466562523
TCS,2026-07-28,4.875192074186319,False,False,False,4.1058249854937,5.305008435146097,5.923939797502786
TECHM,2026-07-28,2.6084753475377864,False,False,False,1.6286091234443578,2.1709271974610367,2.6762632260918906
TECHM,2026-07-29,0.45277904768452615,False,False,False,0.5980484654487528,0.7675306842919172,1.2759625634023886
TEJASNET,2026-06-19,1.033176949914627,False,False,False,0.398695907361013,0.10524261633253484,0.8745566892762291
THERMAX,2026-06-23,-2.308868828286459,False,False,False,-2.7688332250844327,-3.0211999930802036,-4.077483361343203
TIINDIA,2026-06-15,1.8205155930794303,False,False,False,3.351220477291239,3.134791041030227,3.6805742807981767
TIINDIA,2026-06-16,0.000169434718255701,False,False,False,-0.335688491570596,-0.09753319844643116,-0.12196072029587723
TITAGARH,2026-06-15,-1.6881404941106348,False,False,False,-2.5272525593187822,-2.1020282534974677,-2.1020282534974677
TITAGARH,2026-06-16,0.35713345574481803,False,False,False,-0.10091152102751355,-0.3578637474798918,0.12252638350216394
TITAGARH,2026-06-17,3.4060624054502053,True,True,True,4.484245631603523,5.33573527291602,4.9376395507294335
TITAN,2026-07-01,-1.3398257603819852,True,True,True,-0.8693860307912415,-0.5826461900292457,-0.8604274617218799
TITAN,2026-07-09,-1.8674128445111404,False,False,False,-1.9999084489496277,-1.931526650423565,-2.002047662851336
TITAN,2026-07-28,1.9433794285693695,False,False,False,1.4237671247816497,1.1786364833085816,1.216345741873326
TITAN,2026-08-10,1.3712655503700377,False,False,False,2.1068483755050993,2.3831870088866447,2.5660925672586155
TITAN,2026-08-27,-0.41250083825837836,False,False,False,-0.6308271546322963,-0.5574101900647666,-0.5322869085634396
TMCV,2026-07-01,-0.5890075819716012,False,False,False,-0.7376880638116701,-0.3831417624520994,-0.3831417624520994
TMCV,2026-07-02,0.7641681103700115,False,False,False,0.03670828412174476,-0.2019857857813112,-0.4747849550171823
TMPV,2026-06-15,-1.6701630524616817,False,False,False,-2.657658306904409,-2.805776567878071,-2.8428136671124205
TORNTPHARM,2026-07-03,0.24515099915536354,False,False,False,0.15074436961453053,0.4612434308137958,0.018579185767308992
TORNTPHARM,2026-07-06,0.6009010911884438,True,True,True,0.881746498273861,0.8567885568238953,0.9982473653840529
TORNTPHARM,2026-07-08,-0.7198099678067948,False,False,False,-0.2629762452533657,0.2591237054769602,0.0796565153329043
TORNTPHARM,2026-07-31,2.3532529339127084,False,False,False,0.5898929101661343,0.32538890660414044,-1.0559097786640104
TRENT,2026-07-02,0.6441223832528431,False,False,False,0.5029216486446275,0.11536226908184233,0.4097853477742719
TRENT,2026-07-03,-0.4975124378109319,False,False,False,-0.5183342515593381,0.037942980410821114,-0.0899655594345794
TVSMOTOR,2026-07-02,0.9167291399614363,False,False,False,0.48858919150942537,0.20132379451851534,0.019016344820133035
TVSMOTOR,2026-07-06,0.45286638155368486,False,False,False,0.9077486080052211,0.5909578716874142,0.5205569923229181
TVSMOTOR,2026-07-21,1.1393390044809104,False,False,False,3.3956034706434934,3.6249191748212617,3.925407369197065
TVSMOTOR,2026-07-28,0.46379537029699325,False,False,False,1.4376140476007215,1.5352440547005797,1.192279997582224
TVSMOTOR,2026-07-29,1.4918410882669209,False,False,False,2.8495772982251255,3.9014431183186593,3.3643273799178974
TVSMOTOR,2026-07-30,2.7688996305193836,False,False,False,3.2341400783719276,3.631170950632412,3.4850228660857407
TVSMOTOR,2026-07-31,2.804300375345381,False,False,False,2.3113891942574627,2.483550541762636,2.464687646296859
ULTRACEMCO,2026-07-21,0.6881267357073506,False,False,False,-0.2985240450526283,-0.7462479287588364,-0.8125773930116043
UNIONBANK,2026-08-07,0.15129963410687175,False,False,False,-0.1812843557256527,-0.3230383293293726,-0.0940473014848564
UNIONBANK,2026-08-12,0.2149807609527432,False,False,False,-0.17072996581051214,-0.20287933825909876,-0.07430637125068751
UNIONBANK,2026-08-13,-0.8210549547069013,False,False,False,-0.9006193663336992,-0.8157538978850742,-0.8634876889312526
UNIONBANK,2026-08-26,-1.3276551039608453,False,False,False,-2.0011730909634706,-2.1734682046928078,-2.314430415925395
UNITDSPR,2026-07-06,2.0487305309140558,False,False,False,1.2805877688043088,1.3161497729366145,1.4868491291976538
UNITDSPR,2026-07-24,2.212913066054978,False,False,False,2.6565652458143685,3.0794179241937947,3.6409113798754555
UNITDSPR,2026-07-28,0.13120298077289316,False,False,False,0.5150535204340834,0.8260989697339793,1.48128823220528
UNITDSPR,2026-07-29,-0.6225585073758699,True,True,True,0.04214992498732251,-0.030242630929766534,-0.2934941315724804
UNITDSPR,2026-08-04,-0.8924726615771927,False,False,False,-1.3262713256617764,-1.1773511196223163,-0.4975124378109319
UNOMINDA,2026-08-04,1.5339851180725894,True,True,True,2.4885392909671955,3.4920531315991044,3.239138005035058
UNOMINDA,2026-08-05,0.6863685005580544,False,False,False,-0.5535129424384722,-0.041559942069380185,0.3904007071386273
UNOMINDA,2026-08-07,0.1487125272016332,True,True,False,0.6859249271541357,0.5847152667073585,-0.13158377347416428
URBANCO,2026-08-20,2.420147771929937,False,False,False,3.9829449992695887,2.9164900998711163,2.3799057356500564
URBANCO,2026-08-21,5.141187703065153,False,False,False,8.706634527230461,9.406517712537688,9.91492741456106
URBANCO,2026-08-24,5.0124381905171544,False,False,False,5.329598953474823,5.945274011412671,5.771145417322576
URBANCO,2026-09-03,1.4772454045857586,False,False,False,1.2546578731363223,2.259153887846299,1.7226586303084046
URBANCO,2026-09-04,0.7795859380145265,False,False,False,0.1077183038230567,-0.2254322686184973,-0.5919055236320303
VBL,2026-06-15,0.12016733425115333,False,False,False,-0.8662791683238247,-1.115203463740544,-0.7095578094028498
VBL,2026-06-17,0.436446066392282,False,False,False,0.2258446214707499,0.628728024623082,0.6470363340796981
WELCORP,2026-06-29,3.286240943279495,False,False,False,1.922726211355008,1.9295421205679508,1.8545504747587982
WELCORP,2026-07-09,2.800176919620445,False,False,False,2.8065292947777154,2.908190566067348,2.8065292947777154
WELCORP,2026-07-14,2.2711663932767356,False,False,False,1.5789948325789949,2.2833067633034387,2.277236578290087
WELCORP,2026-08-04,0.8604691084795668,False,False,False,2.264675581386788,1.8832864302518626,1.865954728024266
WELCORP,2026-08-05,2.6470729567498186,False,False,False,3.1892430925919646,3.468890134929037,3.794189429786843
WELCORP,2026-08-06,1.1949687684942534,False,False,False,1.5710787039821872,1.9471818877748515,2.151832522438535
WELCORP,2026-08-13,0.5065449269436417,False,False,False,0.3524821169114567,0.20904812977957654,0.27279512740623346
WELCORP,2026-08-18,1.3130549782732093,True,True,True,2.7825009971240933,2.7247740419244826,3.2915565197155106
WELCORP,2026-08-19,1.5286389859027416,True,True,True,2.6445618213647215,2.5931366901916997,1.981176373736293
WELCORP,2026-08-20,8.780693307655273,False,False,False,7.677339110897141,11.07767858430253,12.110811985623805
WELCORP,2026-09-01,4.22538498779339,False,False,False,3.0894507037079633,2.682304373914479,3.0894507037079633
WELCORP,2026-09-02,-0.9766662742114463,True,True,True,2.157173401801682,1.6857460271458402,0.9786002481524614
WELCORP,2026-09-03,1.6483900844446842,False,False,False,1.2568312439298568,1.099444815131534,1.3758387394864124
WELSPUNLIV,2026-09-01,-0.24122091218858888,False,False,False,-1.437255699878126,-0.5678674253220883,-0.7588342491888778
WELSPUNLIV,2026-09-03,-0.8135498140307895,True,False,False,-0.45800682391776704,-0.8777473784728596,-0.7147895467605969
WELSPUNLIV,2026-09-04,2.9058760657880045,False,False,False,4.759593625355607,5.509907519326562,4.372179630815287
YESBANK,2026-06-16,-0.12437747683294864,False,False,False,0.2902178028922897,0.7462654936175372,0.8291861311120252
YESBANK,2026-06-17,2.5090951044457244,False,False,False,3.3216950886352237,3.9717719761756864,3.9717719761756864
ZENTEC,2026-06-17,0.16231838156697265,True,True,True,0.8643809508492195,1.4661415031935965,3.3717380644852746
ZENTEC,2026-06-18,1.3016125921853527,True,True,True,3.321035771491787,4.522194046733907,3.9032577971535476
ZENTEC,2026-06-19,1.1533369167306518,False,False,False,-0.9190068023002596,-0.5677625194281832,-0.7534177617177451
ZYDUSLIFE,2026-07-06,0.12062144734126257,False,False,False,0.5211018076079155,0.6952246275163443,1.0957049877829972
