Time,O_open,O_high,O_low,O_close,day,S,delta_S,O_pred_atm,O_pred_global,O_actual,err_atm,err_global,err_naive
2026-09-22 09:15:00+05:30,30.6,30.6,20.3,20.3,2026-09-22 00:00:00+05:30,1059.5999755859375,0.9000244140625,19.44281201171875,19.508513793945312,20.3,-0.8571879882812503,-0.7914862060546888,-1.3000000000000007
2026-09-22 09:20:00+05:30,20.3,20.3,18.35,18.7,2026-09-22 00:00:00+05:30,1058.5999755859375,-0.0999755859375,18.95081201171875,18.943513793945314,18.7,0.2508120117187502,0.24351379394531492,0.3000000000000007
2026-09-22 09:25:00+05:30,18.7,18.7,18.35,18.45,2026-09-22 00:00:00+05:30,1058.5,-0.199951171875,18.9016240234375,18.887027587890625,18.45,0.45162402343749974,0.43702758789062557,0.5500000000000007
2026-09-22 09:30:00+05:30,18.45,20.0,18.1,20.0,2026-09-22 00:00:00+05:30,1060.4000244140625,1.7000732421875,19.83643603515625,19.960541381835938,20.0,-0.1635639648437497,-0.03945861816406193,-1.0
2026-09-22 09:35:00+05:30,20.0,20.35,19.0,19.25,2026-09-22 00:00:00+05:30,1058.4000244140625,-0.2999267578125,18.85243603515625,18.83054138183594,19.25,-0.39756396484375145,-0.41945861816406094,-0.25
2026-09-22 09:40:00+05:30,19.25,19.45,19.25,19.3,2026-09-22 00:00:00+05:30,1058.699951171875,0.0,19.0,19.0,19.3,-0.3000000000000007,-0.3000000000000007,-0.3000000000000007
2026-09-22 09:45:00+05:30,19.3,19.3,19.3,19.3,2026-09-22 00:00:00+05:30,1059.699951171875,1.0,19.492,19.565,19.3,0.19200000000000017,0.26500000000000057,-0.3000000000000007
2026-09-22 09:50:00+05:30,19.3,19.55,18.9,18.9,2026-09-22 00:00:00+05:30,1058.4000244140625,-0.2999267578125,18.85243603515625,18.83054138183594,18.9,-0.04756396484375003,-0.06945861816405952,0.10000000000000142
2026-09-22 09:55:00+05:30,18.9,18.9,17.6,18.0,2026-09-22 00:00:00+05:30,1057.800048828125,-0.89990234375,18.557248046875,18.49155517578125,18.0,0.5572480468749994,0.49155517578125085,1.0
2026-09-22 10:00:00+05:30,18.0,19.1,17.8,19.1,2026-09-22 00:00:00+05:30,1058.4000244140625,-0.2999267578125,18.85243603515625,18.83054138183594,19.1,-0.24756396484375287,-0.26945861816406236,-0.10000000000000142
2026-09-22 10:05:00+05:30,19.1,19.1,18.5,18.5,2026-09-22 00:00:00+05:30,1058.199951171875,-0.5,18.754,18.7175,18.5,0.25400000000000134,0.21750000000000114,0.5
2026-09-22 10:10:00+05:30,18.5,19.4,18.5,19.4,2026-09-22 00:00:00+05:30,1059.699951171875,1.0,19.492,19.565,19.4,0.0920000000000023,0.1650000000000027,-0.3999999999999986
2026-09-22 10:15:00+05:30,19.4,19.4,18.5,18.5,2026-09-22 00:00:00+05:30,1058.199951171875,-0.5,18.754,18.7175,18.5,0.25400000000000134,0.21750000000000114,0.5
2026-09-22 10:20:00+05:30,18.5,18.5,18.1,18.2,2026-09-22 00:00:00+05:30,1057.0,-1.699951171875,18.1636240234375,18.039527587890625,18.2,-0.0363759765624998,-0.16047241210937457,0.8000000000000007
2026-09-22 10:25:00+05:30,18.2,18.2,17.4,17.4,2026-09-22 00:00:00+05:30,1055.5999755859375,-3.0999755859375,17.47481201171875,17.248513793945314,17.4,0.07481201171875185,-0.15148620605468466,1.6000000000000014
2026-09-22 10:30:00+05:30,17.4,17.4,15.95,16.55,2026-09-22 00:00:00+05:30,1055.0,-3.699951171875,17.1796240234375,16.909527587890626,16.55,0.6296240234375006,0.359527587890625,2.4499999999999993
2026-09-22 10:35:00+05:30,16.55,16.55,15.4,15.4,2026-09-22 00:00:00+05:30,1053.0999755859375,-5.5999755859375,16.24481201171875,15.836013793945312,15.4,0.8448120117187496,0.43601379394531214,3.5999999999999996
2026-09-22 10:40:00+05:30,15.4,15.7,14.4,14.75,2026-09-22 00:00:00+05:30,1052.199951171875,-6.5,15.802,15.3275,14.75,1.0519999999999996,0.5775000000000006,4.25
2026-09-22 10:45:00+05:30,14.75,15.2,14.6,14.6,2026-09-22 00:00:00+05:30,1051.4000244140625,-7.2999267578125,15.40843603515625,14.875541381835937,14.6,0.8084360351562498,0.27554138183593757,4.4
2026-09-22 10:50:00+05:30,14.6,14.75,13.75,14.75,2026-09-22 00:00:00+05:30,1052.5,-6.199951171875,15.9496240234375,15.497027587890624,14.75,1.1996240234375009,0.7470275878906243,4.25
2026-09-22 10:55:00+05:30,14.75,17.25,14.75,17.25,2026-09-22 00:00:00+05:30,1056.0,-2.699951171875,17.6716240234375,17.474527587890627,17.25,0.4216240234374986,0.224527587890627,1.75
2026-09-22 11:00:00+05:30,17.25,18.25,17.25,18.25,2026-09-22 00:00:00+05:30,1056.699951171875,-2.0,18.016,17.87,18.25,-0.23400000000000176,-0.379999999999999,0.75
2026-09-22 11:05:00+05:30,18.25,18.6,17.9,18.0,2026-09-22 00:00:00+05:30,1057.0999755859375,-1.5999755859375,18.21281201171875,18.096013793945314,18.0,0.21281201171874997,0.09601379394531406,1.0
2026-09-22 11:10:00+05:30,18.0,18.1,17.55,18.1,2026-09-22 00:00:00+05:30,1057.0,-1.699951171875,18.1636240234375,18.039527587890625,18.1,0.06362402343749807,-0.060472412109376705,0.8999999999999986
2026-09-22 11:15:00+05:30,18.1,18.65,18.0,18.45,2026-09-22 00:00:00+05:30,1057.4000244140625,-1.2999267578125,18.36043603515625,18.265541381835938,18.45,-0.08956396484374807,-0.1844586181640615,0.5500000000000007
2026-09-22 11:20:00+05:30,18.65,21.8,18.65,21.45,2026-09-22 00:00:00+05:30,1062.800048828125,4.10009765625,21.017248046875,21.31655517578125,21.45,-0.43275195312499903,-0.13344482421874915,-2.4499999999999993
2026-09-22 11:25:00+05:30,21.45,21.75,21.15,21.15,2026-09-22 00:00:00+05:30,1061.199951171875,2.5,20.23,20.4125,21.15,-0.9199999999999982,-0.7374999999999972,-2.1499999999999986
2026-09-22 11:30:00+05:30,21.15,21.15,19.55,20.6,2026-09-22 00:00:00+05:30,1063.5,4.800048828125,21.3616240234375,21.712027587890624,20.6,0.7616240234374985,1.1120275878906227,-1.6000000000000014
2026-09-22 11:35:00+05:30,20.6,21.95,20.6,21.55,2026-09-22 00:00:00+05:30,1063.0,4.300048828125,21.1156240234375,21.429527587890625,21.55,-0.4343759765624995,-0.12047241210937543,-2.5500000000000007
2026-09-22 11:40:00+05:30,21.55,21.55,20.7,20.7,2026-09-22 00:00:00+05:30,1062.800048828125,4.10009765625,21.017248046875,21.31655517578125,20.7,0.31724804687500097,0.6165551757812509,-1.6999999999999993
2026-09-22 11:45:00+05:30,20.7,21.1,20.7,21.1,2026-09-22 00:00:00+05:30,1062.5,3.800048828125,20.8696240234375,21.147027587890626,21.1,-0.23037597656250242,0.047027587890625,-2.1000000000000014
2026-09-22 11:50:00+05:30,21.1,21.1,21.1,21.1,2026-09-22 00:00:00+05:30,1061.0999755859375,2.4000244140625,20.18081201171875,20.356013793945312,21.1,-0.9191879882812515,-0.7439862060546893,-2.1000000000000014
2026-09-22 11:55:00+05:30,21.1,21.1,21.1,21.1,2026-09-22 00:00:00+05:30,1062.0,3.300048828125,20.6236240234375,20.864527587890624,21.1,-0.4763759765625011,-0.23547241210937742,-2.1000000000000014
2026-09-22 12:00:00+05:30,21.1,21.1,20.75,20.75,2026-09-22 00:00:00+05:30,1061.300048828125,2.60009765625,20.279248046875,20.46905517578125,20.75,-0.4707519531249993,-0.28094482421875,-1.75
2026-09-22 12:05:00+05:30,20.75,23.0,20.75,23.0,2026-09-22 00:00:00+05:30,1066.5,7.800048828125,22.8376240234375,23.407027587890624,23.0,-0.16237597656250102,0.40702758789062443,-4.0
2026-09-22 12:10:00+05:30,23.0,23.9,23.0,23.9,2026-09-22 00:00:00+05:30,1065.5999755859375,6.9000244140625,22.39481201171875,22.898513793945312,23.9,-1.50518798828125,-1.001486206054686,-4.899999999999999
2026-09-22 12:15:00+05:30,23.9,23.9,23.45,23.45,2026-09-22 00:00:00+05:30,1066.5999755859375,7.9000244140625,22.88681201171875,23.46351379394531,23.45,-0.5631879882812498,0.013513793945310937,-4.449999999999999
2026-09-22 12:20:00+05:30,23.45,25.65,23.45,25.05,2026-09-22 00:00:00+05:30,1068.4000244140625,9.7000732421875,23.77243603515625,24.480541381835938,25.05,-1.2775639648437505,-0.5694586181640631,-6.050000000000001
2026-09-22 12:25:00+05:30,25.05,25.05,25.05,25.05,2026-09-22 00:00:00+05:30,1068.199951171875,9.5,23.674,24.3675,25.05,-1.3760000000000012,-0.682500000000001,-6.050000000000001
2026-09-22 12:30:00+05:30,25.05,25.25,23.0,23.2,2026-09-22 00:00:00+05:30,1067.5,8.800048828125,23.3296240234375,23.972027587890626,23.2,0.12962402343750057,0.7720275878906264,-4.199999999999999
2026-09-22 12:35:00+05:30,23.2,23.25,23.2,23.25,2026-09-22 00:00:00+05:30,1067.5,8.800048828125,23.3296240234375,23.972027587890626,23.25,0.07962402343749986,0.7220275878906257,-4.25
2026-09-22 12:40:00+05:30,23.25,23.25,23.25,23.25,2026-09-22 00:00:00+05:30,1067.699951171875,9.0,23.428,24.085,23.25,0.17800000000000082,0.8350000000000009,-4.25
2026-09-22 12:45:00+05:30,23.25,23.6,23.25,23.6,2026-09-22 00:00:00+05:30,1067.5,8.800048828125,23.3296240234375,23.972027587890626,23.6,-0.27037597656250156,0.3720275878906243,-4.600000000000001
2026-09-22 12:50:00+05:30,23.6,23.6,22.7,22.7,2026-09-22 00:00:00+05:30,1064.5999755859375,5.9000244140625,21.90281201171875,22.33351379394531,22.7,-0.797187988281248,-0.36648620605468807,-3.6999999999999993
2026-09-22 12:55:00+05:30,22.7,22.7,22.7,22.7,2026-09-22 00:00:00+05:30,1064.699951171875,6.0,21.951999999999998,22.39,22.7,-0.7480000000000011,-0.3099999999999987,-3.6999999999999993
2026-09-22 13:00:00+05:30,22.7,22.7,22.7,22.7,2026-09-22 00:00:00+05:30,1064.4000244140625,5.7000732421875,21.80443603515625,22.220541381835936,22.7,-0.895563964843749,-0.4794586181640632,-3.6999999999999993
2026-09-22 13:05:00+05:30,22.7,22.7,22.7,22.7,2026-09-22 00:00:00+05:30,1065.300048828125,6.60009765625,22.247248046875,22.729055175781248,22.7,-0.4527519531249986,0.02905517578124872,-3.6999999999999993
2026-09-22 13:10:00+05:30,22.7,22.7,22.7,22.7,2026-09-22 00:00:00+05:30,1065.5,6.800048828125,22.3456240234375,22.842027587890623,22.7,-0.35437597656249764,0.14202758789062386,-3.6999999999999993
2026-09-22 13:15:00+05:30,22.7,22.7,22.7,22.7,2026-09-22 00:00:00+05:30,1064.5,5.800048828125,21.8536240234375,22.277027587890625,22.7,-0.8463759765624985,-0.42297241210937386,-3.6999999999999993
2026-09-22 13:20:00+05:30,22.7,22.7,22.7,22.7,2026-09-22 00:00:00+05:30,1064.0999755859375,5.4000244140625,21.65681201171875,22.051013793945312,22.7,-1.0431879882812503,-0.6489862060546869,-3.6999999999999993
2026-09-22 13:25:00+05:30,22.7,22.7,22.7,22.7,2026-09-22 00:00:00+05:30,1064.0999755859375,5.4000244140625,21.65681201171875,22.051013793945312,22.7,-1.0431879882812503,-0.6489862060546869,-3.6999999999999993
2026-09-22 13:30:00+05:30,22.7,22.7,21.75,21.75,2026-09-22 00:00:00+05:30,1065.5,6.800048828125,22.3456240234375,22.842027587890623,21.75,0.5956240234375016,1.0920275878906232,-2.75
2026-09-22 13:35:00+05:30,21.75,21.75,21.75,21.75,2026-09-22 00:00:00+05:30,1064.4000244140625,5.7000732421875,21.80443603515625,22.220541381835936,21.75,0.054436035156250284,0.4705413818359361,-2.75
2026-09-22 13:40:00+05:30,21.75,21.75,20.4,20.4,2026-09-22 00:00:00+05:30,1061.699951171875,3.0,20.476,20.695,20.4,0.07600000000000051,0.2950000000000017,-1.3999999999999986
2026-09-22 13:45:00+05:30,20.4,20.4,18.9,18.9,2026-09-22 00:00:00+05:30,1060.199951171875,1.5,19.738,19.8475,18.9,0.838000000000001,0.9475000000000016,0.10000000000000142
2026-09-22 13:50:00+05:30,18.9,18.9,18.9,18.9,2026-09-22 00:00:00+05:30,1059.699951171875,1.0,19.492,19.565,18.9,0.5920000000000023,0.6650000000000027,0.10000000000000142
2026-09-22 13:55:00+05:30,18.9,18.9,18.9,18.9,2026-09-22 00:00:00+05:30,1059.199951171875,0.5,19.246,19.2825,18.9,0.3460000000000001,0.3825000000000003,0.10000000000000142
2026-09-22 14:00:00+05:30,18.9,18.9,17.4,17.75,2026-09-22 00:00:00+05:30,1061.0999755859375,2.4000244140625,20.18081201171875,20.356013793945312,17.75,2.43081201171875,2.606013793945312,1.25
2026-09-22 14:05:00+05:30,17.75,18.35,17.75,18.35,2026-09-22 00:00:00+05:30,1059.699951171875,1.0,19.492,19.565,18.35,1.1419999999999995,1.2149999999999999,0.6499999999999986
2026-09-22 14:10:00+05:30,18.35,19.6,17.65,19.6,2026-09-22 00:00:00+05:30,1062.300048828125,3.60009765625,20.771248046875,21.03405517578125,19.6,1.1712480468750002,1.4340551757812499,-0.6000000000000014
2026-09-22 14:15:00+05:30,19.6,19.85,17.85,18.3,2026-09-22 00:00:00+05:30,1060.5,1.800048828125,19.8856240234375,20.017027587890624,18.3,1.5856240234375,1.7170275878906232,0.6999999999999993
2026-09-22 14:20:00+05:30,18.3,19.6,18.3,19.6,2026-09-22 00:00:00+05:30,1060.5,1.800048828125,19.8856240234375,20.017027587890624,19.6,0.2856240234374994,0.41702758789062244,-0.6000000000000014
2026-09-22 14:25:00+05:30,19.4,19.5,19.4,19.5,2026-09-22 00:00:00+05:30,1061.0999755859375,2.4000244140625,20.18081201171875,20.356013793945312,19.5,0.6808120117187499,0.8560137939453121,-0.5
2026-09-22 14:30:00+05:30,19.5,19.5,19.5,19.5,2026-09-22 00:00:00+05:30,1060.199951171875,1.5,19.738,19.8475,19.5,0.23799999999999955,0.34750000000000014,-0.5
2026-09-22 14:35:00+05:30,19.5,19.5,17.45,18.0,2026-09-22 00:00:00+05:30,1060.0,1.300048828125,19.6396240234375,19.734527587890625,18.0,1.6396240234374986,1.734527587890625,1.0
2026-09-22 14:40:00+05:30,18.0,18.0,17.0,17.0,2026-09-22 00:00:00+05:30,1059.300048828125,0.60009765625,19.295248046875,19.33905517578125,17.0,2.295248046874999,2.339055175781251,2.0
2026-09-22 14:45:00+05:30,17.0,17.45,17.0,17.0,2026-09-22 00:00:00+05:30,1059.5999755859375,0.9000244140625,19.44281201171875,19.508513793945312,17.0,2.4428120117187504,2.508513793945312,2.0
2026-09-22 14:50:00+05:30,17.0,18.25,16.95,17.65,2026-09-22 00:00:00+05:30,1061.5,2.800048828125,20.377624023437498,20.582027587890625,17.65,2.7276240234374995,2.9320275878906266,1.3500000000000014
2026-09-22 14:55:00+05:30,17.65,17.65,16.75,16.75,2026-09-22 00:00:00+05:30,1058.0999755859375,-0.5999755859375,18.70481201171875,18.661013793945312,16.75,1.9548120117187509,1.9110137939453118,2.25
2026-09-22 15:00:00+05:30,16.75,16.75,16.1,16.1,2026-09-22 00:00:00+05:30,1058.5,-0.199951171875,18.9016240234375,18.887027587890625,16.1,2.8016240234374976,2.7870275878906234,2.8999999999999986
2026-09-22 15:05:00+05:30,15.85,15.9,14.15,14.15,2026-09-22 00:00:00+05:30,1058.300048828125,-0.39990234375,18.803248046875,18.77405517578125,14.15,4.653248046875001,4.624055175781249,4.85
2026-09-22 15:10:00+05:30,14.15,15.25,13.9,14.15,2026-09-22 00:00:00+05:30,1056.5,-2.199951171875,17.9176240234375,17.757027587890626,14.15,3.7676240234375005,3.6070275878906255,4.85
