Time,O_close,day,S,delta_S,O_pred_atm,O_pred_global,O_actual,err_atm,err_global,err_naive
2026-09-10 09:15:00+05:30,25.0,2026-09-10 00:00:00+05:30,513.2999877929688,14.29998779296875,22.585593994140623,23.629493103027343,25.0,-2.4144060058593766,-1.3705068969726568,-9.45
2026-09-10 09:20:00+05:30,25.5,2026-09-10 00:00:00+05:30,511.5499877929687,12.549987792968693,21.724593994140598,22.64074310302731,25.5,-3.775406005859402,-2.8592568969726884,-9.95
2026-09-10 09:25:00+05:30,23.85,2026-09-10 00:00:00+05:30,512.5,13.5,22.192,23.177500000000002,23.85,-1.6580000000000013,-0.6724999999999994,-8.3
2026-09-10 09:30:00+05:30,24.85,2026-09-10 00:00:00+05:30,511.3999938964844,12.399993896484375,21.650796997070312,22.555996551513672,24.85,-3.199203002929689,-2.294003448486329,-9.3
2026-09-10 09:35:00+05:30,24.9,2026-09-10 00:00:00+05:30,510.6499938964844,11.649993896484375,21.281796997070312,22.132246551513674,24.9,-3.618203002929686,-2.7677534484863244,-9.349999999999998
2026-09-10 09:40:00+05:30,24.2,2026-09-10 00:00:00+05:30,511.0,12.0,21.454,22.33,24.2,-2.7459999999999987,-1.870000000000001,-8.649999999999999
2026-09-10 09:45:00+05:30,23.0,2026-09-10 00:00:00+05:30,510.1499938964844,11.149993896484375,21.035796997070314,21.84974655151367,23.0,-1.9642030029296862,-1.1502534484863283,-7.449999999999999
2026-09-10 09:50:00+05:30,22.65,2026-09-10 00:00:00+05:30,509.2000122070313,10.200012207031307,20.568406005859405,21.313006896972688,22.65,-2.0815939941405937,-1.3369931030273108,-7.099999999999998
2026-09-10 09:55:00+05:30,22.1,2026-09-10 00:00:00+05:30,509.6000061035156,10.600006103515625,20.765203002929688,21.539003448486326,22.1,-1.3347969970703133,-0.560996551513675,-6.550000000000001
2026-09-10 10:00:00+05:30,22.1,2026-09-10 00:00:00+05:30,510.25,11.25,21.085,21.90625,22.1,-1.0150000000000006,-0.19375000000000142,-6.550000000000001
2026-09-10 10:05:00+05:30,22.85,2026-09-10 00:00:00+05:30,511.2000122070313,12.200012207031307,21.552406005859403,22.44300689697269,22.85,-1.2975939941405983,-0.40699310302731107,-7.300000000000001
2026-09-10 10:10:00+05:30,22.3,2026-09-10 00:00:00+05:30,510.8999938964844,11.899993896484375,21.404796997070314,22.273496551513674,22.3,-0.8952030029296871,-0.02650344848632713,-6.75
2026-09-10 10:15:00+05:30,22.9,2026-09-10 00:00:00+05:30,510.0499877929687,11.049987792968693,20.9865939941406,21.79324310302731,22.9,-1.9134060058594002,-1.106756896972687,-7.349999999999998
2026-09-10 10:20:00+05:30,22.9,2026-09-10 00:00:00+05:30,509.9500122070313,10.950012207031307,20.937406005859405,21.73675689697269,22.9,-1.9625939941405939,-1.163243103027309,-7.349999999999998
2026-09-10 10:25:00+05:30,22.9,2026-09-10 00:00:00+05:30,510.5,11.5,21.208,22.0475,22.9,-1.6920000000000002,-0.8524999999999991,-7.349999999999998
2026-09-10 10:30:00+05:30,24.1,2026-09-10 00:00:00+05:30,509.6000061035156,10.600006103515625,20.765203002929688,21.539003448486326,24.1,-3.3347969970703133,-2.560996551513675,-8.55
2026-09-10 10:35:00+05:30,24.1,2026-09-10 00:00:00+05:30,508.75,9.75,20.347,21.05875,24.1,-3.753,-3.0412500000000016,-8.55
2026-09-10 10:40:00+05:30,22.0,2026-09-10 00:00:00+05:30,508.0,9.0,19.978,20.634999999999998,22.0,-2.0219999999999985,-1.365000000000002,-6.449999999999999
2026-09-10 10:45:00+05:30,22.0,2026-09-10 00:00:00+05:30,508.0,9.0,19.978,20.634999999999998,22.0,-2.0219999999999985,-1.365000000000002,-6.449999999999999
2026-09-10 10:50:00+05:30,22.4,2026-09-10 00:00:00+05:30,508.7999877929687,9.799987792968693,20.371593994140596,21.08699310302731,22.4,-2.0284060058594022,-1.3130068969726878,-6.849999999999998
2026-09-10 10:55:00+05:30,21.5,2026-09-10 00:00:00+05:30,508.0,9.0,19.978,20.634999999999998,21.5,-1.5219999999999985,-0.865000000000002,-5.949999999999999
2026-09-10 11:00:00+05:30,21.2,2026-09-10 00:00:00+05:30,506.8500061035156,7.850006103515625,19.412203002929687,19.98525344848633,21.2,-1.7877969970703127,-1.2147465515136702,-5.649999999999999
2026-09-10 11:05:00+05:30,21.2,2026-09-10 00:00:00+05:30,506.7000122070313,7.700012207031307,19.338406005859405,19.90050689697269,21.2,-1.8615939941405948,-1.2994931030273094,-5.649999999999999
2026-09-10 11:10:00+05:30,21.35,2026-09-10 00:00:00+05:30,507.1499938964844,8.149993896484375,19.559796997070315,20.15474655151367,21.35,-1.7902030029296867,-1.19525344848633,-5.800000000000001
2026-09-10 11:15:00+05:30,21.35,2026-09-10 00:00:00+05:30,507.3500061035156,8.350006103515625,19.65820300292969,20.267753448486328,21.35,-1.6917969970703126,-1.0822465515136734,-5.800000000000001
2026-09-10 11:20:00+05:30,21.15,2026-09-10 00:00:00+05:30,507.1499938964844,8.149993896484375,19.559796997070315,20.15474655151367,21.15,-1.5902030029296839,-0.9952534484863271,-5.599999999999998
2026-09-10 11:25:00+05:30,21.15,2026-09-10 00:00:00+05:30,507.2000122070313,8.200012207031307,19.584406005859403,20.18300689697269,21.15,-1.5655939941405954,-0.9669931030273098,-5.599999999999998
2026-09-10 11:30:00+05:30,21.0,2026-09-10 00:00:00+05:30,507.1000061035156,8.100006103515625,19.535203002929688,20.12650344848633,21.0,-1.4647969970703123,-0.8734965515136714,-5.449999999999999
2026-09-10 11:35:00+05:30,21.0,2026-09-10 00:00:00+05:30,506.7999877929687,7.799987792968693,19.387593994140598,19.95699310302731,21.0,-1.6124060058594019,-1.0430068969726882,-5.449999999999999
2026-09-10 11:40:00+05:30,20.15,2026-09-10 00:00:00+05:30,505.2999877929687,6.299987792968693,18.6495939941406,19.10949310302731,20.15,-1.5004060058594,-1.040506896972687,-4.599999999999998
2026-09-10 11:45:00+05:30,19.7,2026-09-10 00:00:00+05:30,505.0,6.0,18.502000000000002,18.94,19.7,-1.1979999999999968,-0.759999999999998,-4.149999999999999
2026-09-10 11:50:00+05:30,18.85,2026-09-10 00:00:00+05:30,503.75,4.75,17.887,18.23375,18.85,-0.963000000000001,-0.6162500000000009,-3.3000000000000007
2026-09-10 11:55:00+05:30,17.85,2026-09-10 00:00:00+05:30,502.6000061035156,3.600006103515625,17.32120300292969,17.584003448486328,17.85,-0.5287969970703124,-0.2659965515136733,-2.3000000000000007
2026-09-10 12:00:00+05:30,16.9,2026-09-10 00:00:00+05:30,500.3999938964844,1.399993896484375,16.238796997070313,16.340996551513673,16.9,-0.6612030029296854,-0.559003448486326,-1.3499999999999979
2026-09-10 12:05:00+05:30,16.8,2026-09-10 00:00:00+05:30,499.5499877929687,0.5499877929686932,15.820593994140598,15.860743103027312,16.8,-0.9794060058594027,-0.9392568969726884,-1.25
2026-09-10 12:10:00+05:30,15.95,2026-09-10 00:00:00+05:30,498.7999877929687,-0.20001220703130684,15.451593994140598,15.436993103027312,15.95,-0.4984060058594011,-0.5130068969726871,-0.3999999999999986
2026-09-10 12:15:00+05:30,16.1,2026-09-10 00:00:00+05:30,498.9500122070313,-0.04998779296869316,15.525406005859404,15.52175689697269,16.1,-0.5745939941405975,-0.5782431030273116,-0.5500000000000007
2026-09-10 12:20:00+05:30,16.2,2026-09-10 00:00:00+05:30,498.8500061035156,-0.149993896484375,15.476203002929688,15.46525344848633,16.2,-0.7237969970703109,-0.7347465515136697,-0.6499999999999986
2026-09-10 12:25:00+05:30,16.55,2026-09-10 00:00:00+05:30,499.7999877929687,0.7999877929686932,15.943593994140597,16.001993103027313,16.55,-0.6064060058594034,-0.5480068969726872,-1.0
2026-09-10 12:30:00+05:30,16.8,2026-09-10 00:00:00+05:30,501.1499938964844,2.149993896484375,16.607796997070313,16.76474655151367,16.8,-0.19220300292968773,-0.03525344848632983,-1.25
2026-09-10 12:35:00+05:30,17.0,2026-09-10 00:00:00+05:30,501.1000061035156,2.100006103515625,16.58320300292969,16.736503448486328,17.0,-0.4167969970703105,-0.263496551513672,-1.4499999999999993
2026-09-10 12:40:00+05:30,17.15,2026-09-10 00:00:00+05:30,501.7000122070313,2.700012207031307,16.878406005859404,17.07550689697269,17.15,-0.27159399414059493,-0.07449310302730794,-1.5999999999999979
2026-09-10 12:45:00+05:30,17.2,2026-09-10 00:00:00+05:30,501.5499877929687,2.549987792968693,16.804593994140596,16.990743103027313,17.2,-0.3954060058594031,-0.20925689697268623,-1.6499999999999986
2026-09-10 12:50:00+05:30,16.8,2026-09-10 00:00:00+05:30,501.25,2.25,16.657,16.82125,16.8,-0.14300000000000068,0.021249999999998437,-1.25
2026-09-10 12:55:00+05:30,16.8,2026-09-10 00:00:00+05:30,500.3500061035156,1.350006103515625,16.21420300292969,16.31275344848633,16.8,-0.585796997070311,-0.487246551513671,-1.25
2026-09-10 13:00:00+05:30,17.4,2026-09-10 00:00:00+05:30,501.6000061035156,2.600006103515625,16.829203002929688,17.01900344848633,17.4,-0.5707969970703104,-0.3809965515136682,-1.8499999999999979
2026-09-10 13:05:00+05:30,17.25,2026-09-10 00:00:00+05:30,501.1000061035156,2.100006103515625,16.58320300292969,16.736503448486328,17.25,-0.6667969970703105,-0.513496551513672,-1.6999999999999993
2026-09-10 13:10:00+05:30,17.25,2026-09-10 00:00:00+05:30,501.4500122070313,2.450012207031307,16.755406005859403,16.934256896972688,17.25,-0.49459399414059746,-0.31574310302731234,-1.6999999999999993
2026-09-10 13:15:00+05:30,17.6,2026-09-10 00:00:00+05:30,502.0,3.0,17.026,17.245,17.6,-0.5740000000000016,-0.3550000000000004,-2.0500000000000007
2026-09-10 13:20:00+05:30,17.3,2026-09-10 00:00:00+05:30,502.0,3.0,17.026,17.245,17.3,-0.2740000000000009,-0.054999999999999716,-1.75
2026-09-10 13:25:00+05:30,17.3,2026-09-10 00:00:00+05:30,501.4500122070313,2.450012207031307,16.755406005859403,16.934256896972688,17.3,-0.5445939941405982,-0.36574310302731305,-1.75
2026-09-10 13:30:00+05:30,17.3,2026-09-10 00:00:00+05:30,501.3999938964844,2.399993896484375,16.730796997070314,16.905996551513674,17.3,-0.5692030029296866,-0.39400344848632685,-1.75
2026-09-10 13:35:00+05:30,17.3,2026-09-10 00:00:00+05:30,501.25,2.25,16.657,16.82125,17.3,-0.6430000000000007,-0.47875000000000156,-1.75
2026-09-10 13:40:00+05:30,17.3,2026-09-10 00:00:00+05:30,501.2000122070313,2.200012207031307,16.632406005859405,16.79300689697269,17.3,-0.6675939941405957,-0.5069931030273125,-1.75
2026-09-10 13:45:00+05:30,16.7,2026-09-10 00:00:00+05:30,500.6499938964844,1.649993896484375,16.361796997070314,16.482246551513672,16.7,-0.33820300292968497,-0.21775344848632727,-1.1499999999999986
2026-09-10 13:50:00+05:30,17.0,2026-09-10 00:00:00+05:30,500.5499877929687,1.5499877929686932,16.3125939941406,16.42574310302731,17.0,-0.6874060058594011,-0.5742568969726882,-1.4499999999999993
2026-09-10 13:55:00+05:30,17.0,2026-09-10 00:00:00+05:30,500.1000061035156,1.100006103515625,16.09120300292969,16.17150344848633,17.0,-0.9087969970703114,-0.8284965515136697,-1.4499999999999993
2026-09-10 14:00:00+05:30,16.4,2026-09-10 00:00:00+05:30,499.6000061035156,0.600006103515625,15.845203002929688,15.88900344848633,16.4,-0.5547969970703104,-0.510996551513669,-0.8499999999999979
2026-09-10 14:05:00+05:30,16.6,2026-09-10 00:00:00+05:30,499.7999877929687,0.7999877929686932,15.943593994140597,16.001993103027313,16.6,-0.6564060058594041,-0.5980068969726879,-1.0500000000000007
2026-09-10 14:10:00+05:30,16.8,2026-09-10 00:00:00+05:30,499.8500061035156,0.850006103515625,15.968203002929688,16.030253448486327,16.8,-0.8317969970703132,-0.7697465515136734,-1.25
2026-09-10 14:15:00+05:30,17.7,2026-09-10 00:00:00+05:30,501.3999938964844,2.399993896484375,16.730796997070314,16.905996551513674,17.7,-0.9692030029296852,-0.7940034484863254,-2.1499999999999986
2026-09-10 14:20:00+05:30,18.1,2026-09-10 00:00:00+05:30,502.0499877929687,3.049987792968693,17.0505939941406,17.273243103027312,18.1,-1.049406005859403,-0.8267568969726895,-2.5500000000000007
2026-09-10 14:25:00+05:30,18.1,2026-09-10 00:00:00+05:30,502.3500061035156,3.350006103515625,17.198203002929688,17.44275344848633,18.1,-0.9017969970703135,-0.6572465515136727,-2.5500000000000007
2026-09-10 14:30:00+05:30,18.1,2026-09-10 00:00:00+05:30,502.0,3.0,17.026,17.245,18.1,-1.0740000000000016,-0.8550000000000004,-2.5500000000000007
2026-09-10 14:35:00+05:30,18.1,2026-09-10 00:00:00+05:30,501.9500122070313,2.950012207031307,17.001406005859405,17.21675689697269,18.1,-1.0985939941405967,-0.8832431030273113,-2.5500000000000007
2026-09-10 14:40:00+05:30,18.05,2026-09-10 00:00:00+05:30,502.0,3.0,17.026,17.245,18.05,-1.024000000000001,-0.8049999999999997,-2.5
2026-09-10 14:45:00+05:30,17.5,2026-09-10 00:00:00+05:30,500.8500061035156,1.850006103515625,16.46020300292969,16.59525344848633,17.5,-1.0397969970703116,-0.9047465515136714,-1.9499999999999993
2026-09-10 14:50:00+05:30,17.55,2026-09-10 00:00:00+05:30,500.9500122070313,1.9500122070313068,16.509406005859404,16.65175689697269,17.55,-1.0405939941405968,-0.8982431030273119,-2.0
2026-09-10 14:55:00+05:30,17.4,2026-09-10 00:00:00+05:30,500.5,1.5,16.288,16.3975,17.4,-1.1119999999999983,-1.0024999999999977,-1.8499999999999979
2026-09-10 15:00:00+05:30,17.1,2026-09-10 00:00:00+05:30,500.2000122070313,1.2000122070313068,16.140406005859404,16.22800689697269,17.1,-0.9595939941405973,-0.8719931030273109,-1.5500000000000007
2026-09-10 15:05:00+05:30,17.0,2026-09-10 00:00:00+05:30,500.3999938964844,1.399993896484375,16.238796997070313,16.340996551513673,17.0,-0.7612030029296868,-0.6590034484863274,-1.4499999999999993
2026-09-10 15:10:00+05:30,18.0,2026-09-10 00:00:00+05:30,500.2999877929687,1.2999877929686932,16.189593994140598,16.284493103027312,18.0,-1.8104060058594023,-1.7155068969726877,-2.4499999999999993
