ticker,i,time_of_breach_minutes,pullback_from_high_pct,intraday_vol_ratio,immediate_fade,swing_pnl,day1_pnl,d3_from_close,d15_from_close
360ONE,1211,275,0.24028565269012453,0.4823284481251359,False,4.086849648204782,1.4672141704815012,-1.1624902637025536,1.653315281545864
ABB,1185,5,0.547645125958379,5.324986508741811,True,-6.628972589492566,-0.5523800901749754,-3.8700331125827825,-6.08443708609272
ABB,1203,0,3.394535932866427,0.0,False,5.866814483291938,4.942960575389899,-1.7671992174763562,0.8803390935767874
ABCAPITAL,1186,0,0.2417871479283748,0.0,False,5.832665697358141,4.025925744764436,-0.2934109907503091,1.8624792870558071
AEGISLOG,1240,30,1.42815253720498,9.314955187105124,False,5.337190220480448,,-1.481317854132247,5.359535409522076
AMBER,1184,0,1.4872652909462725,0.0,False,-2.4475580381537854,3.0577153930392287,-2.228359801644597,-2.3413470591927665
AMBUJACEM,1217,45,1.1220948627803942,4.359390757646794,True,-6.160980875816346,0.17404540850305406,-3.1797739093223365,-5.797750065835661
ANANDRATHI,1113,0,1.772273564046614,0.0,False,8.714506490962016,,0.7717604007384526,8.504985232782758
ANANTRAJ,1199,0,0.7046479884618219,0.0,False,8.578201656481866,,-2.159249621245507,6.597256298492926
APARINDS,1216,0,1.0641707801782165,0.0,False,7.014613473913633,,7.762586664938764,10.160046653275456
APARINDS,1217,0,1.670854271356784,0.0,False,14.810562571756613,,4.9917017745436,8.917400740457037
APARINDS,1218,40,0.9387654926984906,1.5215552470460028,False,12.50281257031427,,3.8571251395262296,11.000868163214683
APARINDS,1219,60,0.3833483078766098,1.3945653442875319,False,9.772295668019314,,8.231615657507074,7.047080752811019
APARINDS,1220,0,3.1688281204154687,0.0,False,7.280310040096016,,4.723978599221801,7.624027237354092
APLAPOLLO,1215,180,0.8426966292134831,13.691007060860073,False,5.343304442149854,2.0526312052975504,0.18027298480556286,10.481586402266284
APLAPOLLO,1216,0,2.7109196858373448,0.0,False,2.653230273555618,-1.1581520385813393,2.604166666666674,11.421877543131508
APLAPOLLO,1218,50,2.555110220440882,1.687423519048469,False,1.841825781310602,-1.8940538246410843,3.4807172839010248,12.493573264781489
ASHOKLEY,1192,200,2.2027724584837993,1.0823921058213763,False,-6.4541605399448425,0.6067094156986252,2.341047080769676,-6.0559397409465365
ASHOKLEY,1194,60,2.0352155177556113,1.033978409627854,True,-9.310156713134921,-1.1878729408669186,-4.946762750767308,-8.080315355104084
ASHOKLEY,1215,0,0.25714111328125,0.0,False,5.650513622838904,4.456722508456545,1.6900583767778254,-0.7218617837843166
ASHOKLEY,1217,5,0.6399457693692356,5.520634466116812,False,1.7122649531057688,0.5420498516747418,-1.6949152542372836,1.158193814552444
ASTRAL,1223,0,0.5,121.17281785590703,False,-1.106014271429634,5.2964355412731035,-4.522613065326631,-6.080405077143524
AUROPHARMA,1187,5,0.46026032012872703,7.20657714071467,False,6.713289936814948,1.4319566185041044,0.8669045268816511,1.042888835172917
AUROPHARMA,1189,150,0.6262012030750799,1.4753350605077917,False,3.9678757858334857,-0.2216381699649439,-0.16717950537346038,-1.4017443057007473
AUROPHARMA,1190,0,2.365930599369085,0.0,False,3.0311700284519905,-1.3876305374087905,0.8723747980613927,0.781904722839255
AXISBANK,1180,255,0.147242871832737,0.791281945687242,False,2.845236304479859,1.916694987176859,-0.3981437896967033,-1.2312963681315736
AXISBANK,1181,0,0.49450417268133645,0.0,False,1.4068413911304978,-0.131290547629892,-0.5992891141976098,-1.9951799937086956
BAJFINANCE,1185,105,0.7515688134163482,0.736944146379844,False,2.2948322097197105,-0.27557375231412884,3.0307782058671906,6.321479368333738
BALKRISIND,1214,0,1.489501923547004,0.0,False,0.13289923789123748,,1.1360459937841183,-4.960580196962805
BALKRISIND,1217,0,2.180463933132707,0.0,False,-8.418378555591598,,0.919411540699433,-6.915573762652305
BANKBARODA,1181,0,2.283190161780974,0.0,False,1.5747052037492715,0.22325891577521517,2.51766437759946,-10.21553448160356
BANKBARODA,1184,0,1.5676712040989769,0.0,False,0.7528685045458561,-0.691229795436521,-1.8374601438272964,-11.325089417582268
BDL,1185,10,0.39164666542129223,3.81330277823577,False,-1.8683984447086854,4.300597781107718,0.7353994034073663,-5.140525289859211
BDL,1186,0,0.03536067892503536,0.0,False,-7.78627867503483,2.0210739966993296,-2.7226791844206844,-9.163283345276852
BDL,1223,5,0.23209917206097583,7.983025094068829,False,-5.324125640454436,2.591518199000342,1.2722646310432628,-8.564162037668122
BDL,1224,0,1.5354309112834819,0.0,False,-9.47762095647171,1.9332443380686515,-3.505007153075823,-10.228898426323319
BDL,1225,0,3.2936229852838124,0.0,True,-12.979131075937167,-3.2867811568560446,-4.565217391304344,-10.021742668704714
BELRISE,292,35,1.2372897165456702,3.5880469886394257,False,6.9723368111302975,,1.137021414479511,-5.23443464407547
BHARTIARTL,1196,70,1.5590655440749133,0.6923767686571859,False,-2.0883528301685716,-1.6147055749403671,-0.280404210050178,-1.2462352991736814
BHEL,1203,335,0.2041265386580336,2.622048499860158,True,-4.217123369829057,4.430676804655986,-5.07579384779916,-6.258612857601154
BIOCON,1201,10,1.6198002715481004,29.002018897356855,False,-2.74452865953958,0.9428825761176984,-0.022862014344426917,-3.498739588397193
BIOCON,1203,80,1.1185682326621924,3.2047563619810995,False,-2.2659467334831707,-0.5198990656426705,-0.09077022985756189,-0.9303394576693602
BPCL,1183,15,0.5791222516268558,5.3280072499798825,False,-3.1833689619679695,0.2092929197736737,-2.940715755477763,-3.066519775332277
BPCL,1184,5,1.6174221483767497,3.855396445154038,False,-3.5339733258589634,-1.8989559246023302,-2.4502055956678315,-2.0708150634694222
CANBK,1218,305,0.030369320824076503,0.7160544694767057,False,-1.9965557469496242,0.17551717411372625,-1.063017409965905,-2.703111344788278
CARTRADE,1177,5,2.4434241987604897,5.863252767183833,False,17.51989386148527,,-5.156233473897942,11.854454974009387
CDSL,1183,250,0.200987603200892,1.4249182706696242,False,4.901428613081449,0.6399336090001428,6.266947314590299,4.307070612317498
CDSL,1184,15,3.179834051522535,6.096226588390541,False,10.10634804448105,3.9547259386270017,0.051832876127111405,6.0352487060538085
CGCL,1232,5,2.1322337049995648,12.529779060540653,False,9.059773092264912,,0.04290436861471569,5.578306008385403
CGCL,1234,325,2.4592890466108566,4.7201146916278525,False,3.641274497606317,,-0.5349270579283916,4.911226595314666
CGPOWER,1235,360,0.0,1.9005840650576276,False,-1.381978993919275,-0.2819223651706615,-2.2925764192139764,-2.6200873362445365
CHENNPETRO,1203,55,2.507836990595611,14.422802441097584,False,1.4951148814837278,,1.394255808915501,4.150547870193844
CHOLAFIN,1182,80,0.3084925989078415,1.6102509664235276,False,7.210343978070144,0.48316257738127977,0.7736253160632423,5.2963579330483235
CHOLAFIN,1185,60,0.6278945675235944,0.5674119081934299,False,5.436177529260466,-0.32696891346678525,5.875752838401449,6.93870310062481
CHOLAFIN,1186,20,0.3016212976725638,0.45380767084879375,False,4.687527102491962,0.42505324761015206,4.677676289255772,3.066089694831331
CHOLAFIN,1187,5,1.784490290619512,1.1156910037275956,False,6.7849840629358615,-0.5725330773096449,2.7869502813332003,4.519381128491529
COALINDIA,1242,10,0.9991974371263245,8.725055392326007,False,-4.816641669950261,0.5474378399716873,-2.7262180974477968,-4.895593063460701
COCHINSHIP,1219,80,0.3279333744424292,2.838179504186563,False,2.627072306928935,0.8160030858127998,-0.9014905318191713,1.0067808988430071
COCHINSHIP,1223,55,1.9454762143986413,1.983307175983968,False,0.9445509831726095,-1.528494231261024,-1.4532199345761443,-1.3470503535583989
CONCOR,1205,260,0.18003478845225573,0.507217301517996,True,2.225841264710282,-0.07699355320190948,-3.707414829659317,0.581161101499883
CPPLUS,264,145,0.37423148890670943,0.98763462843768,False,-8.203387694412957,,-0.5983472932416634,-9.976114583965213
DATAPATTNS,1160,60,0.3575797032828283,8.667815534182935,False,-7.231182891651744,,-2.0902948615779127,-8.49502294247798
DATAPATTNS,1161,0,1.7371079106686056,0.0,False,-9.275846933262965,,-10.738867333933689,-7.574958548291266
DELHIVERY,1004,0,1.4339444483860009,0.0,False,8.991184789543416,3.8926215110062223,-3.9272427613476157,5.849522221376979
DLF,1178,15,0.7899344632167978,9.813641579378096,False,7.239179727659062,2.164038576497118,4.272113187159543,5.96467778514056
DLF,1179,45,0.0,2.3625074515477715,False,4.058143102471412,1.5477184849427283,-0.7627503394371349,0.7468635465121665
DLF,1181,175,0.450584755890661,2.023243817848468,False,1.8497276468986579,0.3267685242426932,-4.424853454183008,7.031369897713002
DMART,1187,200,0.7254259357344633,0.7210251434086344,False,-10.168153210506636,0.48098991953917647,-0.8172255945234741,-10.553389875063623
DRREDDY,1190,0,2.4390243902439024,0.0,False,-11.579304419073,0.37851826706527536,-2.180708080598881,-11.092533328648212
EICHERMOT,1181,5,0.05887355269182966,3.0660668231760484,False,-4.299293524897085,3.554563845400116,-0.3082169322578543,-1.1607318512689369
ENGINERSIN,1182,0,2.93890406965938,0.0,False,-7.849026807755932,,1.1765162653003758,-5.615379086939765
ENGINERSIN,1183,45,1.305747271075939,5.38936676219207,False,-12.111901647857115,,-2.584136431636852,-11.53578619892408
ENGINERSIN,1184,5,2.018870227741745,9.68430231579656,True,-12.497983195626505,,-6.059786967971082,-11.489392490968076
ETERNAL,1182,345,0.39637139190688553,0.6907556114671983,True,6.022274231520974,0.26060175313906697,-3.007938727443493,7.907690268390732
ETERNAL,1183,0,1.663555965245327,0.0,True,5.061712446281841,-1.2111935378831817,-3.2239712485399474,8.534041540252812
FINCABLES,1222,0,7.654789978904182,0.0,False,7.33185648612289,,3.1873696497386472,-6.9411424762329865
GESHIP,1241,25,0.9377890584139948,2.569613717589568,False,2.073853714145235,,2.052312569854342,3.490383368515948
GESHIP,1243,0,1.5278979592151019,0.0,False,1.1130848025060702,,-0.6141962495242126,2.278247787922316
GLENMARK,1200,270,0.8912021185272435,0.9703823068996735,True,-3.6975227381004228,-0.2859103149210118,-0.625739633200284,-3.098250871911845
GODFRYPHLP,1216,0,2.944602751332365,0.0,False,-7.638331947122556,2.439474633637939,-2.1780951033760987,-9.837815565535191
GODREJCP,1193,10,0.3515308814176688,2.8680412774976864,False,0.797445841218547,2.7398890713894675,1.8566655130500376,-1.726696660699134
GODREJCP,1194,0,1.9573925275055506,0.0,False,-2.5396225099872383,0.7259210491401324,-0.15786732320973718,-1.6157511393436685
GODREJCP,1195,0,1.4594008838594286,15.841255431651073,False,-2.7439089330883015,-0.3072959656938212,-1.199341401479459,-2.44412366080069
GODREJPROP,1184,175,0.7620209747328971,0.6121735143073942,False,8.469667804734637,-0.4753699006361356,-1.1324715806521168,17.832286903949644
GRANULES,1244,285,0.5087832323382211,6.294275232265075,False,-3.831285302681986,,-4.278012086343841,-3.7171437640736493
GRASIM,1220,30,0.8970741631790627,4.132864757856823,True,0.1381883786181648,-0.18857521442984249,-3.653305724005329,-0.2810235172311826
GROWW,143,0,0.048079857459421435,0.0,False,-4.418206563671834,,-3.2796388404850996,-6.877589832497744
GROWW,164,65,1.184020623929456,3.5360669269645855,False,-9.223145518580223,,-5.9631160939701005,-11.320669942160766
GRSE,1184,180,0.10229293603462011,1.6479240582401957,False,-4.300499024203297,,1.497310416360964,-6.780437841936782
GRSE,1185,0,1.5896306894390224,0.0,False,-6.5694455412531605,,-0.8176157313213972,-5.779918805291439
GRSE,1187,0,2.4218855790311555,0.0,True,-9.054696719444234,,-4.747257365312574,-8.529678797113737
GVT&D,1238,0,0.7356054893373428,26.72907845631377,False,-3.873450548535129,4.654081432450008,-4.250524259868415,-7.684210526315793
GVT&D,1239,10,3.150259067357513,7.184138730750269,False,-8.967576056707893,-3.5699864956461047,-9.11834148633105,-6.163064412582919
HAVELLS,1210,10,0.7618894710074448,1.4574911839838758,False,1.2846177480387633,-0.6660907311716757,1.9637890963610571,4.978177983720866
HBLENGINE,1186,5,2.631576078491881,9.941084341308981,False,-9.766481441796259,,-3.3818780589637276,-7.994634886581576
HCLTECH,1200,95,1.0509296685529508,1.3650947054558042,False,6.14155408438295,0.21232486330413636,-2.7677635202472572,12.757947515361256
HDFCAMC,1192,325,0.047252164615005775,1.107336494821233,False,1.8745377744504355,-0.06093845216330607,1.0051661819805213,-7.2765694979646245
HDFCAMC,1193,65,0.37904767444627474,0.8253509144619279,False,-9.30755175649316,0.3918099709659728,0.862436724354132,-9.09190236286288
HDFCAMC,1194,0,0.2884341956134669,0.0,False,-9.99481266507052,1.3487811845689812,-5.035354705330663,-10.517106104396323
HDFCAMC,1195,30,2.3572904278981675,0.8909499384854951,False,-9.56445710184326,-1.323069813592903,-1.3088557714602822,-7.968558728701081
HDFCAMC,1231,160,0.0,0.6415774290312237,False,-9.017109116125333,2.1140020702876017,-4.781319495922909,-12.042249901547441
HDFCBANK,1184,30,0.23665235556862477,1.5781166809561173,False,3.955858168469173,-1.1990251026122611,-3.047556393734352,3.247811289991387
HEROMOTOCO,1208,55,0.5059308942470861,4.029773971118816,False,3.628152996021261,-0.7271447317976798,-0.3768990052984478,13.069701589533045
HINDALCO,1216,0,0.0,0.0,False,5.97329460689211,2.862906770941831,3.8823505476409226,3.0441224341299034
HINDALCO,1217,0,0.0,0.0,False,3.3655229329760505,1.843722563652328,1.3509662334735495,1.2499999999999956
HINDALCO,1219,335,0.0,1.691245137115753,False,2.7906444787556772,1.5039743809687423,1.7836943044106102,-2.0951256779332073
HINDALCO,1222,0,0.850379223167088,0.0,False,-5.995169210599027,-0.16699670507110964,-2.6518289833970754,-6.379229280757414
HINDCOPPER,1218,0,1.5155706390938504,0.0,False,0.9961380989009561,,-2.317066422056502,-1.7675655642998889
HINDCOPPER,1222,60,3.8343382507774395,6.346796552099991,False,3.224822340122313,,4.5554156748129015,-4.884060508271171
HINDPETRO,1181,0,1.7228783236155023,0.0,False,3.7358358121940993,1.9520502023436803,-0.012445610289646414,1.0705884167535151
HINDZINC,1217,0,0.17558324297136288,0.0,False,10.528915705162145,6.603507286263732,-0.30153074062497787,4.950161184136204
HINDZINC,1218,0,2.487395768383758,0.0,False,4.157574699601407,-1.4119045540883612,-0.5677924721927963,3.4067755230402508
HINDZINC,1230,205,1.5805787867181853,1.67867531233943,False,2.4626988102904646,-1.8713179789716206,1.0099297327711199,-7.135757547340649
HINDZINC,1232,15,0.791765637371338,10.48342709561546,False,-7.285458669095535,1.9811375374651385,-4.956103398718081,-8.651238979574028
HSCL,1204,85,0.3962407262634318,3.1704026918519403,False,2.0307216525089267,,3.60056808665008,1.4968696384353164
HSCL,1205,0,2.1292823339675433,0.0,False,3.1845457458134163,,1.006624204993134,0.27925228091043586
ICICIAMC,119,255,0.6229175720701144,1.012290919955463,False,-6.985778278540722,,-0.947052494752687,-7.929010618271182
ICICIAMC,120,365,0.7942089759584556,8.444702529932366,True,-7.680120449669159,,-2.023910829505682,-6.515016108012539
ICICIBANK,1179,35,1.4178562951284697,4.100567857701544,False,7.532782063195698,1.3310171957974237,1.313595203350415,7.167807472593957
ICICIBANK,1180,300,0.25293129498970457,0.8040396821162556,False,6.511704374904359,1.1148291241420472,-0.29832934474428585,6.421537324762916
ICICIBANK,1181,0,2.3313931242370045,0.0,False,5.616377873017786,-1.4153382432229633,1.1072667605089181,6.560709339234205
ICICIPRULI,1202,270,1.5992474129821261,1.9845899115601666,False,-1.4689631301431083,0.040079335255027715,-5.093788303147184,-1.6376342418891188
ICICIPRULI,1215,0,0.0,0.0,False,-1.6422166173383101,0.38746243211018605,-2.9386381359966407,-2.1250073905883293
IDBI,1183,15,2.81995505442441,20.53562870782185,False,9.331748196991807,,-2.999113619043292,-8.897743316976348
IFCI,1225,235,1.003390214567502,1.8123688725001372,False,23.523799541835857,,3.5854577728528403,29.874574610268255
IFCI,1226,10,0.3423061103240254,13.14032595062126,False,22.702673207625157,,-0.5530935900520784,13.827433524587086
IFCI,1227,0,3.1279790979275592,0.0,False,19.597606134055635,,0.9794356620578037,8.912829030481252
IIFL,1198,40,0.41947617074126153,3.613251289978725,False,4.787109131397327,,-0.5874815743192929,11.593530744204216
IIFL,1199,15,1.2436166190377271,2.7082811698499287,False,2.9048249832813067,,-1.6464694083786369,10.123034371505213
INDIANB,1184,0,1.2094508940198034,0.0,True,-12.489924483581227,-0.8600620248635726,-3.3458932721861956,-0.5709717860341801
INDIANB,1217,10,1.214574898785425,2.590714022295578,False,3.592585681777982,-0.2528083873993836,3.5304478236607206,4.098360655737698
INDIANB,1218,285,0.12513942957195676,1.0832201162582884,False,1.7929467082243633,1.21169463105959,-0.2619943916347567,0.7404032144022743
INDIGO,1217,0,1.9429816597058291,0.0,False,-3.769053058523908,-1.019859259605449,-1.2314814814814778,-2.7685185185185146
INDUSINDBK,1181,0,2.128997146614447,0.0,False,1.5879666545538962,0.03860010293361693,0.5947265023971582,9.542433200613054
INFY,1212,0,0.8931659391965312,0.0,False,4.973567566726045,3.9060397609627318,2.111459408926586,-3.0979514982821366
INFY,1213,0,2.5772842919068815,0.0,False,0.8269088221409149,-4.393872251959374,1.0735022661369609,-2.172969969392069
JIOFIN,723,295,0.24122447423905233,1.5669399954093668,False,-4.710398483525569,1.8930578498425499,2.1406928701839023,-4.858454289257286
JIOFIN,724,0,1.4612191778456785,0.0,False,-6.326918934319615,2.1888157080149684,0.03802513441659716,-7.984790874524716
JPPOWER,1215,0,2.6984973814786257,0.0,True,-10.021544738220921,,-3.518122811086166,-8.84861315116866
JSWSTEEL,1214,285,0.07513148009015778,0.9146629184558116,False,1.218705247240237,1.4475342719137307,-2.1052631578947323,0.8270676691729317
JSWSTEEL,1227,320,0.0,2.3343729597917426,False,1.7018565708045275,0.5642519111758393,0.7912584777693965,-7.370011215382444
JUBLFOOD,1196,10,0.5028394892128634,14.859301862522825,False,-4.4227688136596495,-0.9508559557873331,-3.714699189055526,-5.000549376762587
JUBLFOOD,1215,0,0.16992094598789215,0.0,False,8.960729583890759,5.590810112224021,0.6382978723404209,8.063828488613689
JUBLFOOD,1217,0,2.0795453355177558,0.0,False,5.088257224860526,0.9857126485146361,2.0618556701030855,2.989690721649474
JYOTICNC,595,45,2.2393035829746935,1.481262070470759,False,8.5318337500349,,5.40686533218897,6.362221211517438
JYOTICNC,597,35,3.7227433239098597,2.3984128088282097,False,6.417236402555804,,6.192116038832096,9.132695945826619
KAYNES,906,175,0.8603129587741115,5.259473801432858,False,8.833712202287414,4.4112493670656505,4.573184683058029,5.076126702982475
KAYNES,908,40,1.9379254853068117,6.489576011494801,False,3.6900765471615804,2.090743746948287,2.454920358155044,2.2446485872814614
KAYNES,911,0,1.6426559019982805,0.0,False,3.4005231574088413,0.015386982612719535,-4.17906368249743,3.4376603386351956
KEI,1217,20,0.37335255557176983,9.901518686524843,False,6.057733113019315,-0.22663452248736782,1.4846656748700005,-0.6634391249775828
KEI,1219,55,0.5098902822431564,0.8469903391738068,False,4.371871665071692,-0.21316884056230556,2.750000000000008,-0.5357142857142838
KEI,1220,100,0.21861694224487474,0.8525276153289005,False,3.815617241559144,0.015113630638774467,2.2827697051315265,1.422311791546571
KEI,1222,260,0.0,0.6195611178857203,False,2.684608935641619,0.39418091409060274,2.0681265206812682,-10.149461244351754
KEI,1223,0,0.8206394343770785,0.0,False,1.5603248962002825,-0.2208284265153071,0.017274140611500677,-7.980652962515111
KFINTECH,866,25,1.0595689721726473,3.772118023657227,False,5.557373275536559,0.08073315563119632,-0.7934705995588431,4.083902988033672
KFINTECH,867,180,0.21505376344086022,1.389416911080571,True,3.7087414970166988,1.38710783168976,-5.908079344848227,2.0683722977843155
KFINTECH,877,240,0.6020942408376962,7.552024612779197,False,4.103140212913936,1.4283421601669177,-0.9217803529101953,2.5019752436133746
KFINTECH,878,110,0.8552689716699573,2.8001915653933005,True,1.3460919450904107,1.4502503129681932,-3.6816406250000155,-1.6585390925866417
KOTAKBANK,1180,275,0.1484796076350282,0.9195372930853007,False,-5.1255367044249045,1.517918342058855,0.2975482874666868,-5.454996445795468
LGEINDIA,166,345,3.354835845857771,4.833614489297155,True,-4.666611078684779,,-4.964197499951473,-6.329654432423437
LICHSGFIN,1238,0,0.2071556090223183,0.0,False,0.3722645122914203,1.4434590224619015,1.6245487364620947,-1.0559522718298742
LICHSGFIN,1239,0,2.994483239561398,0.0,False,-1.8935339708873289,0.7911270249955749,-1.2543346581417647,-2.4730831208604753
LICI,1007,0,1.6213761595059668,0.0,False,5.176133941887295,2.2680926908170695,2.3604636968568293,3.0348808820857442
LICI,1008,25,2.0,8.019760033960775,False,0.27505631101718553,1.3657477220711423,-0.8065404617053407,0.26127318242217257
LT,1181,0,1.0178154484735202,0.0,False,-3.2578329978524945,1.9065663458111226,0.4844404110190492,-4.266389531309467
LUPIN,1190,350,0.9694719471947194,1.9150444170857068,False,2.867707392058505,0.10074480805783992,-0.40260453141123254,2.8722014597365675
LUPIN,1191,310,0.8444046905900986,1.3182480447425042,False,1.5323137045044843,-0.43600255471046845,2.35634559735427,3.9603161979381962
M&M,1207,75,0.6246168870192308,1.0022722842243774,False,8.220044725348563,-0.6396587408352028,1.2849490859032198,6.1460817723323125
M&MFIN,1193,95,0.2085231401777674,2.1752386641670918,False,4.726072563610262,,-0.7184535201874676,6.7205547155849255
M&MFIN,1194,0,2.7205882352941178,0.0,False,3.6965880700605913,,1.491866301731104,9.403258997857144
MAHABANK,1232,5,1.597884151951863,10.480429220116665,False,3.3580608148531255,2.663576746979923,-4.123830423155994,-5.6074713877646065
MAPMYINDIA,1122,20,2.6975960243019914,5.2508331814717915,False,6.568443026699544,,-0.5232570777651491,0.9367858348577895
MAZDOCK,1223,30,0.8950197207814562,2.7316311504185955,False,0.3173237171688159,-0.26305995514646074,-0.6279050841812017,-4.069767441860462
MAZDOCK,1224,0,1.8973792862787073,0.0,False,-0.2567510052658539,-1.7968497810373574,0.01167641490549265,-4.4946881812924495
MCX,1223,0,1.7207147584381206,0.0,False,1.2375153370363323,-1.0936116608559532,2.3569023569023573,6.7407390966961245
MCX,1226,155,0.5886200130804448,0.9437367660693595,False,2.8689291736283318,0.6970323964499814,4.7697368421052655,9.934210526315779
MCX,1228,125,0.2266157299462378,1.3036663138441102,False,5.988960023870238,2.003025863390029,4.9264235444657745,5.566218809980805
MEESHO,132,90,0.46153533153046333,0.6634397125597415,False,-2.9337124691668937,,-1.6786003053014809,-4.397306137527723
MFSL,1231,20,0.4625304269729379,3.671281081569882,False,-10.76691858856268,0.0719656801488,-1.7645196600274748,-6.58712869162088
MOTILALOFS,1229,35,1.394422310756972,3.403391490647715,False,4.575401284656477,-0.4522622386443187,5.050505050505061,3.686868686868694
MOTILALOFS,1230,10,2.4582503479926956,3.048101544351329,False,3.0703058413113826,-1.68678519751837,4.858583392518945,0.08080684777462821
MPHASIS,1205,5,1.9208836118267316,3.3149067809597934,True,3.022843485760607,-0.8672116369225047,-7.499793126875643,3.919785426542033
MRF,1194,0,1.3444208366913326,0.0,False,3.81924145311745,,-1.273625190301142,-2.8962905202183364
MRF,1196,15,0.24462191524570112,4.218299100322526,False,-3.0746181297201414,,-3.0472412549585326,-3.974035340786153
MRPL,1181,5,1.1624542699829612,9.504799785928583,True,-14.16723989570926,,-5.8478779535285685,-13.293869109662515
MRPL,1203,30,2.4663643761319003,49.36602482693549,False,-1.7968985781112834,,1.7192613489058095,-3.2019863803886772
MUTHOOTFIN,1230,0,0.0,0.0,False,-5.3861683321242415,4.514900455150883,-3.8641321283889085,-15.166717082327052
MUTHOOTFIN,1231,200,0.8272129248625202,0.9365380400272049,False,-14.06631838179776,-0.7765783113103719,-3.436426116838487,-13.420809048930026
NATIONALUM,1220,45,1.2769203578976143,1.8669914714247007,False,8.534076356312891,0.04515952120738298,4.65115945262613,-0.3135647161626287
NATIONALUM,1221,0,1.4478059513073867,0.0,False,-4.526891391046939,2.27428435663386,-3.0927835051546393,-4.123711340206182
NATIONALUM,1222,0,0.48572156196206046,0.0,False,-6.48737806325006,3.7484629865833785,-7.726193382626501,-11.904761904761907
NAUKRI,1196,35,0.6341881620511286,3.4607613530102084,False,16.576632807666726,10.526886665999324,3.8466600141879415,6.615212080923838
NAUKRI,1197,0,3.4907597535934287,0.0,False,5.3849118419964315,0.005479545735975755,1.022056728424503,5.839692585745326
NAUKRI,1199,0,2.055854177156412,0.0,True,1.001804481467583,-2.687257402719323,-1.5032678810873668,1.8437731216805808
NAVINFLUOR,1185,370,0.7483443708609271,1.7376441237235358,False,1.9999867506674374,,2.7357042770401074,1.9149929939280774
NAVINFLUOR,1218,0,1.519652650822669,62.8165776578759,False,8.565477244470365,,-5.710982658959541,-0.9537572254335269
NESTLEIND,1195,345,0.7095073874437747,0.48884141608392634,False,1.5350945900074686,-0.39554226884030985,-0.7124923897602442,-1.8728354821475168
NETWEB,741,315,0.37238085120292885,2.355887066605307,False,8.75999748094969,,3.716769407851084,10.736629787021123
NETWEB,742,0,0.7725237415735866,0.0,False,7.8498719790170535,,0.1879969692198724,7.726104719160953
NETWEB,743,5,3.5542168674698797,4.500095740733642,True,4.5048425014598825,,0.909464383046088,9.472595417618358
NETWEB,745,0,3.605921581065756,0.0,False,3.518551819217164,,5.669997960432394,5.8250070906842755
NEWGEN,1199,0,5.046974246065767,0.0,False,12.385230798655368,,7.830626265296403,7.44392867194843
NEWGEN,1200,135,2.6862208505070155,15.704090422633454,False,3.140582717887752,,-8.221843826074304,-4.69940728196444
NIACL,1185,30,2.7850430170570135,92.69176050253539,False,-4.0236444703702805,,-6.821216557901955,-10.128016648529991
NIACL,1186,0,2.637614678899083,0.0,True,-14.63784646129408,,-12.95553988424154,-16.439580885789574
NUVOCO,1201,0,5.452264373625956,974.4823815112047,True,-4.019474012748326,,-8.310140782906728,-8.257122305231112
NYKAA,1134,0,1.8283604072334956,0.0,False,16.329984209568682,5.440569681879848,1.6605104287499506,10.73465258128441
NYKAA,1136,0,0.7658484786612167,0.0,False,8.134227988785515,-0.3009623148403917,-0.9857072251806209,6.6042404141366085
NYKAA,1137,95,1.7640433700255462,0.738249963514795,False,6.989484532878176,-1.1457371124831806,-0.3299785646858844,8.595947652155388
OFSS,1188,0,0.1522359657469077,0.0,False,16.80639623043474,5.307217063298131,2.9326073458470603,11.582366146057211
OIL,1208,25,0.4556316188598891,1.8323231292470332,False,-0.45394187718995616,0.33040135242328184,-3.095026605768081,4.577157924746089
OIL,1209,0,3.2795698924731185,0.0,False,-1.3824599569431717,-3.950961029991029,-0.4113409902202658,4.1689827682045655
OIL,1220,10,2.0328706791870577,18.368787253671794,False,4.646553977075607,0.5637883637071184,5.916112095578074,6.655627791718399
OIL,1221,0,2.7800706963243424,0.0,False,5.4302467693422285,1.5357812386886716,-0.3933254128859254,4.177738628998706
OIL,1226,55,1.324573784852689,2.4884915367118325,False,-0.7339323828140953,-0.12746437379862474,-1.144640998959412,3.1009352542111124
PARADEEP,1027,0,1.631111006450237,0.0,False,4.553827641930974,,-7.423020068710362,-3.609297392875821
PAYTM,1136,10,0.24813895781637718,2.34996473031854,False,6.953161425819454,3.777184722163507,1.204619140001073,5.2587896814732416
PAYTM,1137,0,1.32768000375448,0.0,False,2.5476422683933686,0.860461958199088,2.686663501731812,3.576728493558412
PAYTM,1140,115,0.3996802557953637,1.0466031035794294,False,8.379284051860214,0.3182783530011557,7.688607450090279,4.96789923066312
PERSISTENT,1200,90,0.5058615645696495,0.51664433957503,False,6.633099889235994,1.948110798324998,-2.563363765494475,7.368463617055987
PERSISTENT,1206,15,1.6699688649872628,2.83370199353662,False,2.746679430387533,-1.6710247506996123,-0.3544740371718702,6.0739605288369525
PGEL,1183,0,0.881012822150318,0.0,False,9.223513313925213,3.6659672956327993,4.004393770421011,6.973332005955313
PGEL,1184,0,0.4674588639860294,0.0,False,5.394386227777792,2.1321488309207437,-0.3278645256424406,3.3495834141005654
PGEL,1186,0,1.9861830742659756,0.0,True,5.263888700127284,-0.45373274517430673,-3.806163098843607,5.920700543777535
PINELABS,181,80,2.4336241321985423,1.5042568022840614,False,-2.724228806329465,,-1.623106093199167,-4.588854491813943
PNBHOUSING,1202,25,1.4567266495287061,8.168382062137555,False,1.2269674159531618,-0.8424084085637662,-0.6869586447010856,2.4347826086956514
POWERINDIA,1220,0,0.8934707903780068,0.0,False,2.57111389616802,10.075576316888846,-1.9140083217753068,-6.352288488210823
POWERINDIA,1221,0,4.345449576386991,0.0,False,-10.751272491622665,-4.29823949775715,2.0000000000000018,-6.742857142857139
PREMIERENE,456,0,2.1269063723591697,0.0,False,-7.155231400548034,1.2645603033724528,-2.3720015358220436,-8.503396268966412
PRESTIGE,1182,90,0.5170511347489569,1.9438093795413467,False,9.167946016006967,1.4234870681423928,-1.5646523660382439,7.507729608515512
PRESTIGE,1187,35,4.295838634876074,2.2090031967819033,False,5.29422183910806,-2.4993545148071505,1.7650607591745526,11.456339949893636
PWL,202,70,0.6279209756087778,1.3908045883243156,False,3.9941907090673245,,-6.098458985699806,0.3673769122535475
RBLBANK,1213,120,1.8395271475456474,0.4598022983183892,False,3.719928255111382,1.1122985408499764,0.6612882107455809,3.7693428012497865
RBLBANK,1217,50,0.7258388253705254,2.2242469417370487,False,-1.0150806435960558,0.9258001280981532,0.3078533208340284,-1.8727521861406249
RECLTD,1182,10,0.5716726925975301,1.4197817650793765,False,3.723215609760855,0.25969708950353,-0.3365535634655248,-2.1876281194820324
REDINGTON,1213,0,7.788341903928594,130.72954344303278,False,19.43389359474026,,12.429648618489564,11.947255969795489
REDINGTON,1215,15,2.9625421876959055,55.58066422618353,False,7.321591776278336,,0.8336909143596083,4.959033979394745
REDINGTON,1217,5,3.4018327665561245,8.707970974554573,False,-1.4986486540905175,,1.5380209888291807,1.8255012195187215
RITES,1192,5,4.228392136243728,418.2213250431125,False,7.983173478184713,,-7.307349528933383,-7.363093610009974
RITES,1196,220,5.44762683108124,8.46561862069134,False,-11.635362113603254,,-3.742088023052481,-8.97931446600394
RKFORGE,1210,0,1.6682461778103692,0.0,False,13.928591445260174,,0.15189258749535028,20.713084221682966
RKFORGE,1211,110,1.7710815352001956,1.5938086820974204,False,6.641685365468364,,3.250614319573919,19.614674761458197
RKFORGE,1212,340,0.8373428763580535,0.527064685008176,False,1.0780767634623434,,6.056835253260018,16.6523958282649
SAGILITY,443,5,0.9056451333645654,9.394072117816794,False,-2.0844091056176017,0.8963752140295655,-0.5313496366713633,-2.9543026826524543
SAIL,1218,0,1.647185033581649,0.0,False,1.6237743234484014,-0.10153200381217697,-2.1161057920804027,9.19995134178313
SAIL,1231,0,1.1830870865964702,0.0,False,-1.5752397611567548,2.246278581253458,8.348233364662638,-5.98081884455115
SAIL,1232,250,0.8142524699824918,1.051341162176513,False,-4.698243181553751,3.2346931029104464,0.0513114964840522,-10.20523345947998
SBILIFE,1199,305,0.48786240379756257,0.3318472240972369,False,1.30575146986196,-0.4167692777658827,0.18787911074835684,1.025281836686065
SBILIFE,1202,25,0.7022744915582428,1.341219336615891,False,2.1153610297921066,-0.23089269621878739,-2.244964844940811,0.7233176073408121
SBIN,1184,145,0.30125035533066036,0.4801865566035774,False,-0.30505114658813115,0.2723327270802711,-1.774240037050745,-0.6425579251581492
SBIN,1218,10,0.2574047345503856,1.9557352729519464,False,-1.6387234996521949,1.8697956271663152,-1.7511520737327202,-3.8801820816532273
SBIN,1219,130,2.3756626623535664,1.598838611127625,False,-4.210221431843875,1.3222669723312652,-1.3853401247093111,-4.529707745501854
SHRIRAMFIN,1182,0,1.1816838995568686,0.0,True,0.38417509159291985,-0.5024368572042803,-1.4540967160359686,2.401980265198511
SONATSOFTW,1184,105,5.340928360021927,2.435408235474726,True,-9.113201063013332,,-6.76375207005967,-7.653719707600127
SONATSOFTW,1200,125,4.764798848871396,1.0495761889047053,False,7.43899963009147,,-2.4679601627063508,9.428893991942711
SUMICHEM,1199,325,0.5912092816024028,0.5254386677949365,False,-0.32171417993115403,,5.100255321090419,-0.6618696385571221
SUMICHEM,1200,25,1.1235955056179776,0.7183858860656106,False,-0.5264422874122432,,1.626238575272665,-3.017493531008131
SUMICHEM,1201,370,0.08349020538613172,0.17741899777872122,False,-4.660135188077508,,0.625929654247015,-4.353516027487259
SWIGGY,405,0,0.13113570441828365,0.0,False,5.763495845427968,4.754966056804122,-7.88397346562143,5.324787615262383
SWIGGY,406,0,4.076041411428624,0.0,False,1.2394888317705854,-4.873498470848093,-1.1564514774416779,4.2488509978270805
SWIGGY,419,60,1.4821175170276129,5.297741586977159,False,-4.393379172397482,0.3764213270069483,0.22969432397892398,-5.19941624271405
SWIGGY,420,35,1.6530593300572514,3.3939188220182097,False,-4.561353259620016,-0.798539230429407,-1.6592895141578134,-5.714576544501815
TARIL,1185,5,3.884411883610551,37.28404168728985,False,-3.651344633925091,,-4.726610117036256,-2.8667320234772364
TATAINVEST,1245,0,4.606358023500875,793.0315949875986,False,2.8636549878184203,,-2.2273265878444914,-2.2273265878444914
TATATECH,659,25,0.4347556118341412,12.195528222512433,False,1.6154747498031252,,7.94086774167635,-0.2744697449361677
TECHM,1200,110,1.3313253002402818,0.6019672642582644,False,5.82694065329743,1.5276565370483164,0.3855133817298073,9.604519774011289
TECHM,1204,0,0.8832807570977917,0.0,False,5.770303346945371,2.0445407048078623,-0.7819981332066517,3.948119691146368
TECHM,1205,0,2.0212699487857386,0.0,True,2.653919749635114,-0.9997331952226074,-1.3067733612598942,4.034507396660136
TEJASNET,1238,130,2.1469238977202805,1.8592377095056456,False,-10.088109843277183,,3.982725367832396,-8.661560200324814
TEJASNET,1239,0,1.3413615399096386,0.0,False,-11.067191037003854,,-6.228119918499209,-15.606941758659165
TITAN,1183,45,0.28908756141026715,1.3902275501698333,False,5.462562768856016,0.3270938127044376,-0.18262755393220198,4.001821816858797
TITAN,1185,350,0.4818387248067291,0.6905590156144036,False,3.8842114893221202,-0.6035625796752986,-2.1742595936457887,4.108692542108305
TMCV,177,0,0.49450549450549447,0.0,False,7.2138443986809575,,1.5801091483943264,4.983422716678154
TMCV,179,0,2.59627859867405,0.0,False,3.6957402260509475,,0.0,7.452240533823051
TORNTPHARM,1179,145,0.8414618236282803,1.1741204926956759,True,1.2989717566538994,0.4703259657994341,-2.3074230237809856,4.288955010676143
TRENT,1181,50,1.4739311375021225,1.7102741765055256,False,8.080766063500322,1.5564872048866585,9.603248565628641,0.9203388464067652
TRENT,1183,5,0.5136436597110754,9.586455915424057,False,12.11728921458677,5.60206270397039,2.5074141937540873,-6.40389158324658
TRENT,1184,0,0.3571397977365288,0.0,False,5.980532292889484,1.6426694776518813,-1.1573434409923644,-8.70836577651608
TRENT,1185,350,0.3979743380220002,1.4636644760555135,False,3.4239843647715595,0.05735884575011063,1.285169085543414,-9.535839619305742
TRENT,1186,5,1.860588308941367,2.6587850006588365,False,2.562866001117925,-1.9411439899870597,1.1192810294465616,-9.793749306287857
TRENT,1188,175,1.8736778482925356,1.5582763165384188,False,1.835200542886306,0.36804535368459845,1.0963996814367105,-11.91253615115876
TRENT,1216,5,0.10607678650353584,3.2298530959303617,False,-4.412364407470825,1.3718309706590048,-3.5621183805126133,-5.718053671972633
TRENT,1217,15,0.2677345128198344,3.2238924381998677,False,-6.983886380636994,-0.2096556753359513,-3.323745605624795,-7.056569153982906
TRENT,1218,255,4.1935184207939065,2.1044529193319508,False,-8.79282043298868,-1.5684893781758968,-3.4469471304460986,-7.357345771663026
ULTRACEMCO,1194,70,0.07664793050587634,0.8855215619375292,True,0.6787204972226402,-0.07986451160335584,-3.1561886889021618,1.049219483067465
UNIONBANK,1184,0,0.6314456492190377,0.0,False,-6.00543062894311,0.6166481833578263,-0.5677947011834883,-6.5920968272946245
UNIONBANK,1217,15,1.3467979447729441,3.5106993257859385,False,6.033453221269647,-0.028186721505851775,3.0375405262754507,6.666667245308644
UNITDSPR,1182,0,1.2435991221653255,0.0,False,8.420415840178297,2.3966338910703433,-0.9331331704523826,2.621632308646671
UNITDSPR,1187,0,0.7738000383782009,0.0,False,3.846086495566836,0.04089122580763771,-2.3467397954412217,-0.6570853798480991
UNOMINDA,1197,50,1.2403763900769889,1.8052283897808215,False,0.8700145291800521,0.19914907397526882,-1.5158077089649225,1.5851060050346533
UNOMINDA,1198,20,1.3988978380669777,1.9115023362915082,False,0.48134009167168923,-2.114747051738719,-0.7203519929619873,1.2348876353270422
VOLTAS,1186,0,3.9716312056737593,0.0,True,-2.1465277178194464,-2.4993751639663553,-3.8109287729643615,0.3618924973458171
WELSPUNLIV,1225,15,3.061777491308178,98.3430099253403,False,5.478228208064317,,6.428937716519867,16.918838498769915
WELSPUNLIV,1227,0,1.358769804328649,0.0,False,13.435012724772676,,0.8532516771001308,11.558639714028507
WELSPUNLIV,1229,15,2.2684184189279315,1.3246057866168923,False,8.357774078110802,,0.9767372167672761,5.881432882319104
WIPRO,1213,0,2.5765614979292395,0.0,False,1.0558797533812836,-0.9849484437362221,-0.01609981162564722,-2.8605172428900594
WOCKPHARMA,1215,15,0.5902606984751598,3.7276537841339668,False,-3.7872691476493303,,-2.632618012785126,-6.2808135910402685
WOCKPHARMA,1216,10,2.40363458652245,4.051819672815585,False,-7.117973983354098,,-0.07910489494957762,-6.08128159224206
WOCKPHARMA,1240,0,1.1538483375726742,0.0,False,-1.5545890346111313,,0.5706565967504629,-5.520828910495923
WOCKPHARMA,1242,10,1.302477179631243,5.141386179497558,True,-7.333862044409645,,-8.213266949550457,-7.234967433261119
ZENSARTECH,1200,30,1.2431421924988573,5.21918560446423,False,-1.3355931309055546,,-1.6197704187845496,-4.109591207954866
ZENSARTECH,1201,0,5.582476565939117,0.0,False,-6.968634182636468,,-1.8469406230510965,-3.049826837754721
ZENTEC,1227,0,5.368962981122824,0.0,False,-12.863627230166541,,-1.5160885402023871,-8.811959479932208
