ticker,date,run_date,persistence,composite,decline_from_high10d_pct,ret_1d,is_W,is_S,max_return_d1,adverse_d1,close_ret_d1,max_return_d2,adverse_d2,close_ret_d2,max_return_d3,adverse_d3,close_ret_d3,d3_resolution_date
AAREYDRUGS,2026-09-25,2026-09-30,persistent,88.40134747543165,-2.3271451280493127,1.3066003697204565,False,True,0.0,-2.530274394551546,-2.008467974457717,0.11814782607322272,-4.263071619636271,-1.6244969290503675,,,,
AARTIPHARM,2026-09-25,2026-09-30,persistent,86.19788947464642,-2.3336811026020032,0.5672986666276358,False,True,0.7290763354895757,-3.09190444046602,-2.719385676645736,4.8427439296637065,-3.549569051060031,3.538928256292695,,,,
AARTIPHARM,2026-09-29,2026-09-30,new,87.73181762327633,-1.2435917112639585,6.433259058311669,False,True,,,,,,,,,,
ABDL,2026-09-25,2026-09-30,persistent,89.58519575257522,-5.140620937585194,0.4072124242770591,False,True,3.349417889084094,0.7272235921689019,1.1747464593334866,3.349417889084094,-1.2097005141703088,0.20278473278585452,,,,
ABDL,2026-09-28,2026-09-30,persistent,90.25214813837997,-4.026263740703739,1.1747464593334866,False,True,0.4768832882463103,-2.3567610070188927,-0.9606762167062244,,,,,,,
ABDL,2026-09-29,2026-09-30,persistent,88.71971851669808,-4.948260599231158,-0.9606762167062244,False,True,,,,,,,,,,
ACMESOLAR,2026-09-25,2026-09-30,persistent,88.60338487267018,-7.12937731917439,-0.8395835780239835,False,True,2.1562471081855605,-2.1675335822559094,-1.1289230230083547,2.1562471081855605,-3.386769069025053,-1.1176296585386658,,,,
ACMESOLAR,2026-09-28,2026-09-30,persistent,85.46219666068255,-8.17781516022944,-1.128923023008355,False,True,0.6622502710447398,-2.2836264305507004,0.011422313597653222,,,,,,,
ACMESOLAR,2026-09-29,2026-09-30,persistent,84.3711851250221,-8.167326942324838,0.0114223135976532,False,True,,,,,,,,,,
ADROITINFO,2026-09-25,2026-09-30,persistent,91.34110968917554,-7.767667317287463,3.5349629153277773,False,True,4.855837441802735,0.22761557114236997,2.503792989871667,13.581183007636932,0.22761557114236997,7.966610111899719,,,,
ADROITINFO,2026-09-28,2026-09-30,persistent,92.39438831628507,-5.4583606371825795,2.503792989871667,False,True,10.806809869816036,-1.9245020316580375,5.329380467479705,,,,,,,
ADROITINFO,2026-09-29,2026-09-30,persistent,94.24883939087876,-4.943224526336987,5.329380467479705,False,True,,,,,,,,,,
AETHER,2026-09-25,2026-09-30,new,88.40291793167316,-1.7241379310344862,7.338115199318973,False,True,1.0299915773556823,-3.508771929824561,-1.5732908221915642,1.0299915773556823,-3.508771929824561,-0.9677405538164985,,,,
AETHER,2026-09-28,2026-09-30,persistent,84.09821345617259,-3.2703030493951624,-1.5732908221915642,False,True,1.9836707088655148,-1.8514231874361853,0.6152296195143014,,,,,,,
AETHER,2026-09-29,2026-09-30,persistent,84.19084639799078,-2.6751933028886232,0.6152296195143014,False,True,,,,,,,,,,
AHCL,2026-09-25,2026-09-30,persistent,99.12590923122568,0.0,9.982550256307054,False,True,9.996825121070628,2.3167294328225507,9.996825121070628,15.4871441615974,2.3167294328225507,15.4871441615974,,,,
AHCL,2026-09-28,2026-09-30,persistent,99.3850464992912,0.0,9.996825121070628,False,True,4.99134319057275,2.4235434399478395,4.99134319057275,,,,,,,
AHCL,2026-09-29,2026-09-30,persistent,99.48123994113789,0.0,4.99134319057275,False,True,,,,,,,,,,
AKUMS,2026-09-25,2026-09-30,persistent,85.6259556855611,-2.2949451931502995,0.2385044355748267,False,True,0.6650005842484319,-2.6294903439633255,-2.3915533985571558,1.0310551318275296,-2.6294903439633255,0.0,,,,
ANTELOPUS,2026-09-25,2026-09-30,persistent,97.780711560536,-2.261993391427919,11.561077469831329,False,True,-0.13473497960398984,-11.163508047623772,-8.104145514551975,-0.13473497960398984,-11.860973934789666,-7.862404296658443,,,,
ANTELOPUS,2026-09-28,2026-09-30,persistent,93.44831430703618,-10.182823670009034,-8.104145514551975,False,True,6.50740233900815,-4.088136990806901,0.26305998159232846,,,,,,,
ANTELOPUS,2026-09-29,2026-09-30,persistent,93.437165266543,-9.946550622488605,0.2630599815923284,False,True,,,,,,,,,,
ARIHANTCAP,2026-09-25,2026-09-30,persistent,87.08369872415416,-5.526322414187446,1.5116905228728106,False,True,0.6749570468504107,-4.596093265959689,-3.781871563952377,0.6749570468504107,-6.578101168358364,-2.9569258786391828,,,,
ARROWGREEN,2026-09-25,2026-09-30,persistent,94.86586085877585,-4.927841743062844,1.0993889672118673,False,True,-0.04968118934596255,-3.289908168974265,-1.5400764401665823,-0.04968118934596255,-6.2817359401324495,-3.6763069377055313,,,,
ARROWGREEN,2026-09-28,2026-09-30,persistent,92.96601640587303,-6.392025653535816,-1.5400764401665823,False,True,0.8073120372404485,-4.815826915693666,-2.1696446841549477,,,,,,,
ARROWGREEN,2026-09-29,2026-09-30,persistent,89.3482246951247,-8.422986092889007,-2.1696446841549477,False,True,,,,,,,,,,
ARTEMISMED,2026-09-25,2026-09-30,new,85.76976631970774,-5.570215487300789,7.514276850835544,False,True,3.99775993988285,-2.0967290310460296,2.2924186216429554,3.99775993988285,-2.0967290310460296,2.4881167438521645,,,,
ARTEMISMED,2026-09-28,2026-09-30,persistent,88.10637743098535,-3.405489522754357,2.2924186216429554,False,True,1.0112086003690957,-1.503142960301873,0.1913124402044275,,,,,,,
ARTEMISMED,2026-09-29,2026-09-30,persistent,88.2505477115995,-3.2206922076568056,0.1913124402044275,False,True,,,,,,,,,,
ARVEE,2026-09-25,2026-09-30,persistent,84.72990849994456,-16.396077473958336,-4.931994451992749,False,True,9.99577715397355,0.0,9.99577715397355,16.797221796756578,0.0,9.221822523086075,,,,
ARVEE,2026-09-28,2026-09-30,persistent,90.9798088479025,-8.039215686274515,9.99577715397355,False,True,6.183368869936023,-1.9189765458422214,-0.7036221306969792,,,,,,,
ARVEE,2026-09-29,2026-09-30,persistent,90.45105661135104,-8.68627211626839,-0.7036221306969792,False,True,,,,,,,,,,
ASIANHOTNR,2026-09-25,2026-09-30,persistent,85.97113237687354,-3.581905598162438,1.2451877030848824,False,True,0.4310844841236783,-8.203374059292868,-5.667555663140734,0.4310844841236783,-9.724865096984136,-8.368200707302032,,,,
AVROIND,2026-09-28,2026-09-30,new,1.9271176433565809,-15.365850992106257,0.7256921872825339,True,False,0.8645524824904882,-1.585016319992083,0.5763683216603255,,,,,,,
AVROIND,2026-09-29,2026-09-30,persistent,2.436239176889118,-14.250617632968732,0.5763683216603255,True,False,,,,,,,,,,
AXISCADES,2026-09-29,2026-09-30,new,90.89092821756212,0.0,9.99733452214684,False,True,,,,,,,,,,
BALPHARMA,2026-09-25,2026-09-30,persistent,87.8447226376472,-6.339131230893347,2.5614192795575974,False,True,2.172503933873382,-3.6301142567538247,-2.7295538635187633,6.424657160676617,-3.6301142567538247,4.085044622856371,,,,
BALPHARMA,2026-09-29,2026-09-30,new,90.4762438522932,-2.1983745122974407,7.005826288504435,False,True,,,,,,,,,,
BHAGERIA,2026-09-25,2026-09-30,persistent,98.7666343983864,-0.2527805825509377,9.71778473520304,False,True,0.608209290259043,-6.20881896123765,-3.484541253755824,0.608209290259043,-6.20881896123765,-4.244804800029822,,,,
BHAGERIA,2026-09-28,2026-09-30,persistent,97.94628080596776,-4.068008538157275,-3.484541253755824,False,True,1.7198339734799672,-2.5863216346748263,-0.7877116848948096,,,,,,,
BHAGERIA,2026-09-29,2026-09-30,persistent,97.60202720725526,-4.823676044454506,-0.7877116848948096,False,True,,,,,,,,,,
BHAGYANGR,2026-09-25,2026-09-30,persistent,84.73256988380422,-9.051080712962134,-1.5614157276434226,False,True,4.805548770684087,-4.335561560027356,-3.336853976450216,4.805548770684087,-6.67371512422672,-4.100571540362152,,,,
BIRLACABLE,2026-09-25,2026-09-30,persistent,90.59348860070553,-13.45510440028801,4.997102951912558,False,True,2.0002758327564374,-3.986760027691061,-3.048701321117675,2.0002758327564374,-5.0903604871428865,1.7933507466092236,,,,
BIRLACABLE,2026-09-28,2026-09-30,persistent,85.99724271041566,-16.093599775796342,-3.048701321117675,False,True,4.9943137778530655,-2.1058605648878514,4.9943137778530655,,,,,,,
BIRLACABLE,2026-09-29,2026-09-30,persistent,90.514642106809,-11.903050868898411,4.9943137778530655,False,True,,,,,,,,,,
BLUSPRING,2026-09-25,2026-09-30,persistent,92.11979823833173,-0.9419828551621156,3.2441645118077567,False,True,4.671994905885901,-4.609979786730234,2.9768518946891254,5.085450062793195,-4.609979786730234,-1.3850569008170277,,,,
BLUSPRING,2026-09-28,2026-09-30,persistent,94.9270247346858,-1.6194809439917024,2.976851894689126,False,True,2.0476428724588214,-4.978588276136698,-4.2358148605736385,,,,,,,
BLUSPRING,2026-09-29,2026-09-30,persistent,90.84146484006224,-6.157376648949797,-4.2358148605736385,False,True,,,,,,,,,,
BOSCH-HCIL,2026-09-29,2026-09-30,new,88.7403382475027,-1.5522418250819237,7.323568476033038,False,True,,,,,,,,,,
CAPLIPOINT,2026-09-28,2026-09-30,new,84.75384896646597,-4.548494983277596,0.6666396844109412,False,True,0.5255781359495337,-4.169586545199722,-3.854239663629988,,,,,,,
CARBORUNIV,2026-09-25,2026-09-30,persistent,88.09161993760134,-6.603844166980489,-1.3883532587736225,False,True,0.5788051946861605,-3.2303518833105227,-2.401247647389515,0.5788051946861605,-6.609307782557683,-6.100899491591704,,,,
CENTUM,2026-09-25,2026-09-30,persistent,95.86350817146744,-3.94439834608461,-0.729706719367984,False,True,-0.008327308998068439,-5.484870021789279,-4.812269511983091,4.012664830388268,-7.123662063769498,2.4654935226957386,,,,
CENTUM,2026-09-28,2026-09-30,persistent,91.51409964005384,-8.5668527790279,-4.812269511983091,False,True,9.271083885629917,-2.4282463085695483,7.645694458063601,,,,,,,
CENTUM,2026-09-29,2026-09-30,persistent,95.65506906710704,-1.5761537091209088,7.645694458063601,False,True,,,,,,,,,,
CHEMCON,2026-09-25,2026-09-30,persistent,86.99515376385014,-3.046810068982697,-0.1052286440008987,False,True,2.6992667021258576,-3.318116959316564,-3.085498109327256,2.6992667021258576,-7.391150196876161,-6.1578296193834925,,,,
COASTCORP,2026-09-28,2026-09-30,new,9.381521963909476,-10.732787083978687,0.1383870345486038,True,False,2.128248897923646,-2.43228596100743,-1.74129646987623,,,,,,,
CONFIPET,2026-09-25,2026-09-30,new,86.17216276400299,-5.278968165286102,2.306174345411826,False,True,0.5890397368049083,-4.440414842715901,-2.9791541569829993,0.5890397368049083,-4.440414842715901,-1.2347036168585124,,,,
CPCAP,2026-09-25,2026-09-30,persistent,93.90614426019224,-4.093462507301404,-0.4333851237274588,False,True,1.922956444298518,-3.6899843734449322,-2.41018101189181,1.922956444298518,-4.235684612422974,-2.325723863188933,,,,
CPCAP,2026-09-28,2026-09-30,persistent,91.41279921836836,-6.404983663113317,-2.41018101189181,False,True,2.3831725482380772,-1.8705881612031794,0.08654299144992272,,,,,,,
CPCAP,2026-09-29,2026-09-30,persistent,91.11050437420016,-6.323983736127337,0.0865429914499227,False,True,,,,,,,,,,
CRESTO,2026-09-25,2026-09-30,persistent,87.68440423064128,-9.787057257090526,-8.702853490088469,False,True,9.986376700044541,1.2255948343147915,8.170672632578269,9.986376700044541,0.771675310918174,7.081250192098487,,,,
CRESTO,2026-09-28,2026-09-30,persistent,91.34606082221178,-2.416053033352128,8.170672632578269,False,True,0.5874921951181555,-6.840113999098596,-1.0071329076229318,,,,,,,
CRESTO,2026-09-29,2026-09-30,persistent,90.79454296426611,-3.3988530758105484,-1.0071329076229318,False,True,,,,,,,,,,
CUPID,2026-09-29,2026-09-30,new,84.50503355201838,-1.4542343883661268,8.884688090737235,False,True,,,,,,,,,,
CYIENTDLM,2026-09-25,2026-09-30,persistent,92.27948726401948,-3.850520008561442,2.048867312032998,False,True,1.1273351647811625,-1.9701563388553223,-1.4440639740687655,1.1273351647811625,-4.933434722200913,-1.1004938513339835,,,,
CYIENTDLM,2026-09-28,2026-09-30,persistent,89.86598373798556,-5.238980010372263,-1.4440639740687655,False,True,1.5305831043226803,-3.5404978013846455,0.34860419025839473,,,,,,,
CYIENTDLM,2026-09-29,2026-09-30,persistent,89.73550399956844,-4.908639123956826,0.3486041902583947,False,True,,,,,,,,,,
DEEPINDS,2026-09-25,2026-09-30,persistent,90.46834361822329,-1.8101853443196148,1.9712761861537145,False,True,0.3840737541630945,-2.57329102729259,-1.6771189342453363,1.7667455203506988,-2.6949159455776694,0.17923754420965388,,,,
DEEPINDS,2026-09-28,2026-09-30,persistent,87.31035991620237,-3.0303030303030276,-1.6771189342453363,False,True,3.5026073455810547,-1.0351578394571903,1.888020833333326,,,,,,,
DEEPINDS,2026-09-29,2026-09-30,persistent,89.0252981319363,-1.5599476705517534,1.888020833333326,False,True,,,,,,,,,,
DELTACORP,2026-09-25,2026-09-30,persistent,88.29315382978533,-1.3480588778863931,5.72371493567343,False,True,5.413851978618633,-7.860480965632776,-6.038521096805938,6.142635926149365,-7.860480965632776,2.4076082661177445,,,,
DELTACORP,2026-09-29,2026-09-30,new,89.19861176463537,-3.5188759233663047,8.988927655795509,False,True,,,,,,,,,,
DOLPHIN,2026-09-25,2026-09-30,persistent,87.30610409967002,-8.278850939688965,0.3137347807325552,False,True,-0.8073296522536522,-7.847845115869134,-5.738600844645935,-0.8073296522536522,-7.847845115869134,-5.338571758724287,,,,
DPABHUSHAN,2026-09-29,2026-09-30,new,89.78539895282937,0.0,19.997126308923207,False,True,,,,,,,,,,
DYNAMATECH,2026-09-25,2026-09-30,new,89.34684605033252,-1.0085045533227976,4.7964305633017235,False,True,2.638181403482087,-1.0567931270432651,-0.10643959552953941,2.638181403482087,-3.2692161484072058,-0.6690488861856636,,,,
DYNAMATECH,2026-09-28,2026-09-30,persistent,89.13779554697733,-2.674074074074073,-0.1064395955295394,False,True,0.0761092929446594,-3.1661465864982086,-0.5632087677905462,,,,,,,
DYNAMATECH,2026-09-29,2026-09-30,persistent,86.5352138847513,-3.2222222222222263,-0.5632087677905462,False,True,,,,,,,,,,
EBGNG,2026-09-25,2026-09-30,persistent,84.54368355906145,-8.356164383561648,-1.130573285752401,False,True,1.3228663058202583,-4.260089686098656,0.47085566727391726,3.281018267119773,-4.260089686098656,0.8669637956604914,,,,
ELLEN,2026-09-25,2026-09-30,new,85.0849454985749,-5.6579635837636815,3.019286392061371,False,True,3.8941671922701815,-3.1207598371777445,-2.5644537875254447,7.1777509381360405,-3.1207598371777445,0.2306665138441355,,,,
ELLEN,2026-09-29,2026-09-30,new,84.94016981307375,-6.481834488486172,2.868686439417445,False,True,,,,,,,,,,
EMIL,2026-09-25,2026-09-30,new,89.40592397673088,-1.301389816477072,5.846900689614021,False,True,2.1376479638410384,-5.029471213077519,-3.6609738219783527,2.1376479638410384,-5.204274350922267,-4.250321873415308,,,,
EMIL,2026-09-28,2026-09-30,persistent,84.2301317804598,-5.677261912152353,-3.6609738219783527,False,True,2.649178612950842,-1.6019474040479764,-0.6117438330214275,,,,,,,
EMUDHRA,2026-09-25,2026-09-30,persistent,88.36972256272084,-4.129983038028595,-0.9023372742999802,False,True,2.012390103795725,-2.3567257060794655,-0.6427442235169112,2.012390103795725,-4.950652080000939,-4.024789548039087,,,,
EMUDHRA,2026-09-28,2026-09-30,persistent,87.44874588279721,-4.746182034136348,-0.6427442235169112,False,True,0.26954177897573484,-4.335775805015407,-3.4039238484308787,,,,,,,
ENGINERSIN,2026-09-25,2026-09-30,persistent,92.86142521900972,-1.0191282728763462,6.404854337071053,False,True,1.8216379252919301,-2.106761927790568,-0.5544115424801488,1.8216379252919301,-3.453189959528069,-1.726590145679019,,,,
ENGINERSIN,2026-09-28,2026-09-30,persistent,92.03769694390414,-2.3335408034934724,-0.5544115424801488,False,True,0.9238591758114811,-2.914939176297593,-1.1787135270455829,,,,,,,
ENGINERSIN,2026-09-29,2026-09-30,persistent,90.26396851894587,-3.4847485694291525,-1.1787135270455829,False,True,,,,,,,,,,
FCL,2026-09-25,2026-09-30,persistent,95.85226322524956,-0.9336604454504238,7.865168309995885,False,True,1.5211673125097969,-5.98544801468911,-5.092589351305299,1.5211673125097969,-8.151455592741709,-4.199736995291358,,,,
FCL,2026-09-28,2026-09-30,persistent,90.25254374949424,-6.514657818557346,-5.092589351305299,False,True,1.7769975887658163,-3.2230004174900295,0.9407614746954618,,,,,,,
FCL,2026-09-29,2026-09-30,persistent,90.61776473726329,-5.635183734827109,0.9407614746954618,False,True,,,,,,,,,,
FILATEX,2026-09-25,2026-09-30,persistent,97.55918132475776,-4.089683909052699,1.538172000831883,False,True,4.712923882986475,0.49560385935776274,3.562743100442045,6.54572642621305,0.49560385935776274,4.731622819408665,,,,
FILATEX,2026-09-28,2026-09-30,persistent,98.10332643011918,-1.0984133953032549,3.562743100442045,False,True,2.88036337824491,-1.39052001402018,1.1286681715575675,,,,,,,
FILATEX,2026-09-29,2026-09-30,persistent,98.31909033420148,-1.7026526240456086,1.1286681715575675,False,True,,,,,,,,,,
FINCABLES,2026-09-25,2026-09-30,persistent,89.53828586499472,-2.476633884241486,-1.290538890941728,False,True,0.0,-4.168664754351569,-3.6142137001676122,0.0,-4.415086516674515,-1.7386558963369159,,,,
FINCABLES,2026-09-29,2026-09-30,new,86.98450822841147,-3.909232442577149,1.9458862928153131,False,True,,,,,,,,,,
FINOPB,2026-09-29,2026-09-30,new,13.716658524670253,-11.968669590574889,1.5719502616019287,True,False,,,,,,,,,,
FMNL,2026-09-29,2026-09-30,new,11.695781047230572,-15.66137617931419,0.3778303873425148,True,False,,,,,,,,,,
GALAPREC,2026-09-29,2026-09-30,new,84.08894656552609,-2.7878136335182546,1.534818518630332,False,True,,,,,,,,,,
GANDHAR,2026-09-29,2026-09-30,new,84.30794728781606,-1.5830272426054617,4.388475686205906,False,True,,,,,,,,,,
GANGAFORGE,2026-09-29,2026-09-30,new,6.726803552108278,-10.9090878878086,5.000003831727229,True,False,,,,,,,,,,
GCSL,2026-09-25,2026-09-30,persistent,95.35103593167916,-0.2366393577051484,3.1817503240896494,False,True,2.609226027157341,-0.14538406753143995,2.127165524407748,2.6857429742320305,-0.14538406753143995,1.9588319770224905,,,,
GCSL,2026-09-28,2026-09-30,persistent,96.22392188478725,-0.4698022988907535,2.127165524407748,False,True,0.5469430654968965,-1.4460123970834848,-0.16482739584604555,,,,,,,
GCSL,2026-09-29,2026-09-30,persistent,95.55345695181636,-0.7078986587183311,-0.1648273958460455,False,True,,,,,,,,,,
GEEKAYWIRE,2026-09-25,2026-09-30,persistent,88.89571750968797,-5.999995640345979,-1.526484058253319,False,True,0.638295059978855,-4.255323589507054,-3.130701030014593,0.638295059978855,-7.872346321623258,-7.2948371263480976,,,,
GEEKAYWIRE,2026-09-28,2026-09-30,persistent,84.81960432894465,-8.942854745047434,-3.130701030014593,False,True,0.75305856541652,-4.894889652373601,-4.298716043793971,,,,,,,
GENUSPAPER,2026-09-29,2026-09-30,new,10.954489736588934,-12.691650768032767,1.384770999772389,True,False,,,,,,,,,,
GHCLTEXTIL,2026-09-25,2026-09-30,new,88.18400112689228,-1.312340276296975,2.7929650373712978,False,True,0.17970098388042643,-3.96060573621686,-3.083664057434121,0.17970098388042643,-7.8780849911948225,-4.923800377477361,,,,
GLOBAL,2026-09-25,2026-09-30,persistent,92.27206655857292,-5.314689582878063,-3.9716355344082466,False,True,0.03692987740904208,-3.242244894785351,-1.3220039636791192,0.03692987740904208,-3.242244894785351,-1.765139953754824,,,,
GLOBAL,2026-09-28,2026-09-30,persistent,90.64471424589628,-6.566433139614292,-1.3220039636791192,False,True,1.0627933256930788,-1.1301508120185932,-0.44907274962555643,,,,,,,
GLOBAL,2026-09-29,2026-09-30,persistent,89.9568544121129,-6.9860178273874585,-0.4490727496255564,False,True,,,,,,,,,,
GMMPFAUDLR,2026-09-25,2026-09-30,persistent,95.81364918285324,-1.8518534732769432,2.0197862454046867,False,True,0.3188977533774118,-3.1889450941471,-1.6675509168330716,0.3188977533774118,-3.335101833666132,-1.8668599852172618,,,,
GMMPFAUDLR,2026-09-28,2026-09-30,persistent,95.0518939882096,-3.4885237905379785,-1.6675509168330716,False,True,1.7296112430380317,-1.695829741230892,-0.20268901084282698,,,,,,,
GMMPFAUDLR,2026-09-29,2026-09-30,persistent,94.85130716505674,-3.684141947016739,-0.2026890108428269,False,True,,,,,,,,,,
GNA,2026-09-25,2026-09-30,persistent,90.70602198039327,-4.683638207706409,-0.451283381075096,False,True,0.858089141661833,-5.877122544042845,-3.7156984214163913,0.858089141661833,-6.840443346550618,-3.869509183090436,,,,
GNA,2026-09-28,2026-09-30,persistent,84.5822016957331,-8.225306758174188,-3.7156984214163913,False,True,0.8912035789775175,-3.2453316624869832,-0.1597464583035113,,,,,,,
GNA,2026-09-29,2026-09-30,persistent,84.1857873710143,-8.371913580246915,-0.1597464583035113,False,True,,,,,,,,,,
GNFC,2026-09-25,2026-09-30,new,84.17624475140937,-0.8962283344388755,0.8318688865980306,False,True,0.42043859517462145,-2.0466386845534035,-1.5310111955889716,0.42043859517462145,-3.244488751877994,-2.9827047686924457,,,,
GREAVESCOT,2026-09-25,2026-09-30,persistent,91.61647900114188,-0.3649637636136127,5.837802299665884,False,True,1.2820489490101172,-2.2915090343236244,-1.865578373620258,1.4992777454479356,-2.5172517645615233,0.0894482983895939,,,,
GREAVESCOT,2026-09-28,2026-09-30,persistent,89.51307464762138,-3.107784010387693,-1.865578373620258,False,True,3.42882350892022,-0.6640619877725795,1.992192586056185,,,,,,,
GREAVESCOT,2026-09-29,2026-09-30,persistent,90.58484509726938,-1.3890044130107748,1.992192586056185,False,True,,,,,,,,,,
HATHWAY,2026-09-29,2026-09-30,new,11.332274374290073,-12.775738315276486,1.2806818252369956,True,False,,,,,,,,,,
HGM,2026-09-29,2026-09-30,new,15.056005946154931,-13.591453231957829,3.8787841796875,True,False,,,,,,,,,,
HINDCON,2026-09-25,2026-09-30,new,88.99481209970598,-0.1085732182702026,9.872609312826809,False,True,10.000000691068323,8.69565067159057,10.000000691068323,20.978256986061638,8.69565067159057,20.978256986061638,,,,
HINDCON,2026-09-28,2026-09-30,persistent,93.55880969007468,0.0,10.000000691068324,False,True,9.980232932748256,6.719370469418862,9.980232932748256,,,,,,,
HINDCON,2026-09-29,2026-09-30,persistent,95.96797348206712,0.0,9.980232932748256,False,True,,,,,,,,,,
HLEGLAS,2026-09-25,2026-09-30,persistent,87.14479067077063,-8.750514755287087,2.880467895863692,False,True,-0.8161428369308998,-4.998870552128787,-4.930854613249725,-0.8161428369308998,-7.912036593419158,-1.462256204439405,,,,
HLEGLAS,2026-09-29,2026-09-30,new,84.51937145785692,-10.084816014796926,3.6485006725365254,False,True,,,,,,,,,,
IBULLSLTD,2026-09-25,2026-09-30,new,89.52170616284192,-5.090678860751541,4.99824035170946,False,True,2.380157538173666,-4.123364215159919,-3.11766780943471,2.380157538173666,-4.626212418022535,0.33523426659567424,,,,
IBULLSLTD,2026-09-29,2026-09-30,new,88.79831325806734,-4.772510294099441,3.5640162638102213,False,True,,,,,,,,,,
IGPL,2026-09-25,2026-09-30,persistent,87.98633942834195,-1.9100359781395793,1.1510913572598591,False,True,2.8239061469391924,-2.377145079783538,-1.9556665503896342,2.8239061469391924,-3.059938239401039,-1.49204016805633,,,,
INDNIPPON,2026-09-25,2026-09-30,persistent,89.95760966969468,-6.1111145888977925,0.174779748851872,False,True,0.6675807278176515,-2.9358179794704786,-2.0937624494221208,0.6675807278176515,-6.994382839258151,-5.568191857274596,,,,
INDNIPPON,2026-09-28,2026-09-30,persistent,86.51367106134668,-5.443625723431378,-2.0937624494221208,False,True,1.6271501934955523,-5.005422036879315,-3.5487314136217307,,,,,,,
INDOAMIN,2026-09-29,2026-09-30,new,88.27195866463266,-4.716670315181726,5.8048997284341874,False,True,,,,,,,,,,
INDORAMA,2026-09-25,2026-09-30,persistent,98.0388657949236,-11.52270889560202,-2.320094948908858,False,True,3.562802831905909,-1.5700458424023345,1.4492778105480442,5.122782112141366,-4.589369495352735,4.106282010861428,,,,
INDORAMA,2026-09-28,2026-09-30,persistent,98.22616967520926,-10.240427148251976,1.4492778105480442,False,True,3.6210255813288406,-5.952380772170396,2.619046934247482,,,,,,,
INDORAMA,2026-09-29,2026-09-30,persistent,98.51972511021664,-7.889581807284629,2.619046934247482,False,True,,,,,,,,,,
INDOTHAI,2026-09-29,2026-09-30,new,2.8269531050976893,-15.97368340743216,4.998357334398418,True,False,,,,,,,,,,
INDSWFTLAB,2026-09-25,2026-09-30,persistent,94.38020625724914,-3.680319709078339,0.7725871909073145,False,True,3.7220199247668395,-1.1747248493385598,0.9274143547409741,3.7220199247668395,-1.1747248493385598,2.163966827728925,,,,
INDSWFTLAB,2026-09-28,2026-09-30,persistent,94.46529861146492,-2.7870371676197214,0.927414354740974,False,True,2.2420959959906117,-1.2129409784364609,1.225189886111333,,,,,,,
INDSWFTLAB,2026-09-29,2026-09-30,persistent,94.9821345617258,-1.59599377900822,1.225189886111333,False,True,,,,,,,,,,
INNOVACAP,2026-09-25,2026-09-30,persistent,93.61791159290416,-5.356483191725159,-1.103995081376119,False,True,2.123337328015218,-1.6159212468286444,-0.7650311341237281,2.6385674338895493,-1.709603779395985,-0.7650311341237281,,,,
INNOVACAP,2026-09-28,2026-09-30,persistent,92.30504613964472,-6.080535561738087,-0.7650311341237281,False,True,3.4298378957658526,-0.9518546295398278,0.0,,,,,,,
INNOVACAP,2026-09-29,2026-09-30,persistent,91.72398931849992,-6.080535561738087,0.0,False,True,,,,,,,,,,
IOLCP,2026-09-25,2026-09-30,persistent,86.10303871294518,-4.131650699469214,0.477315822692903,False,True,-0.09305178467823305,-4.255841293649976,-3.868950027335638,-0.09305178467823305,-4.255841293649976,-1.3271985314975754,,,,
IRISDOREME,2026-09-25,2026-09-30,persistent,92.43415922148526,-2.7205859913545516,0.4555855105687012,False,True,1.133786821919558,-5.653819489336898,-5.094486271876553,1.133786821919558,-6.107333064757126,-5.064251264616804,,,,
JASH,2026-09-25,2026-09-30,persistent,90.60371454859872,-1.5174169840899698,2.89351996282583,False,True,0.48834293732202827,-1.768123336140559,-0.8587986521184088,1.5071167087614246,-1.827056669528715,0.7661950012939789,,,,
JASH,2026-09-28,2026-09-30,persistent,89.71750968797673,-2.3631840796019876,-0.8587986521184088,False,True,2.3864098162154956,-0.9766454352441611,1.6390699641719797,,,,,,,
JASH,2026-09-29,2026-09-30,persistent,91.02183953174028,-0.7628483558768662,1.6390699641719797,False,True,,,,,,,,,,
JGCHEM,2026-09-29,2026-09-30,new,85.40482106089713,-1.2814729671071556,6.0969776683881705,False,True,,,,,,,,,,
JHS,2026-09-29,2026-09-30,new,88.1901510814869,-1.797536290150881,17.820654030031548,False,True,,,,,,,,,,
JINDWORLD,2026-09-28,2026-09-30,new,87.00842471850171,-10.39750001842764,4.127460167779784,False,True,0.16430855064926142,-4.4567636684116785,-3.3271698040182596,,,,,,,
JTLIND,2026-09-25,2026-09-30,new,84.6333314351992,-1.8201344531876829,1.1764763661930022,False,True,2.9508498288156826,-5.254498379883577,-3.6090399115405347,2.9508498288156826,-5.682316912113993,-2.5011039020384485,,,,
KABRAEXTRU,2026-09-25,2026-09-30,persistent,99.16056716247928,0.0,4.999385938305201,False,True,4.997635464655348,-0.756146529945223,1.9789696971707293,4.997635464655348,-3.1190954220893907,-1.9612519071683043,,,,
KABRAEXTRU,2026-09-28,2026-09-30,persistent,99.22307371853468,-2.8749845214378844,1.9789696971707291,False,True,-2.4619126917623912,-4.999133776698239,-3.863758984857002,,,,,,,
KABRAEXTRU,2026-09-29,2026-09-30,persistent,98.39508363278898,-6.627661033534582,-3.863758984857002,False,True,,,,,,,,,,
KAMDHENU,2026-09-25,2026-09-30,persistent,85.30095516107667,-8.55835609421447,-0.9419957032173132,False,True,0.9759744709302964,-4.604605091952729,-2.4024001663345507,0.9759744709302964,-6.3813796183278875,-3.8788770584903043,,,,
KINGFA,2026-09-29,2026-09-30,new,85.1615202256182,-1.0614906361361751,2.200814536340845,False,True,,,,,,,,,,
KIRLOSENG,2026-09-29,2026-09-30,new,90.99130554664764,-1.7184942716857663,12.180088491286844,False,True,,,,,,,,,,
KMEW,2026-09-29,2026-09-30,new,85.57650429627677,-1.132289900363781,6.531341126303936,False,True,,,,,,,,,,
KOPRAN,2026-09-25,2026-09-30,persistent,97.16307869364417,-0.929670374042213,5.066283130014293,False,True,3.152567834388864,-3.430221701577274,-2.3055556836670044,3.152567834388864,-3.430221701577274,2.238778035538025,,,,
KOPRAN,2026-09-28,2026-09-30,persistent,95.6927600169034,-5.291311338772364,-2.3055556836670044,False,True,5.155227725774569,-0.7914567030146813,4.651578450551952,,,,,,,
KOPRAN,2026-09-29,2026-09-30,persistent,96.86328938653304,-0.8858623862063486,4.651578450551952,False,True,,,,,,,,,,
KPITTECH,2026-09-25,2026-09-30,new,5.583013897338915,-10.594713228275888,0.4933827897029674,True,False,-0.07701663366569411,-2.5799044636509505,-2.0023149644235794,0.05775659970503888,-4.601467710946727,0.05775659970503888,,,,
KROSS,2026-09-25,2026-09-30,persistent,90.7568280380386,-5.346291478025622,-1.8431655887851897,False,True,1.4634014630938497,-3.5726313131980603,-2.8521238922325165,1.4634014630938497,-5.946911922259979,-2.254828332781167,,,,
KROSS,2026-09-28,2026-09-30,persistent,87.7177554463962,-8.045932513664978,-2.8521238922325165,False,True,2.9589137933278886,-3.1856466183515675,0.6148313101449254,,,,,,,
KROSS,2026-09-29,2026-09-30,persistent,88.17415880189773,-7.480570115807195,0.6148313101449254,False,True,,,,,,,,,,
LANCER,2026-09-25,2026-09-30,new,14.089168347514391,-11.836118235931192,0.2588415235222685,True,False,3.2702247692202535,-1.6351082810201034,0.0,3.2702247692202535,-8.089497329096362,-1.8072292617485552,,,,
LANCER,2026-09-28,2026-09-30,persistent,15.121293768225836,-11.836118235931192,0.0,True,False,2.8399305245791595,-8.089497329096362,-1.8072292617485552,,,,,,,
LAURUSLABS,2026-09-25,2026-09-30,persistent,84.16948339781993,-2.350024214501645,-0.9475842283369174,False,True,0.26407816781888194,-1.1061261171836034,0.18435232545466196,0.8918796419562725,-1.3951170901843502,-1.3951170901843502,,,,
LEXUS,2026-09-28,2026-09-30,new,9.266447082517884,-12.999997820173004,0.0,True,False,2.134640958071543,-7.060760170803193,-2.9556699616713478,,,,,,,
LLOYDSENGG,2026-09-25,2026-09-30,new,92.2286332535118,-1.093832363868119,8.414908798065369,False,True,0.8015431565505882,-3.510551106107429,-2.6278372585702314,4.961444308824525,-3.510551106107429,3.683040759669698,,,,
LLOYDSENGG,2026-09-28,2026-09-30,persistent,89.05614381063415,-3.6929254880343265,-2.627837258570231,False,True,7.7940977726334015,-0.9065361420401374,6.481193228703752,,,,,,,
LLOYDSENGG,2026-09-29,2026-09-30,persistent,94.4832449701943,-1.2179744262983072,6.481193228703752,False,True,,,,,,,,,,
LLOYDSENT,2026-09-25,2026-09-30,new,84.41097401254567,-2.1253112094642757,5.411479543270015,False,True,-0.10041650921722711,-4.7445699336921665,-4.192288709242787,0.9162838881777935,-5.7110525002331824,-0.6777970728482186,,,,
LTM,2026-09-25,2026-09-30,new,16.596635507296327,-10.63494304382754,1.1144130757800852,True,False,1.209892293503545,-1.587069527997187,0.20572868831127966,2.463876993785208,-3.6002939015429836,-3.6002939015429836,,,,
LTM,2026-09-28,2026-09-30,persistent,15.707169852035449,-10.451093484342966,0.2057286883112796,True,False,2.2535121844159844,-3.798208585152707,-3.798208585152707,,,,,,,
MACPOWER,2026-09-25,2026-09-30,persistent,89.2668966406023,-5.1724137931034475,0.0679201531911033,False,True,7.927272727272738,2.593939393939393,6.404853219696971,7.927272727272738,1.1054569128787772,3.1806107954545526,,,,
MACPOWER,2026-09-28,2026-09-30,persistent,92.24879743212422,-1.4105975895664868,6.404853219696971,False,True,-0.2096098355760856,-4.980408455501905,-3.0301648154950622,,,,,,,
MACPOWER,2026-09-29,2026-09-30,persistent,88.7348476447652,-4.39801897321429,-3.0301648154950622,False,True,,,,,,,,,,
MANALIPETC,2026-09-25,2026-09-30,new,84.53289416503576,-4.994384988159883,1.6450561559357313,False,True,2.1618450065771455,-4.075610768396731,-3.106916521446801,2.1618450065771455,-6.887184555185577,-5.280568387629114,,,,
MANINDS,2026-09-25,2026-09-30,persistent,98.2261456987781,-1.8611115220432128,5.971854542033794,False,True,1.033963745828137,-7.512124781978846,-6.566374440448741,1.033963745828137,-11.780266971913244,-5.953839511302405,,,,
MANINDS,2026-09-28,2026-09-30,persistent,95.27666104219551,-8.305278411200256,-6.566374440448741,False,True,1.7674555045472662,-5.580317043505234,0.6555829611427422,,,,,,,
MANINDS,2026-09-29,2026-09-30,persistent,95.6511728970422,-7.704143440196809,0.6555829611427422,False,True,,,,,,,,,,
MARINE,2026-09-25,2026-09-30,new,86.7978756881985,-7.417765573781354,3.0510585305105753,False,True,5.111781002171445,-1.8126888217522619,3.492450080249254,7.4320241691842925,-1.8126888217522619,5.921450151057406,,,,
MARINE,2026-09-28,2026-09-30,persistent,87.23675227251611,-4.184377253266325,3.492450080249254,False,True,3.8066294554629287,-1.214388617186013,2.3470311785301012,,,,,,,
MARINE,2026-09-29,2026-09-30,persistent,90.58648748280442,-1.9355547134977111,2.3470311785301012,False,True,,,,,,,,,,
MAWANASUG,2026-09-25,2026-09-30,new,86.29865042663063,-2.5210053127942555,14.491203430484068,False,True,3.167605929228534,-3.6688088182014744,-2.4993354105979693,3.167605929228534,-5.306069549446624,-3.0673592332346344,,,,
MAXESTATES,2026-09-25,2026-09-30,persistent,85.98057909075378,-8.907776419467107,-3.591109568299955,False,True,-0.34474880080009873,-4.296653120177818,-3.834196231740006,-0.34474880080009873,-5.927856479066584,-4.271424093371623,,,,
MBLINFRA,2026-09-25,2026-09-30,new,13.586778197032316,-10.886075277012196,1.052637438845072,True,False,2.272725014975663,-2.935609917598392,-1.5151590409901994,3.4090875224634942,-2.935609917598392,3.077649586655351,,,,
MEGASTAR,2026-09-29,2026-09-30,new,13.82270627972703,-12.661725525002876,1.9532786085852736,True,False,,,,,,,,,,
MITCON,2026-09-25,2026-09-30,persistent,84.33570000689323,-6.538130045516688,-2.778715245863972,False,True,2.224271499185315,-9.819058398854075,-4.114325035080535,2.224271499185315,-9.819058398854075,-4.7366522299911225,,,,
MITTAL,2026-09-28,2026-09-30,new,4.043055676270226,-15.47619039171677,0.0,True,False,2.8169072021973385,0.0,1.4084577986089863,,,,,,,
MITTAL,2026-09-29,2026-09-30,persistent,6.088790718723494,-14.285708203607484,1.4084577986089863,True,False,,,,,,,,,,
MMP,2026-09-25,2026-09-30,persistent,90.28904187183998,-7.580321285140568,1.3878153152456552,False,True,0.8039135702403666,-4.334603412717286,-1.738185768604017,0.8039135702403666,-4.334603412717286,-2.7593725599198926,,,,
MMP,2026-09-28,2026-09-30,persistent,87.19984055673274,-9.18674698795181,-1.738185768604017,False,True,2.0784950572657612,-2.1116612035309457,-1.0392509026050378,,,,,,,
MMP,2026-09-29,2026-09-30,persistent,85.87249333904772,-9.949700645277924,-1.0392509026050378,False,True,,,,,,,,,,
MOREPENLAB,2026-09-25,2026-09-30,persistent,94.57562615948522,-5.063095933617046,3.2418514826445977,False,True,4.851307609677957,-0.7974739212293636,0.2741334429174236,4.851307609677957,-2.500410845249834,-1.3125055970337307,,,,
MOREPENLAB,2026-09-28,2026-09-30,persistent,92.90347388517088,-4.802842129900653,0.2741334429174236,False,True,1.640297715144512,-2.7669591278459804,-1.5823014225840981,,,,,,,
MOREPENLAB,2026-09-29,2026-09-30,persistent,90.58021764605392,-6.309148113138862,-1.582301422584098,False,True,,,,,,,,,,
MUKANDLTD,2026-09-25,2026-09-30,new,86.44587770221872,-0.5358701475664418,7.593719542739508,False,True,4.13049612118026,0.25142062931611253,2.3825176024126815,4.280151910125407,-0.9817416101095877,3.25651142892871,,,,
MUKANDLTD,2026-09-28,2026-09-30,persistent,87.80083378039389,-1.6786422651183686,2.3825176024126815,False,True,1.8534749409873985,-3.2859703895804504,0.8536553378283296,,,,,,,
MUKANDLTD,2026-09-29,2026-09-30,persistent,88.19640893002178,-0.981625421948884,0.8536553378283296,False,True,,,,,,,,,,
MVGJL,2026-09-25,2026-09-30,persistent,91.06896520720132,-1.953244964599732,4.459963545133805,False,True,1.1676598004157546,-4.180410321192129,-3.7614770735985292,1.1676598004157546,-7.745790402264053,-5.250021625344592,,,,
MVGJL,2026-09-28,2026-09-30,persistent,87.28731856584977,-5.641251176663619,-3.7614770735985297,False,True,1.6671254996875273,-4.140039983482014,-1.546724229012153,,,,,,,
MVGJL,2026-09-29,2026-09-30,persistent,85.22548934397487,-7.10072080690688,-1.546724229012153,False,True,,,,,,,,,,
MWL,2026-09-28,2026-09-30,new,84.81299882215782,-9.45833524068197,0.9055012593726764,False,True,3.2903827319377132,-0.9203813152507623,-0.1380523696678737,,,,,,,
MWL,2026-09-29,2026-09-30,persistent,85.64173217726974,-3.555552164713538,-0.1380523696678737,False,True,,,,,,,,,,
NACLIND,2026-09-25,2026-09-30,persistent,11.026287159721992,-12.096419720897355,0.2440223450961287,True,False,0.23627252479485605,-2.6276209759135694,-2.2481559610606494,0.23627252479485605,-7.1024545707704885,-5.169328642769644,,,,
NEOGEN,2026-09-29,2026-09-30,new,86.8912638875985,-2.576305300704551,1.6275090433300443,False,True,,,,,,,,,,
NILASPACES,2026-09-29,2026-09-30,new,9.377368047209591,-15.963854880927508,1.4545440673828125,True,False,,,,,,,,,,
NOIDATOLL,2026-09-29,2026-09-30,new,15.389374245117049,-10.975605359324126,1.955312099250328,True,False,,,,,,,,,,
NOVARTIND,2026-09-25,2026-09-30,persistent,89.15569395284436,-22.917648016237745,-0.2942096356039592,False,True,3.530729816649214,-2.2181510036364593,-1.5567753340460677,3.530729816649214,-3.083026879254658,-2.1113146375385416,,,,
NOVARTIND,2026-09-28,2026-09-30,persistent,86.76167127713458,-18.01542072572101,-1.5567753340460675,False,True,2.84237726098191,-1.5503875968992276,-0.5633087552487037,,,,,,,
NOVARTIND,2026-09-29,2026-09-30,persistent,85.22160516212564,-12.341686761460702,-0.5633087552487037,False,True,,,,,,,,,,
NRAIL,2026-09-25,2026-09-30,persistent,92.5438753705108,-1.1313868613138656,6.193649549196389,False,True,4.304174885797352,-6.533776301218164,-4.3780028666020705,4.304174885797352,-6.533776301218164,-2.473237356958291,,,,
NRAIL,2026-09-28,2026-09-30,persistent,88.25766871165644,-8.323902434303832,-4.3780028666020705,False,True,5.775173845586323,-1.1735602026638703,1.9919741970945593,,,,,,,
NRAIL,2026-09-29,2026-09-30,persistent,89.66683550070282,-6.497738225891936,1.9919741970945593,False,True,,,,,,,,,,
NRBBEARING,2026-09-25,2026-09-30,persistent,90.4884478557578,-2.551020464905951,1.1155158076316063,False,True,4.693350260660534,-1.982044844406572,1.2528070979734185,4.693350260660534,-1.982044844406572,1.168661208425359,,,,
NRBBEARING,2026-09-28,2026-09-30,persistent,91.40600190013218,-3.2863053423364597,1.2528070979734185,False,True,1.4404409589970024,-1.791322660578254,-0.08310474737419637,,,,,,,
NRBBEARING,2026-09-29,2026-09-30,persistent,90.8377185226922,-3.3666790139579628,-0.0831047473741963,False,True,,,,,,,,,,
OAL,2026-09-25,2026-09-30,persistent,92.5250418838282,-6.377188699287284,0.2536232673405303,False,True,4.562910985092383,-2.220563305343204,3.6540802225973223,4.562910985092383,-2.220563305343204,1.5365784309442132,,,,
OAL,2026-09-28,2026-09-30,persistent,92.63740742849778,-2.956136067708337,3.6540802225973223,False,True,0.3344437321316507,-4.148967042230833,-2.042854258226756,,,,,,,
OAL,2026-09-29,2026-09-30,persistent,91.5397304449726,-4.938600774396928,-2.042854258226756,False,True,,,,,,,,,,
ONEPOINT,2026-09-25,2026-09-30,persistent,90.44647711299793,-3.8674074485440024,0.4184113774959863,False,True,3.376434663277861,-1.422410754991088,-0.24425024809234808,6.321841411411722,-2.198274156379132,2.9023050527968275,,,,
ONEPOINT,2026-09-28,2026-09-30,persistent,90.23276319378051,-4.102211544348544,-0.244250248092348,False,True,6.582168622694851,-1.958808302425108,3.1542595877577684,,,,,,,
ONEPOINT,2026-09-29,2026-09-30,persistent,91.742894734476,-3.216212504618876,3.1542595877577684,False,True,,,,,,,,,,
OPTIEMUS,2026-09-25,2026-09-30,persistent,95.78774264897604,-10.827018630197928,-2.936661830714171,False,True,9.274278261579028,-0.5998270207883238,6.776089281025888,9.274278261579028,-0.5998270207883238,4.963420344070757,,,,
OPTIEMUS,2026-09-28,2026-09-30,persistent,97.33901774555612,-4.784577798027556,6.776089281025888,False,True,0.11729269618041549,-3.5557734871182634,-1.6976356309363672,,,,,,,
OPTIEMUS,2026-09-29,2026-09-30,persistent,96.7169132742514,-6.400988731474733,-1.6976356309363672,False,True,,,,,,,,,,
ORBTEXP,2026-09-29,2026-09-30,new,88.3084627810862,-1.86891020014045,15.346694609653744,False,True,,,,,,,,,,
PAISALO,2026-09-25,2026-09-30,persistent,95.89876551350024,-6.1762234190415155,-0.4807158410800038,False,True,-0.3482336219767679,-17.524150822731066,-10.58189005186737,-0.3482336219767679,-17.524150822731066,-11.716468994034901,,,,
PASUPTAC,2026-09-25,2026-09-30,persistent,89.84619119405625,-6.667484448151884,-0.4983570536629123,False,True,0.7512846634896153,-5.799395500980298,-4.507718036815167,0.7512846634896153,-6.3529715570510685,-0.8830971056871695,,,,
PASUPTAC,2026-09-29,2026-09-30,new,87.49000332672983,-7.491701191655286,3.795721346909908,False,True,,,,,,,,,,
PAVNAIND,2026-09-25,2026-09-30,new,12.36362655509634,-13.389357379531708,1.111838304238577,True,False,3.4928846088007504,-1.9404928201463445,0.45277939619339236,3.4928846088007504,-2.6520041811154638,2.005177353504428,,,,
PAVNAIND,2026-09-28,2026-09-30,persistent,13.80464003884182,-12.997202234835536,0.4527793961933923,True,False,3.026402286607688,-3.0907891209892124,1.545400701346722,,,,,,,
PCJEWELLER,2026-09-25,2026-09-30,persistent,91.6056296660383,-5.047106442314031,-0.9824585496333582,False,True,3.756206233461512,-4.606659350432196,-4.181426033092572,3.756206233461512,-7.795885574489436,-6.236712514904119,,,,
PCJEWELLER,2026-09-28,2026-09-30,persistent,87.07340684107524,-9.017491452709791,-4.181426033092572,False,True,1.183430783985151,-3.7721909143055954,-2.1449771132279416,,,,,,,
PGIL,2026-09-25,2026-09-30,persistent,91.46770524574342,-1.9114409161669732,4.357726214187974,False,True,2.166883557079924,-3.0321215482715047,-2.4828831996217438,2.166883557079924,-3.934988166315778,-2.911741169419102,,,,
PGIL,2026-09-28,2026-09-30,persistent,87.82027866607125,-4.551148664629556,-2.482883199621744,False,True,2.847004483383375,-1.489077009594686,-0.43977712207718955,,,,,,,
PRECWIRE,2026-09-25,2026-09-30,persistent,90.4105724073236,-1.1019295491937808,2.802211572522939,False,True,-0.5173111961682131,-5.949063576080837,-4.367292467264794,2.2085169058333465,-5.949063576080837,-0.48746760391535915,,,,
PREMIERPOL,2026-09-29,2026-09-30,new,86.29865042663062,-9.537736424859968,3.3186099688346404,False,True,,,,,,,,,,
PRIMO,2026-09-28,2026-09-30,new,90.60258765633382,-5.604027245131816,11.273727835089195,False,True,3.519380405270578,-7.7852779667459515,-2.6661927564009202,,,,,,,
PRIMO,2026-09-29,2026-09-30,persistent,88.60149073460788,-8.120805833056298,-2.66619275640092,False,True,,,,,,,,,,
PRITIKAUTO,2026-09-28,2026-09-30,new,87.84353580430437,-0.5795506093567049,9.965040833489123,False,True,5.193426065984963,-6.942243322890251,-2.490732378378735,,,,,,,
PRITIKAUTO,2026-09-29,2026-09-30,persistent,84.33731841599707,-7.304789597349581,-2.490732378378735,False,True,,,,,,,,,,
PROTEAN,2026-09-25,2026-09-30,new,86.41150748813915,-0.6401513415441706,7.59404923638789,False,True,4.097290761953265,-2.273058046844989,0.11582275645436457,4.097290761953265,-4.249317518803853,-3.4819729792852527,,,,
PROTEAN,2026-09-28,2026-09-30,persistent,86.74295767260783,-3.824756606397772,0.1158227564543645,False,True,1.1424474929953021,-4.360090298490604,-3.593633490374182,,,,,,,
QPOWER,2026-09-25,2026-09-30,persistent,86.77303610550828,-3.0779023736829503,1.1799262402676811,False,True,4.994065378791945,-1.4231187878091855,4.93476742220289,7.919353492225789,-1.4231187878091855,6.357886210012076,,,,
QPOWER,2026-09-28,2026-09-30,persistent,90.69997991973892,-0.0564774364866349,4.93476742220289,False,True,2.8442299376473468,-2.536567061110573,1.356193779020165,,,,,,,
QPOWER,2026-09-29,2026-09-30,persistent,91.68936735189308,-1.4468834659264296,1.356193779020165,False,True,,,,,,,,,,
QUADFUTURE,2026-09-25,2026-09-30,persistent,94.79969789696727,-2.179741279426395,9.41247135851464,False,True,3.1780866509703243,-3.6347076555365287,-2.9223744292237397,3.1780866509703243,-4.821922267408674,-0.9771644905821941,,,,
QUADFUTURE,2026-09-28,2026-09-30,persistent,92.66306220984772,-5.9125549602704215,-2.9223744292237397,False,True,4.233301975540926,-1.956730839898868,2.0037675285159873,,,,,,,
QUADFUTURE,2026-09-29,2026-09-30,persistent,93.82132763493485,-4.027261288153994,2.0037675285159873,False,True,,,,,,,,,,
RAMRAT,2026-09-29,2026-09-30,new,85.21561105433359,-1.0508495266154716,2.7455077878902667,False,True,,,,,,,,,,
RATNAVEER,2026-09-25,2026-09-30,persistent,93.5284075753534,-2.85090553977273,3.0868960096254394,False,True,1.9463990904034834,-1.482261424192588,-0.8983380417246889,1.9463990904034834,-3.0393843518622288,-0.8384543219633112,,,,
RATNAVEER,2026-09-28,2026-09-30,persistent,92.54977357257816,-3.7236328125,-0.8983380417246889,False,True,1.3748262955562085,-2.160454494737918,0.0604265544876359,,,,,,,
RATNAVEER,2026-09-29,2026-09-30,persistent,90.98081585801158,-3.665456321022731,0.0604265544876359,False,True,,,,,,,,,,
RAYMOND,2026-09-25,2026-09-30,persistent,99.44058790209225,-2.2224906413755963,-0.5980771124218021,False,True,3.288344527064635,-4.566917920786551,-1.3955687044225562,3.288344527064635,-4.566917920786551,-0.9108782176643238,,,,
RAYMOND,2026-09-28,2026-09-30,persistent,99.31872769068006,-4.534793594508491,-1.3955687044225562,False,True,2.0255117083844087,-1.4788721466147292,0.49155041045296777,,,,,,,
RAYMOND,2026-09-29,2026-09-30,persistent,99.31473561489057,-4.065533980582526,0.4915504104529677,False,True,,,,,,,,,,
RAYMONDREL,2026-09-25,2026-09-30,persistent,92.89813912923596,-4.131009355049386,0.4235493507980692,False,True,0.1687069067377145,-6.059324662674137,-5.391533283295891,0.1687069067377145,-8.336846451658964,-5.447771779138366,,,,
RAYMONDREL,2026-09-28,2026-09-30,persistent,87.49212524088821,-9.299817894031715,-5.391533283295891,False,True,1.8129150732934196,-3.1131602388003277,-0.059443406910797414,,,,,,,
RAYMONDREL,2026-09-29,2026-09-30,persistent,87.70775727459906,-9.3537331723498,-0.0594434069107974,False,True,,,,,,,,,,
REDINGTON,2026-09-25,2026-09-30,persistent,89.75105271518098,-2.920143027413591,0.2091550482975934,False,True,0.6138735420503361,-2.001226248369403,-0.5893171016536192,0.9453667534722321,-2.001226248369403,-0.44198595284682396,,,,
REDINGTON,2026-09-28,2026-09-30,persistent,87.83895630595126,-3.492251226813914,-0.5893171016536192,False,True,1.5437816242497293,-0.9386237503415829,0.14820454352724166,,,,,,,
REDINGTON,2026-09-29,2026-09-30,persistent,88.58470723279017,-3.349222358276205,0.1482045435272416,False,True,,,,,,,,,,
REMSONSIND,2026-09-25,2026-09-30,persistent,87.63313063258816,-12.048192494215629,5.111591221005862,False,True,11.301366954924541,-0.6849341017596489,3.073626921310768,11.301366954924541,-5.736305139193975,-4.486305955695924,,,,
REMSONSIND,2026-09-28,2026-09-30,persistent,89.0437599839358,-9.344882060938408,3.073626921310768,False,True,-0.3654808901378481,-8.54722233382793,-7.334497778736515,,,,,,,
RETAIL,2026-09-28,2026-09-30,new,86.95597627532136,0.0,19.990031583450257,False,True,19.983379837668537,19.6510162119089,19.983379837668537,,,,,,,
RETAIL,2026-09-29,2026-09-30,persistent,94.0567761890062,0.0,19.983379837668537,False,True,,,,,,,,,,
RGL,2026-09-25,2026-09-30,persistent,91.17286707166856,-3.6421183658838063,0.7035466912055144,False,True,-0.3403638383375651,-3.4453957308191785,-2.531800001348483,-0.3403638383375651,-4.126114296137673,-1.910788156038179,,,,
RGL,2026-09-28,2026-09-30,persistent,87.56983285430421,-6.081707214395726,-2.531800001348483,False,True,1.6969946363807997,-1.635727647387819,0.6371430326187255,,,,,,,
RGL,2026-09-29,2026-09-30,persistent,88.56300856258298,-5.483313355557784,0.6371430326187255,False,True,,,,,,,,,,
RML,2026-09-25,2026-09-30,persistent,85.1116132841417,-6.610634506110113,-2.9718226114554436,False,True,2.8435282611734003,-1.4898338134106903,0.2722510363005748,6.4130623630367145,-1.7998977500770397,4.431670076536043,,,,
RML,2026-09-28,2026-09-30,persistent,85.26375572811925,-4.953403267809142,0.2722510363005748,False,True,6.12413829675873,-2.066522657028458,4.148125724962215,,,,,,,
RML,2026-09-29,2026-09-30,persistent,90.64668031325206,-1.8619822064146472,4.148125724962215,False,True,,,,,,,,,,
ROLEXRINGS,2026-09-25,2026-09-30,new,87.18037169462418,-0.7519157210644223,7.684252334491215,False,True,1.586890579918343,-2.4776101589241706,-0.9726179144661007,1.586890579918343,-3.173796781836713,-2.4417732907227485,,,,
ROLEXRINGS,2026-09-28,2026-09-30,persistent,86.74427637632208,-2.519526367795333,-0.9726179144661008,False,True,1.736883258390809,-2.2227982008747538,-1.4835849896422393,,,,,,,
ROSSTECH,2026-09-25,2026-09-30,persistent,94.78749389350268,-6.797345437084723,-1.1417346510285251,False,True,0.5774647421554979,-4.313110580025025,-0.2780282654527677,6.223715111360129,-4.313110580025025,5.631995633421116,,,,
ROSSTECH,2026-09-28,2026-09-30,persistent,94.3770533565505,-7.056475160921927,-0.2780282654527677,False,True,6.519870459561372,-1.6442664567583254,5.92650124749432,,,,,,,
ROSSTECH,2026-09-29,2026-09-30,persistent,96.7420765387624,-1.548176001868773,5.92650124749432,False,True,,,,,,,,,,
RPGLIFE,2026-09-25,2026-09-30,new,87.37271062545518,-2.468186903469072,5.1967378319059065,False,True,1.2227038449306171,-3.9303790285882823,-3.13053159846719,2.438861206387255,-4.074609743952462,1.2653200117996866,,,,
RPGLIFE,2026-09-29,2026-09-30,new,87.21535330769852,-1.2340973544876066,4.537912391596555,False,True,,,,,,,,,,
RPTECH,2026-09-25,2026-09-30,persistent,89.78644192758519,-0.8824032520468372,1.0752688172043,False,True,0.0,-3.0011184538598856,-1.0134364829752274,4.703247480403139,-3.0011184538598856,3.622617646801518,,,,
RPTECH,2026-09-28,2026-09-30,persistent,85.33128534650439,-1.8868971385388569,-1.0134364829752274,False,True,5.775212069459457,-1.4027970182502014,4.683518616119442,,,,,,,
RPTECH,2026-09-29,2026-09-30,persistent,92.03190663577702,-1.0320881726269882,4.683518616119442,False,True,,,,,,,,,,
RUBYMILLS,2026-09-25,2026-09-30,persistent,95.10198075291989,-4.495144445919297,-0.5560048455447109,False,True,6.129916340824226,-1.0267395034827098,3.8121377995985695,6.129916340824226,-1.392702250383615,-0.010169423589756477,,,,
RUBYMILLS,2026-09-28,2026-09-30,persistent,96.6676776728476,-2.1839068767211423,3.8121377995985695,False,True,0.009790010256804926,-5.0137104969649515,-3.681946354449428,,,,,,,
RUBYMILLS,2026-09-29,2026-09-30,persistent,93.71560356169886,-5.785442951538567,-3.681946354449428,False,True,,,,,,,,,,
SAKAR,2026-09-25,2026-09-30,persistent,91.9487923371326,-7.643208673091662,0.6468412070331109,False,True,0.8936060775831312,-5.357219429841297,-4.067434270801684,0.8936060775831312,-5.357219429841297,-1.2325571423090431,,,,
SAKAR,2026-09-28,2026-09-30,persistent,85.3822592391679,-11.399760454935128,-4.067434270801684,False,True,3.6112489977777162,-0.7341806837752207,2.9550727711119773,,,,,,,
SAKAR,2026-09-29,2026-09-30,persistent,89.62672293135847,-8.78155890099892,2.9550727711119773,False,True,,,,,,,,,,
SALSTEEL,2026-09-25,2026-09-30,persistent,97.60398128639548,-0.1280439020689194,4.8504559133877745,False,True,3.525644343541523,-3.579058257193579,-0.6089740428594337,4.358976386289948,-3.579058257193579,3.7179523650267443,,,,
SALSTEEL,2026-09-28,2026-09-30,persistent,96.8326115428534,-3.993810821095267,-0.6089740428594337,False,True,4.998389322685592,-1.107168432561667,4.353437713533648,,,,,,,
SALSTEEL,2026-09-29,2026-09-30,persistent,97.45948732396052,-0.6142490502114795,4.353437713533648,False,True,,,,,,,,,,
SAMBHV,2026-09-25,2026-09-30,persistent,93.12020883471548,-1.5529355254581878,4.4368564451007675,False,True,1.9042225190274653,-3.846150895542888,-3.217694365448398,2.9411815473747493,-4.160379160590133,1.9607908947450348,,,,
SAMBHV,2026-09-28,2026-09-30,persistent,89.83137375959431,-5.026206724181126,-3.217694365448398,False,True,6.363638345297273,-0.9740259740259716,5.350652917639009,,,,,,,
SAMBHV,2026-09-29,2026-09-30,persistent,93.08574271491123,-0.9523794441571698,5.350652917639009,False,True,,,,,,,,,,
SANSERA,2026-09-25,2026-09-30,persistent,96.5286623249346,-1.7097100802413778,1.233276955947704,False,True,-0.006430265395063195,-4.855866229534289,-4.4011605895946,-0.006430265395063195,-10.89138244945984,-6.438737845724951,,,,
SANSERA,2026-09-28,2026-09-30,persistent,92.00594016082192,-6.035623583588068,-4.4011605895946,False,True,2.082020116240124,-6.789017418927812,-2.131382837591822,,,,,,,
SANSERA,2026-09-29,2026-09-30,persistent,88.31760978957684,-8.038364175977652,-2.131382837591822,False,True,,,,,,,,,,
SBC,2026-09-25,2026-09-30,persistent,95.87809782983328,-1.3397863755401085,10.435330788135875,False,True,7.317995161478907,0.07544495507729732,0.980762831524129,7.317995161478907,0.07544495507729732,3.2251962838719006,,,,
SBC,2026-09-28,2026-09-30,persistent,95.98508066570562,-5.905097575126406,0.980762831524129,False,True,3.212546463567656,0.7284261915941226,2.222634677549795,,,,,,,
SBC,2026-09-29,2026-09-30,persistent,96.50382274224437,-3.813711644024531,2.222634677549795,False,True,,,,,,,,,,
SBCL,2026-09-25,2026-09-30,persistent,90.37644195755573,-2.655986509274877,0.9884577773592084,False,True,0.20788431477372082,-5.153746210480725,-3.837163172639668,0.20788431477372082,-5.517535831258124,-3.741875372184933,,,,
SETL,2026-09-25,2026-09-30,persistent,89.33046415373688,-14.0126042846902,-0.0620655430924377,False,True,4.993170218117893,-2.1239567885332877,4.993170218117893,8.719415518046825,-2.1239567885332877,6.558197792727327,,,,
SETL,2026-09-28,2026-09-30,persistent,93.0663337938806,-4.969085127266015,4.993170218117893,False,True,3.549035896513897,-1.5497427865982627,1.4905994088550534,,,,,,,
SETL,2026-09-29,2026-09-30,persistent,93.74460305519672,-1.9878857102214045,1.4905994088550534,False,True,,,,,,,,,,
SGL,2026-09-28,2026-09-30,new,15.27319644789172,-10.675809485948996,0.9966794601252716,True,False,4.714915686091814,-2.9605209153223955,2.521935293824251,,,,,,,
SHANTIGEAR,2026-09-25,2026-09-30,persistent,88.35239959120186,-9.177004275870582,0.0450263103892956,False,True,0.48758533636181767,-4.995872538116641,-4.98837305662475,0.48758533636181767,-9.736698607376503,-9.736698607376503,,,,
SHANTIGOLD,2026-09-25,2026-09-30,persistent,95.2995105810988,-2.2246250993958383,14.829701108067228,False,True,-2.913900284879467,-7.145047143512273,-5.192214456644106,-2.913900284879467,-8.852243681105165,-5.781744963072121,,,,
SHANTIGOLD,2026-09-28,2026-09-30,persistent,92.42190726515835,-7.301332250022973,-5.192214456644106,False,True,2.014444875479038,-3.8604732759920046,-0.621816555517396,,,,,,,
SHANTIGOLD,2026-09-29,2026-09-30,persistent,91.65678937604336,-7.877747912836397,-0.621816555517396,False,True,,,,,,,,,,
SHAREINDIA,2026-09-25,2026-09-30,persistent,87.26692661114126,-10.169278065414456,-1.0526367345198295,False,True,0.17651482902178994,-2.78599202076395,-1.6792238792411318,1.669688045762685,-3.530194670764797,-1.8795928504833692,,,,
SHAREINDIA,2026-09-28,2026-09-30,persistent,84.31649488552753,-11.677736999034716,-1.6792238792411318,False,True,3.4061081056669495,-1.8825835846233319,-0.2037910797166087,,,,,,,
SHILPAMED,2026-09-25,2026-09-30,persistent,91.99377212200406,-5.725580259811047,0.6105454669504518,False,True,2.521090086853661,-1.5244967211934912,1.164338413423227,5.688486130002568,-1.5244967211934912,4.173860307214405,,,,
SHILPAMED,2026-09-28,2026-09-30,persistent,92.84812429381915,-4.627906976744189,1.164338413423227,False,True,4.4720775992135975,-0.6388673780023169,2.974884174591552,,,,,,,
SHILPAMED,2026-09-29,2026-09-30,persistent,93.5416185889271,-1.7906976744186065,2.974884174591552,False,True,,,,,,,,,,
SHIVALIK,2026-09-25,2026-09-30,persistent,92.59838578677162,-6.511783494369605,-0.5478451261564099,False,True,5.667766729004353,-1.0894875931049652,-0.12241400050357898,5.667766729004353,-1.6525890067983662,0.7099997086092324,,,,
SHIVALIK,2026-09-28,2026-09-30,persistent,92.23696506334274,-6.6262261601935935,-0.1224140005035789,False,True,2.8434796516320526,-1.5320504505410226,0.8334339489512788,,,,,,,
SHIVALIK,2026-09-29,2026-09-30,persistent,92.29519182643462,-5.848017429595654,0.8334339489512788,False,True,,,,,,,,,,
SHIVAUM,2026-09-25,2026-09-30,persistent,91.82308390851792,-1.7998086821011785,-0.5943137642242413,False,True,7.811429301242279,0.3626396404291743,6.674511166897323,7.811429301242279,0.3626396404291743,6.909738496386386,,,,
SHIVAUM,2026-09-28,2026-09-30,persistent,95.26075268011546,-1.0545432350852255,6.674511166897323,False,True,0.8452729663275926,-0.4042653725987555,0.22050940465152546,,,,,,,
SHIVAUM,2026-09-29,2026-09-30,persistent,95.17429366932306,-0.8363591974431817,0.2205094046515254,False,True,,,,,,,,,,
SHRADHA,2026-09-29,2026-09-30,new,15.88626180464603,-15.2435569328786,0.3392143250424917,True,False,,,,,,,,,,
SHREEJISPG,2026-09-25,2026-09-30,persistent,94.9276960747585,-0.2055686728075212,3.8076895289653745,False,True,1.2558990037508488,-1.4552477944566045,0.04651147322212168,1.9469683223123369,-1.4552477944566045,1.4419530081623888,,,,
SHREEJISPG,2026-09-28,2026-09-30,persistent,94.33147416089984,-1.194387233166461,0.0465114732221216,False,True,1.8995733295497086,0.15940651255181848,1.394792796262334,,,,,,,
SHREEJISPG,2026-09-29,2026-09-30,persistent,95.33787287096784,-0.4953706053850704,1.394792796262334,False,True,,,,,,,,,,
SHREEPUSHK,2026-09-25,2026-09-30,new,84.83671151258314,-3.4255748486700988,2.8243409669548747,False,True,0.8003198119241661,-2.7665251136667512,-1.8179985992247238,0.8003198119241661,-5.829463632369225,-4.772254614965899,,,,
SMCGLOBAL,2026-09-28,2026-09-30,new,90.67715435726682,-3.7136065313296607,13.58645454453895,False,True,10.048335190528102,-8.053071645293041,-4.371078734203215,,,,,,,
SMCGLOBAL,2026-09-29,2026-09-30,persistent,85.76397601158061,-13.102800600996645,-4.371078734203215,False,True,,,,,,,,,,
SMLMAH,2026-09-25,2026-09-30,persistent,94.4553723689613,-1.058201058201058,3.369680448281076,False,True,0.8570800673943335,-4.988645520474688,-4.541791810123796,0.8570800673943335,-4.988645520474688,-3.0620467365028214,,,,
SMLMAH,2026-09-28,2026-09-30,persistent,89.76259736678846,-5.551931579328839,-4.541791810123796,False,True,2.217788350855643,-0.4604404880669155,1.550149643158627,,,,,,,
SMLMAH,2026-09-29,2026-09-30,persistent,91.13034487099182,-4.0878451837355945,1.550149643158627,False,True,,,,,,,,,,
SMSPHARMA,2026-09-25,2026-09-30,persistent,90.7001897135116,-3.933666038395689,0.2004033818151285,False,True,0.21052631578948322,-3.157894736842104,-2.70526444284539,1.6421026932565752,-4.4947381270559195,0.9263145045230292,,,,
SMSPHARMA,2026-09-28,2026-09-30,persistent,87.5742924705015,-6.5325144126040735,-2.70526444284539,False,True,4.468244978730795,-1.8392297116212597,3.7325544147607914,,,,,,,
SMSPHARMA,2026-09-29,2026-09-30,persistent,90.33320046394394,-3.0437896529458164,3.7325544147607914,False,True,,,,,,,,,,
SOFTTECH,2026-09-25,2026-09-30,persistent,84.23727675694792,-11.96330499211583,-1.3163357164494238,False,True,4.418510368153439,0.4585269410178894,3.167989285900119,6.2942919915334405,0.4585269410178894,4.804088973944065,,,,
SOFTTECH,2026-09-28,2026-09-30,persistent,89.02982967742709,-9.174311926605505,3.167989285900119,False,True,3.0303030303030276,-2.1111135771780365,1.5858598188920547,,,,,,,
SOFTTECH,2026-09-29,2026-09-30,persistent,90.70134657631549,-7.733943834217316,1.5858598188920547,False,True,,,,,,,,,,
SOLARA,2026-09-25,2026-09-30,persistent,88.2652212874744,-4.502580825056524,1.6223343952983749,False,True,1.467898968756498,-2.0834774951499657,-0.3855829705685321,3.889602793802327,-2.0834774951499657,1.4476020859712557,,,,
SOLARA,2026-09-28,2026-09-30,persistent,87.16435543860385,-4.870802610727553,-0.3855829705685321,False,True,4.291733959661426,-0.8420497500774893,1.840280866170363,,,,,,,
SOLARA,2026-09-29,2026-09-30,persistent,88.70448149469073,-2.350572763934722,1.840280866170363,False,True,,,,,,,,,,
SOMANYCERA,2026-09-25,2026-09-30,persistent,88.26301545580694,-0.7945444955106296,2.691702727288403,False,True,1.4966426960109525,-1.3024816684674478,0.32359842075913026,1.4966426960109525,-1.3024816684674478,-0.6795586586821778,,,,
SOMANYCERA,2026-09-28,2026-09-30,persistent,87.82966543887359,-1.1557468740765795,0.3235984207591302,False,True,0.790262803085251,-1.507939000082592,-0.9999213497446924,,,,,,,
SOMANYCERA,2026-09-29,2026-09-30,persistent,86.54397727034325,-2.144111664078374,-0.9999213497446924,False,True,,,,,,,,,,
SPLPETRO,2026-09-25,2026-09-30,persistent,90.34048929901908,-2.1134593993325956,0.0113621528768703,False,True,0.4886349764737119,-2.500000000000002,-1.7215936834161893,0.4886349764737119,-6.812501387162639,-5.471593683416199,,,,
SPLPETRO,2026-09-28,2026-09-30,persistent,87.69240037043585,-3.798667899228314,-1.7215936834161891,False,True,1.9714458356287157,-5.1800877675479695,-3.8156906898959453,,,,,,,
SRHHYPOLTD,2026-09-25,2026-09-30,persistent,84.68488076221075,-11.223882418959883,-1.8076784493654576,False,True,2.2108313187524153,-4.825153462683129,-4.169466762262419,2.2108313187524153,-5.833895917817211,-3.2447861783895138,,,,
SSDL,2026-09-25,2026-09-30,new,86.83345671205205,-0.9324357316300658,10.573143565866072,False,True,17.310057105463184,3.6693527908744583,11.199016993433574,18.37403037687608,3.6693527908744583,14.472788110341185,,,,
SSDL,2026-09-28,2026-09-30,persistent,92.14704145824656,-5.209306228992549,11.199016993433574,False,True,6.45240720416278,0.8218913468230893,2.9440647996923586,,,,,,,
SSDL,2026-09-29,2026-09-30,persistent,93.15100656055095,-3.295691000901324,2.9440647996923586,False,True,,,,,,,,,,
SSWL,2026-09-25,2026-09-30,persistent,92.79796559981538,-3.9436947183303928,0.7045982061895995,False,True,2.970297029702973,-0.7260726072607304,2.613859774649341,6.851488371493408,-0.7260726072607304,5.782176606332512,,,,
SSWL,2026-09-28,2026-09-30,persistent,94.33038323328168,-1.4329175935584582,2.613859774649341,False,True,4.129684436537473,-2.5858710795826023,3.0876110095079845,,,,,,,
SSWL,2026-09-29,2026-09-30,persistent,95.51933849026406,-1.000745784132839,3.0876110095079845,False,True,,,,,,,,,,
STARTECK,2026-09-28,2026-09-30,new,85.58882818189718,-0.3174603174603163,19.619047619047624,False,True,11.46496815286624,0.5095560839221802,6.8152846804090395,,,,,,,
STARTECK,2026-09-29,2026-09-30,persistent,89.38650306748465,-4.171430315290181,6.8152846804090395,False,True,,,,,,,,,,
STEELCAS,2026-09-25,2026-09-30,new,89.51448925706032,-3.683805096271675,5.226387044443248,False,True,0.9428918440819833,-2.9614857626784508,-1.527224435590968,1.0889790447584646,-3.5590953244314383,-1.2483432156789709,,,,
STEELCAS,2026-09-28,2026-09-30,persistent,86.81314867485261,-5.154769560272843,-1.527224435590968,False,True,2.6567784500379332,-2.063383384082096,0.283206417523596,,,,,,,
STEELCAS,2026-09-29,2026-09-30,persistent,85.83872253574737,-4.886161780952502,0.283206417523596,False,True,,,,,,,,,,
STLNETWORK,2026-09-25,2026-09-30,persistent,99.4175825163864,0.0,4.999043208470755,False,True,3.460903439891516,-4.999083522659486,-4.669473005970238,3.460903439891516,-9.430509921845164,-9.430509921845164,,,,
STLNETWORK,2026-09-28,2026-09-30,persistent,99.19054968965506,-7.85840464904245,-4.669473005970238,False,True,-1.8632370248087948,-4.9942416831211816,-4.9942416831211816,,,,,,,
STLNETWORK,2026-09-29,2026-09-30,persistent,98.4550007342782,-12.46017861155282,-4.9942416831211816,False,True,,,,,,,,,,
SUBEXLTD,2026-09-25,2026-09-30,persistent,94.35376025367064,-6.096488755091912,3.3800134905089374,False,True,0.6071978937026934,-5.6515604535088855,-5.044371468487407,0.6071978937026934,-7.846802041798462,-4.950955037351424,,,,
SUBEXLTD,2026-09-28,2026-09-30,persistent,89.05834964230162,-10.833330684237918,-5.044371468487407,False,True,1.5740270340634854,-2.9513053798396194,0.09837903511427104,,,,,,,
SUBEXLTD,2026-09-29,2026-09-30,persistent,88.26414234807184,-10.745609375321552,0.098379035114271,False,True,,,,,,,,,,
SUNFLAG,2026-09-25,2026-09-30,persistent,92.62123532567486,-1.8991906572178308,3.4904250326595054,False,True,9.996351861847263,0.4139808187747729,9.387560911607974,14.209182264891096,0.4139808187747729,13.06465230582916,,,,
SUNFLAG,2026-09-28,2026-09-30,persistent,95.9939039923755,-0.5534646739956628,9.387560911607974,False,True,4.407833315873355,-3.12778671610352,3.3615260853951057,,,,,,,
SUNFLAG,2026-09-29,2026-09-30,persistent,96.79590362673493,-1.002134798940579,3.3615260853951057,False,True,,,,,,,,,,
SUPREME,2026-09-25,2026-09-30,new,1.5988023772631503,-17.17678594758183,0.3195860376963955,True,False,5.129024025666262,-1.4017159454105865,0.5097159940209206,5.129024025666262,-7.422745998760449,-5.1608759585353825,,,,
SUPREME,2026-09-28,2026-09-30,persistent,2.0106575236542477,-16.75462277879447,0.5097159940209206,True,False,0.6339168550740348,-7.892234013727828,-5.641834619146302,,,,,,,
SUPRIYA,2026-09-25,2026-09-30,persistent,88.10052718178031,-2.4264632765970906,2.4382648512639715,False,True,2.2685724024575915,-2.0198968907321424,-0.04567724334707535,3.5119747419031233,-2.0198968907321424,-0.015227812850548972,,,,
SUPRIYA,2026-09-28,2026-09-30,persistent,87.44694165635181,-2.4710321784085942,-0.0456772433470753,False,True,3.5592777652164287,-1.3962934755013978,0.030463345312892187,,,,,,,
SUPRIYA,2026-09-29,2026-09-30,persistent,87.33167496351086,-3.407530929197722,0.0304633453128921,False,True,,,,,,,,,,
SYNCOMF,2026-09-25,2026-09-30,persistent,86.6703090861683,-4.523813156854539,0.0998429841710946,False,True,16.807984875152847,0.5985079491254375,10.72320003835625,32.86783243565863,0.5985079491254375,30.573572575426834,,,,
SYNCOMF,2026-09-28,2026-09-30,persistent,92.7582606298009,-5.20921993757546,10.72320003835625,False,True,19.999993126671846,-0.7657660831153823,17.92792524980682,,,,,,,
SYNCOMF,2026-09-29,2026-09-30,persistent,97.73708644402552,-1.7267233296236584,17.92792524980682,False,True,,,,,,,,,,
SYRMA,2026-09-25,2026-09-30,persistent,92.66444085463988,-3.952549912032099,2.001648445112658,False,True,2.845437465243683,-0.502132707749392,0.796493652463437,2.845437465243683,-2.747314801839351,-2.308669084822801,,,,
SYRMA,2026-09-28,2026-09-30,persistent,93.41565840778516,-3.187538068728446,0.796493652463437,False,True,0.0,-3.5158052883481172,-3.0806257487413613,,,,,,,
SYRMA,2026-09-29,2026-09-30,persistent,89.17824378635801,-6.169967698973622,-3.0806257487413613,False,True,,,,,,,,,,
TALBROAUTO,2026-09-25,2026-09-30,persistent,84.80343222612173,-5.856315851036509,-1.85622186619836,False,True,1.410294436072057,-6.723515817126746,-4.263692957202325,1.410294436072057,-6.723515817126746,-5.280418404765097,,,,
TEGA,2026-09-25,2026-09-30,new,84.85572482249947,-3.8344782686781658,1.4355042510305616,False,True,-0.07650112744033155,-4.135595622090504,-3.8296086209790525,-0.07650112744033155,-4.92446535003176,-1.482118882798733,,,,
TNPETRO,2026-09-25,2026-09-30,new,85.59629684020607,-8.952059811108736,4.685768752204678,False,True,1.0983275365313405,-7.093954107694245,-5.973064958618879,1.0983275365313405,-7.470091945314916,-5.461517269878424,,,,
TNTELE,2026-09-28,2026-09-30,new,89.20834619568964,0.0,19.97982367706797,False,True,19.93271503049232,10.260717225627536,19.93271503049232,,,,,,,
TNTELE,2026-09-29,2026-09-30,persistent,94.86825850189264,0.0,19.93271503049232,False,True,,,,,,,,,,
UGARSUGAR,2026-09-25,2026-09-30,new,92.52491001345676,-3.9454016476561327,14.810827064254294,False,True,4.279240849611687,-3.685773317732177,-2.717472898550377,4.279240849611687,-10.666872007759276,-9.714192604384376,,,,
UGARSUGAR,2026-09-28,2026-09-30,persistent,89.12005298791289,-6.709594058373036,-2.717472898550377,False,True,0.19264557733351673,-8.171456217331796,-7.192164836073356,,,,,,,
UNIMECH,2026-09-25,2026-09-30,persistent,88.58245344826037,-10.871426019390372,-1.6072843146830218,False,True,0.46243909405367933,-3.6093914159591955,-2.93676206420308,2.6965362484173028,-4.414149365063547,0.5945603602917959,,,,
UNIMECH,2026-09-29,2026-09-30,new,88.20282262535929,-10.341502848808314,3.6381667246982774,False,True,,,,,,,,,,
UNITEDPOLY,2026-09-25,2026-09-30,persistent,94.93321065392718,-0.6157051172505201,3.4018133420699703,False,True,0.9399671305287294,-3.866697970925015,-3.268537810526817,0.9399671305287294,-3.866697970925015,0.12817252047334637,,,,
UNITEDPOLY,2026-09-28,2026-09-30,persistent,91.04655323816688,-4.169314752810848,-3.268537810526817,False,True,4.019434063360361,-0.6183718790754411,3.5114845305934006,,,,,,,
UNITEDPOLY,2026-09-29,2026-09-30,persistent,94.0262182274824,-0.8042350647941454,3.5114845305934006,False,True,,,,,,,,,,
VALIANTORG,2026-09-25,2026-09-30,persistent,94.13460368457808,-7.159012318374325,-0.2187902961299226,False,True,2.1683502574718183,-3.4230765970741595,-3.0941678229565728,2.1683502574718183,-7.199419522892326,-1.4252663977422309,,,,
VALIANTORG,2026-09-28,2026-09-30,persistent,91.00739373196149,-10.031668285734265,-3.0941678229565728,False,True,3.067256368832516,-4.236330887118955,1.722188838093186,,,,,,,
VALIANTORG,2026-09-29,2026-09-30,persistent,92.29591111936966,-8.482243719132532,1.722188838093186,False,True,,,,,,,,,,
VENUSPIPES,2026-09-25,2026-09-30,persistent,94.52484407827106,-7.866602447042204,-1.9535011876169128,False,True,3.966348500592587,-3.3838735588090363,-1.4145642661949953,3.966348500592587,-3.3838735588090363,1.507031175670548,,,,
VENUSPIPES,2026-09-28,2026-09-30,persistent,93.09934933959916,-9.169888566057727,-1.414564266194995,False,True,4.332734601545707,-1.4817638661359323,2.9635162842453378,,,,,,,
VENUSPIPES,2026-09-29,2026-09-30,persistent,94.77534983111602,-6.4781234227146545,2.9635162842453378,False,True,,,,,,,,,,
VETO,2026-09-25,2026-09-30,persistent,89.82352147838675,-1.1052583393297732,5.089495511596698,False,True,3.7120717804586034,-2.208626372042388,-1.7429551944642796,3.7120717804586034,-4.703304270714781,-2.707561951776871,,,,
VETO,2026-09-28,2026-09-30,persistent,87.9408081855536,-5.259780159893324,-1.7429551944642796,False,True,2.2274939830058127,-3.0128619094024645,-0.9817176561962349,,,,,,,
VETO,2026-09-29,2026-09-30,persistent,86.41106392416255,-6.189861625582771,-0.9817176561962347,False,True,,,,,,,,,,
VSSL,2026-09-25,2026-09-30,persistent,89.98499075408873,-3.911266783420897,1.6049382716049276,False,True,1.5795868772782606,-1.8712058826321543,-0.9113001215066863,1.5795868772782606,-3.329286077042848,-1.3730240331675247,,,,
VSSL,2026-09-28,2026-09-30,persistent,89.0027842630694,-4.786923525977816,-0.9113001215066864,False,True,0.6744328632740659,-2.440223717236367,-0.46597029956698677,,,,,,,
VSSL,2026-09-29,2026-09-30,persistent,87.38798361210931,-5.230588183650764,-0.4659702995669867,False,True,,,,,,,,,,
WELCORP,2026-09-25,2026-09-30,persistent,95.23986920856798,-0.1797391244493407,5.2076351576653135,False,True,0.19771564218795668,-5.221716828240464,-3.272841207739341,2.3866720797551366,-5.362939824212543,0.33893863816003567,,,,
WELCORP,2026-09-28,2026-09-30,persistent,92.40158723974336,-3.463708556311662,-3.272841207739341,False,True,5.851007471075742,-2.160818784062568,3.733987321654242,,,,,,,
WELCORP,2026-09-29,2026-09-30,persistent,94.71181228852038,-2.0000000000000018,3.733987321654242,False,True,,,,,,,,,,
WELSPUNLIV,2026-09-25,2026-09-30,persistent,92.78795543980269,-3.570818594085301,1.0615263016435783,False,True,1.9227378783355231,-1.281818460880646,1.4554051891837227,1.9227378783355231,-1.281818460880646,0.23589730076711835,,,,
WELSPUNLIV,2026-09-28,2026-09-30,persistent,93.70589310707577,-2.1673832840162333,1.4554051891837227,False,True,0.24128232468574318,-2.338232903010262,-1.2020137183845314,,,,,,,
WELSPUNLIV,2026-09-29,2026-09-30,persistent,91.70768534530556,-3.3433447579969133,-1.2020137183845314,False,True,,,,,,,,,,
WHEELS,2026-09-25,2026-09-30,persistent,97.75340240543544,-2.4883268643842937,5.3008002076001315,False,True,4.250135072581984,-1.3804194617636711,1.1931783508791316,4.250135072581984,-4.589788661642813,-4.023685171273739,,,,
WHEELS,2026-09-28,2026-09-30,persistent,97.90243990157674,-2.932328787463445,1.1931783508791316,False,True,-1.0241866050449189,-5.714779500718881,-5.15535099022566,,,,,,,
WHEELS,2026-09-29,2026-09-30,persistent,94.7082637767075,-7.936507936507942,-5.15535099022566,False,True,,,,,,,,,,
WILLAMAGOR,2026-09-29,2026-09-30,new,14.034969624858764,-11.99211388473791,0.9045628677965212,True,False,,,,,,,,,,
WOCKPHARMA,2026-09-25,2026-09-30,persistent,88.19353175828162,-3.999995862023309,-0.9660293739266136,False,True,0.061789472254969446,-3.7341143189289383,-3.442796461771458,0.061789472254969446,-5.190682052755324,-3.1514893805944855,,,,
WSTCSTPAPR,2026-09-25,2026-09-30,persistent,89.19605827471595,-5.80437266228282,-0.8198370747192874,False,True,1.680555729290445,-2.609651043034833,-1.3048296911549517,1.680555729290445,-5.1783062098411765,-3.8871445905207413,,,,
WSTCSTPAPR,2026-09-28,2026-09-30,persistent,86.42907022396983,-7.033465175555021,-1.3048296911549515,False,True,0.353021238224116,-3.924686999946425,-2.6164551834552907,,,,,,,
YATHARTH,2026-09-25,2026-09-30,persistent,90.89747378327104,-5.287160100163635,-3.076920966805319,False,True,0.7044787089415472,-2.4790483523175144,-1.8726591352601907,0.7044787089415472,-3.245944678223256,-1.1949370538906545,,,,
YATHARTH,2026-09-28,2026-09-30,persistent,88.18060846188197,-7.060808748812287,-1.872659135260191,False,True,1.5539781176434397,-1.3994932817511185,0.6906557085896381,,,,,,,
YATHARTH,2026-09-29,2026-09-30,persistent,87.67282361438706,-6.418918918918914,0.6906557085896381,False,True,,,,,,,,,,
YUKEN,2026-09-25,2026-09-30,persistent,91.2405285604251,-2.2749924648280184,-0.0133029850642896,False,True,1.8978383183222647,-3.507443030695445,-0.15519688168587065,1.8978383183222647,-3.507443030695445,0.27491802527990217,,,,
YUKEN,2026-09-28,2026-09-30,persistent,89.41362041113585,-2.4266586291498804,-0.1551968816858706,False,True,1.3456521510495145,-2.020695518349147,0.430783469477225,,,,,,,
YUKEN,2026-09-29,2026-09-30,persistent,89.7919205421071,-2.0063288039076865,0.430783469477225,False,True,,,,,,,,,,
ZIMLAB,2026-09-25,2026-09-30,persistent,87.39729845561813,-3.833336300320101,0.4788770630143046,False,True,2.498560673467076,-3.3434357068677256,-0.6715718547616212,2.498560673467076,-4.679373142304632,-2.5924295556406407,,,,
ZIMLAB,2026-09-28,2026-09-30,persistent,85.69021252109177,-4.479164547390413,-0.6715718547616212,False,True,0.39985680810987745,-4.0348985304416445,-1.9338448586645685,,,,,,,
