liq_tercile,year,n,pct_above_ema34,pct_above_sma200,pct_ret20d_positive,dispersion
low,2021,5092,37.6669,0.0,41.9482,2.9322
low,2022,113905,40.5513,16.4971,43.3475,3.2898
low,2023,120320,48.4358,49.7581,47.4393,2.9393
low,2024,128578,46.3392,63.0924,46.7716,3.0737
low,2025,139871,30.3966,21.9038,33.5731,2.8439
low,2026,111491,33.7256,18.2795,36.6083,2.9235
mid,2021,6773,42.1084,0.0,47.3941,2.9237
mid,2022,151663,48.0163,24.2155,49.8348,3.026
mid,2023,160237,58.4235,65.7251,55.9165,2.649
mid,2024,171250,52.1285,65.8137,51.4943,2.9367
mid,2025,186308,37.4273,31.3492,39.4304,2.7028
mid,2026,148538,43.8999,32.9922,44.9447,2.7862
high,2021,5090,42.1218,0.0,44.3026,2.4762
high,2022,113886,53.889,30.9476,55.0384,2.7674
high,2023,120293,67.2583,74.8622,65.1784,2.4296
high,2024,128548,62.3145,78.7986,60.9337,2.8063
high,2025,139843,51.0937,48.7425,51.3862,2.5773
high,2026,111477,54.9692,51.6178,55.2024,2.786
