ticker,date,slippage_pct,immediate_exit_pnl,confirmed_exit_pnl,swing_pnl,day1_pnl
ABB,2026-07-16,0.4995654464951721,-0.7849336536026819,-1.2844991000978578,5.866814483291938,4.942960575389899
ABCAPITAL,2026-06-25,0.12547602466858646,-0.7359199480607703,-0.8613959727293619,0.6945097965406433,-2.1287007585025552
ACMESOLAR,2026-06-24,-0.19482494922676827,-1.2072470634154286,-1.0124221141886602,5.55613540688169,1.3116236996834063
ADANIENSOL,2026-07-07,0.030139483402646754,-0.5818971047204857,-0.6120365881231327,1.889540534296552,-1.1605810726691645
ADANIENSOL,2026-07-16,0.11030815854777944,-0.5497644168005134,-0.6600725753482917,-5.948989115713276,-1.3044947510571392
ADANIENSOL,2026-07-21,-0.09057379260516625,-0.8824527839672469,-0.7918789913620827,-8.179416675600171,-0.916417092402011
AEGISLOG,2026-06-12,0.38350043605214934,-1.9952334377105307,-2.378733873762684,10.872714673701811,-1.020935716518312
AEGISLOG,2026-07-20,0.8807368556541144,-0.7002238134275807,-1.580960669081699,-2.9579850080035275,-3.26554621245283
AEGISLOG,2026-09-09,0.84841494949058,-0.5496043471405088,-1.3980192966310923,5.337190220480448,0.5592792337396846
AMBUJACEM,2026-08-05,0.2350493450737162,-0.564665489866456,-0.7997148349401684,-6.160980875816346,0.17404540850305406
ANANDRATHI,2026-06-22,0.2689243546938071,-1.0248176183206725,-1.293741973014484,8.714506490962016,2.1337417002988746
ANANDRATHI,2026-06-30,0.9905462389932529,-0.5572413655521746,-1.5477876045454253,2.6234485985219047,-0.7463930970460275
ANANDRATHI,2026-07-10,-0.9574836423718671,-1.8398619006969819,-0.8823782583251116,-2.6706115098153016,0.47874067530859765
ANANTRAJ,2026-07-20,1.045194197081818,-0.97411690889041,-2.0193111059722213,1.0493749738701652,0.8403361344538007
ANANTRAJ,2026-07-21,0.04950171084358473,-0.7120265658389191,-0.7615282766825104,0.03877791803832409,2.307698654323742
ANANTRAJ,2026-07-22,0.162585763990505,-0.8714577102995946,-1.0340434742901028,0.29916177512154807,-0.0097551458394185
ANANTRAJ,2026-07-31,0.04755003048774448,-0.7986787550201879,-0.8462287855079409,-0.9334054538141512,-0.7748989025402553
ANGELONE,2026-06-15,-0.4463339114882585,-1.001431868820024,-0.5550979573317627,-3.3050635534330075,1.6477480835479064
APARINDS,2026-06-16,0.1353440538127958,-0.5836404720554467,-0.7189845258682381,2.4554487362864252,-0.5344244524871589
APARINDS,2026-06-18,2.9412874927336006,-0.6424629507998714,-3.5837504435334733,0.5835768048981116,-4.278304984938741
APARINDS,2026-06-24,0.34454592708101284,-0.5569169079973291,-0.9014628350783371,-15.615950100245046,-0.5866191430905165
APARINDS,2026-08-05,0.3890802398265085,-0.5995662712080518,-0.9886465110345632,14.810562571756613,0.21048603138156263
APARINDS,2026-08-10,-1.484044288887995,-2.2497575017991767,-0.7657132129111788,7.280310040096016,-2.2557175190236256
APLAPOLLO,2026-08-04,0.5691639439104275,-0.5229216532251835,-1.0920855971356058,2.653230273555618,-1.1581520385813393
APLAPOLLO,2026-08-06,0.20166698174516953,-0.527761254195136,-0.7294282359402993,1.841825781310602,-1.8940538246410843
APLAPOLLO,2026-08-17,0.4598233781959664,-0.5923218590231261,-1.0521452372190931,1.446080697038865,-1.3033925181145212
APOLLOHOSP,2026-07-15,0.011117596375663584,-0.5141888323744181,-0.525306428750083,-0.9422162928374722,-0.7143055671363641
ASIANPAINT,2026-06-15,0.13965534411729172,-0.5404799505706603,-0.6801352946879446,-2.1948034998276134,-1.8510459135127277
ATHERENERG,2026-07-08,0.5583353306520701,-0.8866546181605317,-1.4449899488126028,9.67100209140559,2.531049083295378
ATHERENERG,2026-07-09,0.7130698379498718,-0.7433999688542414,-1.456469806804117,6.2562004158829065,0.272937160495923
ATHERENERG,2026-07-13,0.03202463875048221,-0.7857146414699145,-0.8177392802203975,3.785521579415607,-4.860603165639832
ATHERENERG,2026-07-16,1.7880082288660517,-1.236862819628215,-3.024871048494271,9.423313153378832,-4.18670341588574
ATHERENERG,2026-08-10,1.4846193436003012,-0.7482513710047045,-2.2328707146050064,6.648458557882031,-2.84650854388121
ATHERENERG,2026-08-11,-0.09819324430479183,-0.7266300078554555,-0.628436763550666,5.806497042951375,0.26839167137175934
AUBANK,2026-07-06,0.009217772374309858,-0.5528303269681234,-0.562048099342427,-1.1521318451454765,-1.80675125248001
AUBANK,2026-08-21,-0.009034438031819083,-0.55173009706172,-0.5426956590299015,1.9875647292320497,0.21638466366065146
AXISBANK,2026-06-25,0.22972026086664782,-0.547759089567923,-0.7774793504345734,-4.632380741159237,-0.030903837748863516
BAJAJ-AUTO,2026-07-29,0.02180064141847182,-0.8986442399108063,-0.9204448813292854,3.3873618629607583,-1.129731038946613
BAJAJ-AUTO,2026-07-31,-0.05608447529953425,-0.5665394843334282,-0.5104550090338944,0.9520555391616448,-0.12649206275247016
BAJFINANCE,2026-07-21,-0.055913707977451266,-0.6000227984589102,-0.5441090904814483,6.3521955047565415,-0.8423231171184598
BALRAMCHIN,2026-08-20,0.9438875765100389,-0.854262349223367,-1.7981499257334055,4.816520727129503,11.089302268002509
BANDHANBNK,2026-06-15,0.1317845635107285,-0.6057696863319473,-0.7375542498426757,-3.467383506896715,0.28849091659961523
BDL,2026-08-14,0.25245284992219047,-1.1827416018854509,-1.435194451807642,-9.47762095647171,1.9332443380686515
BDL,2026-08-17,1.0091831250027843,-1.9271878186534641,-2.9363709436562524,-12.979131075937167,-3.2867811568560446
BELRISE,2026-06-15,0.1472514151132551,-0.6321489063009333,-0.779400321414192,-6.471867700921252,0.7268114657618341
BELRISE,2026-06-17,0.10690124042429897,-0.7812188813807963,-0.8881201218050916,-5.908475663874569,-1.731014349738902
BELRISE,2026-06-25,0.26711007547507026,-0.7925197304604614,-1.0596298059355247,-9.539203700458199,-1.9287138929993897
BELRISE,2026-08-03,-0.10641752173245309,-1.3734287574547532,-1.267011235722304,6.9723368111302975,-0.5793787958641383
BEML,2026-09-03,0.3644245721858822,-0.5752610916555323,-0.9396856638414164,3.7395282155811227,1.16426123880089
BEML,2026-09-04,-0.43799905600585587,-1.3401866824668485,-0.9021876264609929,1.6448856197481598,-1.5925158894522506
BHARATFORG,2026-06-19,0.160247450991147,-0.827716791769384,-0.9879642427605306,4.188442172573392,0.031777175043301575
BHARATFORG,2026-08-07,0.053481803607940144,-0.5554555922793636,-0.608937395887299,-10.637183622759661,1.566079962031952
BHARTIARTL,2026-07-07,0.0,-0.6365158344505017,-0.6365158344505017,-2.0883528301685716,-1.6147055749403671
BIOCON,2026-07-16,0.011189898196015012,-0.6654018993894395,-0.6765917975854463,-2.2659467334831707,-0.5198990656426705
BIOCON,2026-08-06,0.4070991203829704,-0.5992906689521016,-1.0063897893350715,-5.37143076810771,-2.747883930942896
BOSCHLTD,2026-06-22,0.38081198943553846,-0.7309133345617447,-1.1117253239972813,1.9961918801056688,-1.1731466126159162
BOSCHLTD,2026-06-25,0.13416613914980138,-0.5219062812927167,-0.6560724204425217,1.2710412146182515,-0.8878139335194546
BOSCHLTD,2026-08-17,-0.07360429176110361,-0.718325313094248,-0.64472102133315,5.1489882301479994,-1.1389212660148473
BPCL,2026-06-18,0.280286796528897,-0.5442253198746028,-0.8245121164034974,-3.5339733258589634,-1.8989559246023302
CARTRADE,2026-07-08,0.11441221863244752,-0.6292595845901139,-0.7436718032225564,3.2641669700279152,-3.75994930075233
CARTRADE,2026-08-27,0.1284944617463862,-0.5288518039722523,-0.6573462657186391,-0.34395260410544637,-3.5060915892975886
CDSL,2026-07-13,-0.006893845804759984,-0.6354230234827174,-0.6285291776779611,-8.827315179344097,-1.0491547804980628
CEMPRO,2026-06-22,0.8229905199730989,-1.0989252432266783,-1.9219157631997774,2.770696062863731,0.7527913518961871
CEMPRO,2026-06-23,0.1632443707973803,-0.5286088630334529,-0.6918532338308303,0.9561529206992381,-4.46983641059836
CGCL,2026-07-07,1.4744106206450687,-0.925174796765782,-2.3995854174108544,2.8993372204506374,-3.104212492724856
CGCL,2026-08-28,0.6637276312177761,-0.5585466031412745,-1.2222742343590554,3.641274497606317,-1.592285858433995
CGCL,2026-09-07,0.10480875322361419,-1.021577528192119,-1.1263862814157366,-5.441190991313838,-3.2925262531772748
CHENNPETRO,2026-06-10,0.3536456983308418,-0.6984463787685025,-1.0520920770993425,-2.6997503929514277,-4.837685562494465
CHENNPETRO,2026-08-11,-0.43454263943513377,-1.1088192514941864,-0.6742766120590549,2.1539232041126732,4.437103895769123
CHENNPETRO,2026-09-10,0.47938496695798344,-1.8557598410625875,-2.335144808020573,-12.93686136421428,2.0223158451104783
CHENNPETRO,2026-09-11,0.5802736983705025,-2.812641063671073,-3.3929147620415767,-15.25568609785899,-5.480715605687914
CHOICEIN,2026-07-09,0.08023700301982924,-0.756726928505802,-0.836963931525625,-1.410941027775925,2.9463802756544366
CHOICEIN,2026-07-10,0.29719978363855754,-0.5331749606767522,-0.8303747443153098,-2.167773770688819,-1.2107919185434746
CHOLAFIN,2026-06-23,-0.04616763110559235,-0.6244699012555643,-0.5783022701499663,6.7849840629358615,-0.5725330773096449
CHOLAFIN,2026-06-25,0.28145327637671325,-0.5968520585163395,-0.8783053348930592,2.1238786654635966,0.14265751585598174
CHOLAFIN,2026-07-07,-0.06427509404459322,-0.8242294553672758,-0.75995436132269,-6.110530674953873,-1.4776504144767055
COCHINSHIP,2026-08-13,0.39151086354171666,-0.6214924709942671,-1.013003334535978,0.9445509831726095,-1.528494231261024
COCHINSHIP,2026-08-27,0.044788992137383826,-0.6254899137751679,-0.6702789059125469,-0.43352369982881944,-1.2653772935963148
COFORGE,2026-06-25,0.39668765805523876,-0.7090759605212993,-1.1057636185765385,0.24296796230640627,-1.2644402959248513
COFORGE,2026-07-13,-0.19592246486599532,-0.8632327778063664,-0.6673103129403724,10.10842525468938,0.9000694059875913
COFORGE,2026-08-06,0.9571868421977084,-0.6477651547561303,-1.6049519969538406,4.733602680111759,-1.3433921651181957
COFORGE,2026-08-11,0.21291678698049563,-0.5029704755754039,-0.7158872625559032,2.745355042505948,-0.6940484472272468
COFORGE,2026-08-26,0.1884503981282885,-0.5917408319243811,-0.7801912300526737,5.459650601919797,-1.329841952151034
CONCOR,2026-08-14,0.1951006485720325,-0.6368716640885008,-0.8319723126605338,-5.60735073465537,-1.519480097179815
CPPLUS,2026-06-22,-0.027231113180675715,-1.0149035882437762,-0.987672475063095,1.1363543530296116,-1.967992549567421
CPPLUS,2026-06-30,0.0478901968266954,-0.5347567601497794,-0.5826469569764736,-7.116823604653866,-2.6525128368850903
CYIENT,2026-09-01,-0.442422854529784,-2.8181282203182723,-2.375705365788494,-10.406019497468598,-4.003472570035715
DATAPATTNS,2026-06-10,2.16665800125455,-1.6045293520223436,-3.7711873532768947,-2.097732219583892,-6.441816889578078
DATAPATTNS,2026-06-18,0.36524775831582285,-1.1200903895635772,-1.4853381478794003,-9.871465184608486,-1.0101056713291534
DATAPATTNS,2026-08-21,1.339382698392948,-0.5480932061935007,-1.8874759045864442,-0.20819439428516606,-2.207142409141749
DATAPATTNS,2026-09-09,0.9628604923614253,-0.5799306026684548,-1.5427910950298829,-9.275846933262965,-1.32971309801998
DEVYANI,2026-08-20,0.21272778081574883,-0.5798559733659281,-0.7925837541816749,-6.728428087874205,0.9435622600896476
DEVYANI,2026-08-21,-0.06722525529552408,-0.8941752977616013,-0.8269500424660792,-7.240822091768761,-2.4337803434264393
DIVISLAB,2026-07-20,0.013464477342650752,-0.5244413924962332,-0.5379058698388839,-0.5446381085102092,-1.4669548064817794
DIVISLAB,2026-07-30,-0.22271452738227396,-0.7584065984587385,-0.5356920710764657,9.174661322790678,0.19608423317958312
DIVISLAB,2026-08-12,-0.017385408426707466,-0.6134151606556504,-0.5960297522289437,-0.4627416209575186,-1.0248698267543932
DIXON,2026-06-15,0.04998450480351092,-0.547496942614456,-0.597481447417958,6.908525023909262,-0.5891506966173798
DIXON,2026-06-16,0.21424966265978598,-0.5963968975000622,-0.8106465601598445,9.629904308684335,1.5625804723793157
DIXON,2026-07-07,0.7155235060651798,-0.5124191775206177,-1.2279426835858032,8.126036484245457,-1.9136527102315948
DIXON,2026-07-10,-0.4609306409130817,-1.068188469417608,-0.607257828504526,-0.12437810945272743,-2.2900204858062545
DLF,2026-06-15,-0.13224916463039835,-0.7041549106598377,-0.571905746029433,7.239179727659062,2.164038576497118
DLF,2026-06-16,-0.05613967769162457,-0.6659412615516169,-0.6098015838599924,4.058143102471412,1.5477184849427283
DLF,2026-07-06,-0.13942268114167367,-1.0185044971262602,-0.8790818159845837,0.6398685040872598,-1.187280736000107
DLF,2026-08-24,0.02906806726233108,-0.5847432587071544,-0.6138113259694822,0.4619644807925205,0.01856997860509857
EICHERMOT,2026-06-22,0.28547922879083976,-0.5623940807179428,-0.8478733095087843,-5.538816091685539,-0.9906129239041994
EICHERMOT,2026-07-28,-0.012680322105542126,-0.5799345314969506,-0.5672542093914101,2.076592949614131,0.06042173483291613
EICHERMOT,2026-08-11,0.16033868463693313,-0.5160130552690378,-0.6763517399059671,-1.700052572587929,-1.3238733509397416
EMMVEE,2026-06-15,0.6614292102978605,-1.6334547513965458,-2.294883961694405,-5.702702126223103,-3.0857274322031336
ENGINERSIN,2026-06-19,0.41663487117199843,-0.6415816070732161,-1.0582164782452108,-7.849026807755932,-1.9732648433921196
ENGINERSIN,2026-06-22,-0.011529367455534314,-0.5397828755624556,-0.528253508106924,-12.111901647857115,-0.6512412468034912
ENGINERSIN,2026-06-23,0.1937435260554976,-0.5658884141558018,-0.7596319402113028,-12.497983195626505,-1.1395139328983839
ENRIN,2026-06-19,0.028745392163395212,-0.7065512772272964,-0.7352966693906948,-11.046133595987362,0.9134997282495227
ENRIN,2026-06-22,0.7401187434899625,-0.7330084986316598,-1.4731272421216302,-12.282537956349582,0.2814302390841794
ETERNAL,2026-06-22,-0.16903486245627455,-0.7416649900594319,-0.5726301276031576,5.061712446281841,-1.2111935378831817
ETERNAL,2026-07-07,-0.57046040349636,-1.2062646738229987,-0.6358042703266342,1.9226315596807098,-0.2554938176655641
ETERNAL,2026-07-08,0.3248300386223949,-0.8223529113987604,-1.1471829500211528,0.8018285866094876,-1.7626685155087918
ETERNAL,2026-07-09,0.4026341866283335,-0.5813958399843,-0.9840300266126367,-1.084696253024553,-1.1182414221554082
ETERNAL,2026-08-14,0.20230218057843696,-0.5908892506785168,-0.7931914312569455,2.0701931957330055,-1.1511121350804787
ETERNAL,2026-08-21,0.10600743192333614,-0.709545789176258,-0.8155532210995964,-2.012009965393724,-2.1634597181520054
EXIDEIND,2026-07-20,0.06837597634484853,-0.5544947367139952,-0.6228707130588429,3.1835496360045568,-0.6228707130588429
EXIDEIND,2026-07-22,0.49751243781094534,-0.7628551038211695,-1.2603675416321125,0.09950518673993436,-1.0945300623617982
EXIDEIND,2026-07-30,-0.10987465795569329,-0.6733092080532632,-0.5634345500975746,7.677164796579428,0.34852376969130017
EXIDEIND,2026-08-11,-0.1815420034097317,-1.2034899668714405,-1.0219479634617112,-12.004943699243075,-2.17168525875735
FEDERALBNK,2026-06-12,-0.09426134216282998,-0.6231942273613789,-0.5289328851985409,3.6968536136400054,0.7592287522985686
FEDERALBNK,2026-07-03,0.28442478133914134,-0.5274533311115603,-0.8118781124507035,4.487340218034808,-1.8597454212275544
FEDERALBNK,2026-07-21,-0.04237582425342926,-0.596395108891834,-0.5540192846383962,5.011568880227579,0.03926812011261216
FINCABLES,2026-09-11,0.3551156454214234,-0.7690744607307898,-1.124190106152212,-1.7369450040298662,-1.124190106152212
FIVESTAR,2026-07-03,0.36182722749886936,-0.6331976481229962,-0.9950248756218749,3.2112166440524836,-0.42514257547487944
FLUOROCHEM,2026-08-13,0.1080878388939223,-0.6056002767048541,-0.7136881155987762,-0.5059876833881649,0.718980228649091
FSL,2026-07-31,0.4579697969949508,-0.5601141449725677,-1.018083941967518,-9.558169417811602,0.16144443346184367
FSL,2026-08-04,-0.3006571503008244,-0.933468975878371,-0.6328118255775395,-17.199022642218576,-0.1818261001263033
FSL,2026-08-05,0.23851329436618407,-0.5124155381798889,-0.7509288325460717,-19.488702467298335,1.0676952317066446
GABRIEL,2026-08-05,-0.06906253387573429,-0.6984306850146171,-0.629368151138876,-15.704168818950205,-0.4849584004689711
GAIL,2026-06-16,0.10106494162108437,-0.6154301040987464,-0.7164950457198227,-4.97262624227075,-0.9972424183071205
GESHIP,2026-09-08,0.035812874697502196,-1.2997173336839363,-1.3355302083814413,2.073853714145235,-0.22533109275887364
GESHIP,2026-09-10,0.08513842304346235,-0.7032737314267679,-0.7884121544702305,1.1130848025060702,-0.6677979449785432
GLAND,2026-06-11,1.8874416870400808,-1.177334108420336,-3.064775795460417,5.3506074549805716,-2.3976235943135915
GLAND,2026-08-10,0.1850877863481526,-0.7694681902494338,-0.9545559765975931,9.002117504884065,7.479908556415982
GLAND,2026-08-14,0.41620303010714443,-0.6040587877252701,-1.020261817832413,-2.3621020126909364,-0.577420168005327
GLAND,2026-09-04,0.4725355583007622,-0.7034062272170294,-1.1759417855177867,2.1419345326243677,-1.118555875431182
GLENMARK,2026-07-13,-0.0950048195994536,-0.6745750213591806,-0.5795702017597271,-3.6975227381004228,-0.2859103149210118
GLENMARK,2026-08-24,-0.24572905662250655,-0.8110323871010183,-0.5653033304785171,6.552305975222206,1.328487076814966
GLENMARK,2026-08-25,-0.24511689335161355,-0.9503589502902976,-0.7052420569386819,4.487998421254891,-0.6138430531320349
GLENMARK,2026-08-26,-0.19317683834031005,-0.7687747818630797,-0.5755979435227654,3.365863783108436,0.8998789612450153
GMRAIRPORT,2026-06-16,0.10136445659442307,-0.552806615305379,-0.6541710718998006,5.952917190654139,-0.5159461737792137
GMRAIRPORT,2026-06-18,0.04502649805975777,-0.5875585638514091,-0.6325850619111728,3.5366185875451706,-0.6595982127154065
GODREJCP,2026-07-03,0.027589405413649726,-0.5986960487927906,-0.6262854542064433,-2.5396225099872383,0.7259210491401324
GODREJPROP,2026-07-02,-0.15144975275827863,-0.6994454414886442,-0.5479956887303628,3.3089259140150373,-0.04316317953609872
GRANULES,2026-07-07,0.8684885161439911,-0.6125442153394833,-1.481032731483467,-4.115263245280099,-0.6930678638059629
GRANULES,2026-07-13,0.11033764571865619,-0.6961188532094265,-0.8064564989280765,-6.963295783134004,-1.6946732000681752
GRANULES,2026-09-11,0.20320933674590302,-0.5524346049710305,-0.7556439417169325,-3.831285302681986,0.7272545716055179
GROWW,2026-07-02,0.2547519363526249,-0.5551899073645838,-0.8099418437172101,3.9822901681785483,-0.5071204598245505
GROWW,2026-07-15,0.11356830767095,-0.5968783892488894,-0.710446696919842,-9.223145518580223,3.955211443607398
GRSE,2026-06-18,-0.021062155053655884,-0.883589109128069,-0.8625269540744163,-6.5694455412531605,-1.3749594180771485
GRSE,2026-06-22,0.17378525545806103,-0.6643479801723196,-0.8381332356303783,-9.054696719444234,-0.5948338779890872
GVT&D,2026-09-09,0.6497826886327803,-0.7071900596381631,-1.3569727482709348,-8.967576056707893,-3.5699864956461047
HAVELLS,2026-07-27,0.21674212012747882,-0.601875561934162,-0.8186176820616398,1.2846177480387633,-0.6660907311716757
HAVELLS,2026-08-04,0.49469302066575593,-0.5129771970256991,-1.0076702176914587,0.3295455269306524,0.15949922396019112
HBLENGINE,2026-06-23,-0.13745380174951072,-1.3281953245222744,-1.1907415227727647,-9.766481441796259,-1.8720212750063414
HCLTECH,2026-07-24,-0.015931805104594125,-0.9596515023650887,-0.9437196972604922,5.064039510059648,2.3549712486601315
HCLTECH,2026-07-29,0.01483441526996167,-1.0313522678614961,-1.046186683131456,-1.7728015045395118,0.021502027863684603
HCLTECH,2026-07-30,-0.06620438478491637,-0.681408518157478,-0.61520413337256,-3.020561272585065,-3.072057562662578
HDFCAMC,2026-07-06,-0.3755694812737774,-1.1884281069796776,-0.8128586257059034,-9.56445710184326,-1.323069813592903
HDFCBANK,2026-07-07,0.03590571832658715,-0.6291423921806927,-0.6650481105072825,-11.99743622069298,-1.1676405208997043
HEG,2026-07-23,-0.08076500613814047,-0.8124979335515925,-0.7317329274134532,8.653166701244208,-1.789752536021183
HEG,2026-07-30,0.22082220143825504,-0.7772241537440716,-0.9980463551823249,3.1975754721445204,-2.0285499618941882
HEG,2026-09-01,0.2258417135990608,-0.5772174622132864,-0.8030591758123484,0.0,-3.685843147413781
HEROMOTOCO,2026-07-31,-0.007432620528099369,-0.7391315940259657,-0.731698973497874,6.5912200687118006,0.8295324974300744
HEROMOTOCO,2026-08-07,0.3112154259112777,-1.2150368919952692,-1.5262523179065512,-3.1774230498247236,-0.3246149789713382
HFCL,2026-07-07,0.2253429886695519,-2.061624971989262,-2.2869679606588145,-16.761661522502003,-2.7950818813167744
HFCL,2026-08-25,-0.34912176672734263,-1.0211919170079686,-0.6720701502806237,2.1748916240923233,-0.5016726506857583
HFCL,2026-08-31,0.5148726351138545,-0.6262305965893833,-1.1411032317032332,-15.861694447092011,-1.7066786917411925
HINDALCO,2026-08-05,0.20486163506912852,-0.5316530666215513,-0.7365147016906826,3.3655229329760505,1.843722563652328
HINDCOPPER,2026-08-06,1.023420341597521,-1.0046137224225427,-2.028034064020068,0.9961380989009561,0.2677540027492986
HINDCOPPER,2026-08-12,0.5047205625799895,-0.812964164683827,-1.3176847272638126,3.224822340122313,-1.0382868267358791
HINDCOPPER,2026-08-24,1.2662439161137564,-0.7114042855370428,-1.9776482016508057,-15.79505634278895,-7.256494825956194
HINDZINC,2026-08-06,0.5403226141639339,-0.5972602461273291,-1.137582860291264,4.157574699601407,-1.4119045540883612
HINDZINC,2026-08-24,0.0,-0.6038225028666799,-0.6038225028666799,2.4626988102904646,-1.8713179789716206
HONASA,2026-06-11,-0.9718397787708551,-1.8557454844588928,-0.8839057056880373,4.549040774031532,-0.45067385831388806
HONASA,2026-07-06,0.4099039321843145,-0.6131313020730889,-1.0230352342574078,-4.827821563544488,-1.5695802255763724
HSCL,2026-06-10,0.09265468914827726,-0.918047613940487,-1.010702303088773,-5.536782503804383,-1.994326362457044
HSCL,2026-06-17,-0.14064949585875508,-1.1234044112951813,-0.9827549154364235,-8.570796933929048,-1.4468965348575225
HSCL,2026-07-17,-0.013552887597096264,-0.5788463114858255,-0.5652934238887242,2.0307216525089267,0.5937597832321728
HSCL,2026-08-14,0.09514485624340442,-0.7258585442134646,-0.8210034004568656,-16.982938335258236,-0.4784803693989703
HYUNDAI,2026-08-13,0.27399980651373385,-0.7847725617968204,-1.0587723683105565,-4.894802028056466,-1.6686498663687876
ICICIBANK,2026-07-20,0.6154370167583116,-0.5453764223770752,-1.1608134391353886,-2.0908054838681966,0.5213794038575692
ICICIPRULI,2026-07-15,1.5562000424418196,-0.5446700148546202,-2.1008700572964445,-1.4689631301431083,0.040079335255027715
IDBI,2026-07-14,0.0691361486187575,-0.5781742083573627,-0.6473103569761163,-2.5716760196363264,0.8276527567149028
IDBI,2026-07-15,-0.0787110852271316,-0.8236036705704386,-0.7448925853433042,-5.186462612480502,-2.5664944374183096
IDEA,2026-09-09,0.5076652588399417,-0.6878914487613574,-1.1955567076012974,-11.666160235984657,-0.37059914902455304
IFCI,2026-08-25,0.34274630779783805,-0.6275199689421584,-0.970266276739995,16.20244997091451,-1.194826379062941
IFCI,2026-09-03,-0.10001865800453098,-0.9675726611638513,-0.867554003159321,-23.480393010283972,-3.4878856576202044
IFCI,2026-09-04,0.10766608271743638,-0.7911485665815676,-0.8988146492990068,-25.113758983850822,2.673723402517947
IIFL,2026-07-16,0.11529186490440524,-0.5152571430957709,-0.6305490080001808,1.4270789469760459,0.7441622172887463
IIFL,2026-07-22,-0.07749915169993078,-0.9367198521993525,-0.859220700499419,7.77857067056158,0.41535229874136714
IIFL,2026-07-28,-0.08465414794575243,-0.7006844596324058,-0.616030311686655,5.36901381457473,-0.8107389854651981
IIFL,2026-07-29,0.025114067599498982,-0.949494133660822,-0.9746082012603186,5.604204695692072,0.5236226899470564
IIFL,2026-07-31,-0.08833761667349291,-1.0275479411608224,-0.9392103244873273,9.187715625740346,-1.894885894503462
IIFL,2026-08-14,0.4133626135881652,-0.567707346604196,-0.98106996019236,6.038230508421627,-1.5582143472744003
IIFL,2026-08-20,0.01550349741722949,-0.7378829020404543,-0.7533863994576895,-2.614260404467861,0.07624947515147973
INDIGO,2026-08-05,0.42154304916749835,-0.6074801897676729,-1.0290232389351783,-3.769053058523908,-1.019859259605449
INDUSINDBK,2026-07-03,0.24599276157387479,-0.5027451029121943,-0.7487378644860709,11.320726840656103,1.3291349188647938
INDUSINDBK,2026-07-06,0.4881548586985785,-0.5127697988307256,-1.0009246575293118,8.151996012939989,2.685670890431213
INDUSINDBK,2026-07-22,0.09309738306176872,-0.5207867835763769,-0.6138841666381456,-5.273412734650329,-3.495254991055874
INFY,2026-07-30,0.23071189712130635,-0.6342248043541221,-0.8649367014754272,0.8269088221409149,-4.393872251959374
INFY,2026-08-10,0.008385927595764099,-0.782347627319746,-0.7907335549155126,-5.0131094598285575,-0.47237510850558495
IPCALAB,2026-08-25,-0.05115546183286294,-0.6049376587473065,-0.553782196914443,-0.21104310045954033,-1.00395275886892
JINDALSTEL,2026-08-20,0.052995173792599375,-0.5681798577573671,-0.6211750315499698,1.4898874469198686,-1.0716501822887303
JPPOWER,2026-08-03,0.5261917923689119,-0.7079831329943054,-1.2341749253632184,-10.021544738220921,-1.4446556568202484
JSWCEMENT,2026-06-15,-0.030414468347724568,-0.5735370089592795,-0.5431225406115514,3.4783267191637712,-1.1740893620358461
JSWSTEEL,2026-08-27,-0.27453717036554737,-0.809149715395796,-0.5346125450302552,-5.350208273625345,-0.927877304612279
JUBLFOOD,2026-08-10,-0.09040447231281261,-0.6582246877232856,-0.567820215410475,-0.3568846210530885,-0.5577779988332199
JUBLFOOD,2026-08-13,0.03996119104259857,-1.5266122021306172,-1.5665733931732095,-3.5048710542282313,-1.0170567065820868
JUBLFOOD,2026-08-26,0.43926008975635267,-0.9176788241195499,-1.3569389138759047,-8.289643489456477,-4.680053455655364
JYOTICNC,2026-07-15,0.05535241159190504,-0.6820154714855087,-0.7373678830774222,5.572634367103602,-0.34375990974878645
JYOTICNC,2026-07-16,0.0424676114473365,-1.1042349229462345,-1.1467025343935733,4.1499803170693905,-2.4450901338391784
JYOTICNC,2026-08-24,0.5817673520471096,-0.853593704157507,-1.4353610562046204,-3.5618267325638664,-1.676095329802596
JYOTICNC,2026-08-25,0.3685228683285502,-0.6369577950151473,-1.0054806633436941,-4.237569688391741,-1.359072944990991
JYOTICNC,2026-09-08,0.23261091222086136,-0.5497368907489975,-0.7823478029698627,-0.3361103668797938,-2.1732961541588103
KALYANKJIL,2026-06-30,-0.33403500523128243,-0.9343244287359331,-0.6002894235046408,13.827248521755342,-0.17632945665474464
KALYANKJIL,2026-07-16,0.27087791532356364,-1.8699561332967685,-2.1408340486203326,9.859048782573065,-2.1227799297523275
KALYANKJIL,2026-07-21,0.05168750067304172,-0.5233614462858749,-0.5750489469589115,4.817897626316481,-0.5836617776916131
KARURVYSYA,2026-07-22,0.1296490420347689,-0.6271702725918593,-0.7568193146266333,-2.3847083375033495,-2.90332209113473
KARURVYSYA,2026-08-03,0.10010485361524941,-0.7549186840370536,-0.8550235376522997,-3.286099016573585,-0.03989648435431814
KAYNES,2026-08-25,0.7129772227389608,-0.502532152455204,-1.215509375194157,-15.020582717797403,-0.9970935619304622
KEI,2026-08-10,-0.019446163325316925,-0.654833884295869,-0.6353877209705483,3.815617241559144,0.015113630638774467
KOTAKBANK,2026-06-25,0.29052116716449555,-0.5096144080010245,-0.8001355751655281,-5.593683115558134,-2.5553497718221463
LALPATHLAB,2026-07-07,0.1640243893197525,-0.661529676359518,-0.8255540656792681,3.0523806527789743,-1.4875009537832606
LALPATHLAB,2026-07-13,0.14479407386814475,-0.6191380458555495,-0.7639321197236981,1.8886910715268268,0.42916963494519234
LALPATHLAB,2026-07-14,0.05725114359159325,-1.3562795916848391,-1.4135307352764248,0.7162090108648433,0.0005697159699336041
LAURUSLABS,2026-07-03,0.006504680063761254,-0.6534661086079474,-0.6599707886717043,4.051321386290585,0.3017858214387159
LAURUSLABS,2026-07-21,0.006307368722695456,-0.6109296961233079,-0.617237064845999,0.8950545812902222,0.25233370844757186
LAURUSLABS,2026-07-28,-0.3097814137190955,-0.8417124524394359,-0.5319310387203458,4.189341626940246,1.0800709625696792
LAURUSLABS,2026-08-26,0.015970688134507242,-0.5826742805200458,-0.5986449686545492,3.6275772622850644,0.6681593704768174
LAURUSLABS,2026-08-31,0.7802141339825249,-0.5334406724117335,-1.3136548063942488,-0.06634229348164711,-3.0434608277127295
LENSKART,2026-08-18,0.24599671120269304,-0.5609998347482215,-0.8069965459509221,10.42165144504743,-0.029319524144477693
LENSKART,2026-08-19,-0.1710161047788402,-0.7073967017937499,-0.5363805970149182,7.882466482285855,0.5441561267150785
LENSKART,2026-08-24,-0.7494914838204448,-1.4043953034204804,-0.654903819600039,-0.7073645638410841,-1.6742104077826503
LGEINDIA,2026-08-17,0.5788679852834966,-1.8099998673813733,-2.3888678526648666,-5.558316819768338,-5.374915456853369
LICHSGFIN,2026-09-03,-0.07324884522731688,-0.6165390172541585,-0.5432901720268335,0.3722645122914203,1.4434590224619015
LLOYDSME,2026-08-10,0.08961055532437152,-0.5588109854849699,-0.6484215408093408,-15.366998428936874,-2.841352905231942
LODHA,2026-07-08,-0.008992385351715926,-0.6682032646395553,-0.6592108792878415,16.912732572235043,-0.47953863343110914
LTF,2026-07-01,-0.09567157576500512,-0.816430667176915,-0.7207590914119155,4.286261002678926,0.14032402092105656
LTF,2026-07-07,0.11835690077196628,-0.9709039234435779,-1.0892608242155433,-7.983125914083688,-2.302337792853937
LTFOODS,2026-09-08,0.31432850766929366,-0.6817776267931785,-0.9961061344624711,-8.258270259371692,-1.6247763810644522
LTM,2026-07-30,-0.13080547227654066,-0.818988834792167,-0.6881833625156264,3.9809863339275164,-2.77888415196188
LTM,2026-08-11,0.7628960058349123,-0.5120281726564646,-1.2749241784913767,-4.119218649413659,0.5452517946689328
M&M,2026-08-05,0.05743289325378877,-0.5980200010050729,-0.6554528942588567,0.564996087384162,-0.9569755838412464
M&MFIN,2026-07-03,-0.26940924529279825,-0.8118217014352336,-0.5424124561424271,4.726072563610262,1.4781705865092976
M&MFIN,2026-07-06,-0.5928059811974293,-2.4093153453732086,-1.816509364175778,3.6965880700605913,-1.8906101118254526
M&MFIN,2026-07-30,0.37690336197798885,-0.6105865136517563,-0.9874898756297434,2.6307885338537895,-1.0251786782038308
MANAPPURAM,2026-07-23,0.0701512167579758,-0.6658770707062667,-0.736028287464241,3.865889819182766,-2.7844403914447535
MANAPPURAM,2026-07-30,0.1470513352861839,-0.7916232679291868,-0.9386746032153725,-6.620329568618,-1.513522767805764
MANKIND,2026-07-15,0.0309513408124618,-0.5748860673305156,-0.605837408142984,1.2782085816543276,-1.348622362526386
MAPMYINDIA,2026-07-13,0.04009247142538263,-0.5064206673544458,-0.5465131387798361,6.568443026699544,4.964570138337843
MAPMYINDIA,2026-07-14,0.649458060426521,-1.8168618658809699,-2.466319926307492,-6.8941049128842575,-3.6018593404079646
MAPMYINDIA,2026-07-29,0.16256807057089917,-0.7517960118239908,-0.9143640823948918,-15.99605861885065,-2.8735668119394653
MAXHEALTH,2026-07-06,0.24018260663278435,-0.7119574541087581,-0.9521400607415464,-4.391836027968987,-2.822094320289714
MAZDOCK,2026-08-17,0.5503131786787974,-0.692407441276699,-1.2427206199554952,-0.2567510052658539,-1.7968497810373574
MCX,2026-08-13,-0.26308921081471964,-1.0036983884309736,-0.7406091776162582,1.2375153370363323,-1.0936116608559532
MCX,2026-08-25,0.17241195902441936,-0.7122594045913422,-0.8846713636157633,2.83869736841158,-0.18597020124757613
MEESHO,2026-06-29,-0.06273216277312796,-0.6543508218753047,-0.5916186591021777,-2.9337124691668937,0.43305186993762845
MEESHO,2026-08-24,1.1412665597271487,-2.421633585157823,-3.562900144884973,2.1953087335573995,-3.232782907941767
MEESHO,2026-09-03,1.604502375922464,-1.0555992951153392,-2.6601016710378067,0.781439862722233,-2.4554681675189816
MEESHO,2026-09-10,0.16898666319141403,-0.5066489239311744,-0.6756355871225916,-2.0595170477201385,-1.8037511891287328
MFSL,2026-08-25,0.1001267615343096,-0.6477063997035182,-0.7478331612378208,-10.76691858856268,0.0719656801488
MOTHERSON,2026-08-04,0.6162380458762952,-0.9725196741268705,-1.5887577200031644,8.16185890187533,-2.429658438664395
MOTHERSON,2026-08-06,0.655332445335638,-1.750917532289653,-2.4062499776252855,5.616810536394734,-1.2737331473360647
MOTHERSON,2026-08-10,0.4922362995351019,-0.6733136709655252,-1.1655499705006234,0.018159853387778035,-1.2593118203993559
MOTILALOFS,2026-08-26,0.12195127608139059,-0.6877576194283308,-0.8097088955097198,-1.463368926236408,1.4634616997169614
MPHASIS,2026-08-07,0.4286118189998078,-0.6977992485238671,-1.1264110675236805,-1.6591759399459893,-0.36132131837790515
MPHASIS,2026-08-11,0.06715741200420511,-0.80960198795198,-0.876759399956184,-1.0189830388207644,0.185934549411515
MRPL,2026-06-15,-0.16992445171036133,-1.2533660101826771,-1.08344155847232,-14.16723989570926,0.07669559707794704
MRPL,2026-07-16,0.011708675716088674,-0.5970138536408043,-0.6087225293568865,-1.7968985781112834,2.7158358168943852
MRPL,2026-07-22,0.6618681227765368,-0.5976226647211313,-1.2594907874976635,0.7483574689916228,-2.8557549752803113
MRPL,2026-07-23,1.169649564337928,-0.7899227242552209,-1.9595722885931588,-0.06165829604545259,-2.9250801751517286
NAM-INDIA,2026-06-16,0.5014068517642025,-0.5407368025208359,-1.0421436542850326,0.9721159623256481,-0.860592880244726
NAM-INDIA,2026-06-19,0.16125991764423683,-0.5060085270211734,-0.6672684446654142,3.152241709560455,1.3443360921264524
NATIONALUM,2026-08-10,0.06460361687875767,-0.587951192494196,-0.6525548093729627,8.534076356312891,0.04515952120738298
NATIONALUM,2026-08-11,0.2438110349829825,-0.6386736149608385,-0.8824846499438155,-4.526891391046939,2.27428435663386
NAUKRI,2026-07-10,0.5515205814707342,-0.5465444686723053,-1.098065050143049,1.001804481467583,-2.687257402719323
NAUKRI,2026-08-04,0.2822968863361309,-0.5288808856941385,-0.8111777720302693,0.5297396172960989,-0.7327614384754377
NAUKRI,2026-08-10,0.1479436200142458,-0.5675919951745656,-0.7155356151888115,2.2355142602472844,0.9896892578375782
NBCC,2026-06-15,0.4618141857496981,-0.5344584182779499,-0.9962726040276482,4.212990847490916,-0.7376577874838475
NBCC,2026-06-16,0.17363809735234792,-0.5523425854811248,-0.7259806828334714,-5.816252903043717,-0.022294583677429092
NBCC,2026-06-17,-0.07241977194393531,-0.8414959950502121,-0.7690762231062798,-11.514116437168198,2.5621573166887845
NBCC,2026-06-18,0.5273970169439569,-1.156760385545097,-1.6841574024890504,-12.11785062998285,-3.486097769232277
NESTLEIND,2026-07-22,0.12765506794605638,-1.1626556222306572,-1.2903106901767214,0.22809979999565133,0.7857387999864018
NETWEB,2026-06-17,0.6392990203814763,-0.7199670861453011,-1.3592661065267797,-14.095183698827107,-1.9604895963285296
NETWEB,2026-06-19,0.9227223385568081,-0.5987591979146112,-1.5214815364714251,-15.94298833183606,-2.5702819300827073
NETWEB,2026-08-05,-0.1311393802431358,-1.1698787378484066,-1.0387393576052673,7.8498719790170535,2.000457961239843
NETWEB,2026-08-06,0.11093932324995741,-0.6629168229902449,-0.7738561462401927,4.5048425014598825,-3.3819348423098194
NETWEB,2026-08-14,0.6161537564580942,-1.081132797550688,-1.6972865540087811,-0.6314580941446435,-3.903559127439704
NETWEB,2026-08-20,0.12907075560371534,-0.7206222588639122,-0.849693014467634,-6.193218695156888,-0.43113139141959245
NETWEB,2026-08-24,0.738187176215046,-0.7377244233256697,-1.4759115995407135,-19.097678611902623,-5.315878739547941
NEULANDLAB,2026-08-14,0.08891711654493491,-0.6795808193077013,-0.7684979358526411,-4.054197099608325,-1.3443421191912663
NEULANDLAB,2026-08-17,0.17249902706341444,-0.5648291312990938,-0.7373281583625046,-3.7792012453588097,-0.41336657095072393
NIACL,2026-09-07,2.7084126450120363,-1.1300447704071015,-3.8384574154191387,-20.335179705051686,-1.851721999122946
NUVAMA,2026-07-24,1.1878237049201006,-0.6871609176306803,-1.8749846225507905,-18.015380717739216,-1.2062100851337743
NYKAA,2026-06-22,0.2129251344870299,-0.6613025407939621,-0.8742276752809919,8.134227988785515,-0.3009623148403917
NYKAA,2026-06-23,0.0,-0.6595686064789996,-0.6595686064789996,6.989484532878176,-1.1457371124831806
NYKAA,2026-07-03,0.12641063026310564,-0.5133197944143686,-0.639730424677476,4.3219663803806485,-0.8925516852036797
NYKAA,2026-07-08,0.062222252429718905,-0.777536311823579,-0.8397585642533012,2.707232662113812,-0.4352806901496531
NYKAA,2026-07-10,0.13738661643621894,-0.6807039105645729,-0.8180905270007921,1.7923576778462458,0.2810489920157311
NYKAA,2026-07-22,0.41940663678118295,-0.6323138777651227,-1.051720514546306,3.3220171112797514,-2.205061339155401
OFSS,2026-06-25,0.5680446483093572,-0.5921865458624942,-1.1602311941718568,10.304803290872,3.900099881184005
OFSS,2026-07-01,0.26101964172804004,-0.7945347887428511,-1.0555544304708842,4.86689123356534,-1.2535693310921636
OFSS,2026-08-06,-0.20220657929657387,-1.1883849170742367,-0.9861783377776545,-0.11837510162986398,-1.845556299788098
OIL,2026-07-23,-0.09804539705741762,-0.8025396069012536,-0.7044942098438423,-0.45394187718995616,0.33040135242328184
OIL,2026-07-24,0.4424704661008825,-0.648603448491003,-1.091073914591889,-1.3824599569431717,-3.950961029991029
OIL,2026-08-10,0.5414806752512156,-1.1797767666531622,-1.721257441904378,4.646553977075607,0.5637883637071184
OIL,2026-08-18,-0.1439047920424876,-0.7339323828140953,-0.5900275907716135,-0.7339323828140953,-0.12746437379862474
OIL,2026-09-09,-0.07939435204279224,-0.815089845982131,-0.7356954939393368,-5.5788236573597105,0.0185599365684741
OLAELEC,2026-07-01,0.022140988186324893,-0.5417859698707672,-0.5639269580570927,-18.82634093925718,0.7199801387398397
OLECTRA,2026-06-22,0.27879427161680786,-1.0745388601988926,-1.3533331318157038,-10.644211987512442,-1.1912452795840522
PAGEIND,2026-06-25,-0.01212114600587027,-0.9338736940222692,-0.9217525480163968,5.7206354632005185,-0.6066027518637718
PARADEEP,2026-08-28,0.04201642553489963,-0.5095092811960189,-0.5515257067309154,-6.6012590889522045,-0.5275137041693356
PAYTM,2026-07-15,0.647967791424391,-0.8535396520079286,-1.501507443432315,0.3996744035513533,-1.238050781754807
PAYTM,2026-09-09,0.0,-0.6296261441331996,-0.6296261441331996,3.821936846519791,0.5191643050675765
PAYTM,2026-09-11,0.5543971931856647,-1.6572150739538771,-2.21161226713954,4.650435849457746,2.28011542177764
PAYTM,2026-09-16,1.5790585751608806,-3.785423362974516,-5.364481938135402,0.03785552747472831,-2.930997187973172
PERSISTENT,2026-07-21,0.06246668443496802,-0.9101308123165786,-0.9725974967515483,2.746679430387533,-1.6710247506996123
PERSISTENT,2026-07-27,0.3379393590673963,-0.5331819811630223,-0.8711213402304185,4.57345722252207,0.1764870060017909
PERSISTENT,2026-07-30,0.09079842612398734,-0.6132337062228599,-0.7040321323468435,1.0157656875757315,-2.8172753104668047
PGEL,2026-06-22,0.5253563116394337,-0.7777088837262025,-1.303065195365638,5.263888700127284,-0.45373274517430673
PGEL,2026-07-07,0.12888923259350915,-0.5576565507415365,-0.6865457833350463,6.711694069725849,-1.391146548265787
PGEL,2026-08-07,0.03146515753741176,-1.1346410702170795,-1.1661062277544931,-7.836316349330408,-0.7728157630818133
PHOENIXLTD,2026-06-25,0.09835968889728373,-0.5855148167112634,-0.6838745056085394,4.49288470702589,-1.9521805127039715
PHOENIXLTD,2026-07-06,0.0724567883970784,-1.197922162434173,-1.2703789508312413,-2.874092738615708,2.405594267870814
PHOENIXLTD,2026-07-07,-0.12684223696789895,-0.8733480848824637,-0.7465058479145692,-4.951167149527369,-3.8236602083127624
PHOENIXLTD,2026-07-10,0.03263745583302577,-0.5487787343687378,-0.5814161902017667,-11.749628112094134,-0.2364810703430309
PIDILITIND,2026-06-25,-0.1306526531864708,-0.7028291747895432,-0.5721765216030739,-2.563097239903034,-0.5970645495337878
PNB,2026-08-05,0.13907576732278784,-0.5149010536098952,-0.653976820932689,3.422784816318525,-1.2972163374048717
PNBHOUSING,2026-08-06,0.07760369849733137,-0.5923567246900241,-0.6699604231873546,1.2269674159531618,-0.8424084085637662
PNBHOUSING,2026-08-20,0.18616613306539254,-0.5398215140488327,-0.7259876471142346,-0.2351982310087486,-0.2775073072466605
POWERINDIA,2026-08-11,1.4218547274618936,-1.1947681214701356,-2.6166228489320265,-10.751272491622665,-4.29823949775715
PPLPHARMA,2026-07-06,0.061061837452382445,-1.0526169709333288,-1.1136788083857097,6.607827280200307,-0.6362885710915367
PPLPHARMA,2026-07-28,0.30991538642785077,-0.9623776359769964,-1.2722930224048468,8.743037019186817,0.43738820656296085
PPLPHARMA,2026-07-30,1.420754494783545,-0.7747320900936661,-2.1954865848772154,7.254772734392412,-1.9529231659643154
PPLPHARMA,2026-08-06,-0.033482618364770345,-0.6984300463764193,-0.664947428011653,2.8272086434377286,-0.9758897818599177
PPLPHARMA,2026-08-21,0.1730500280348828,-0.6660041290970642,-0.8390541571319465,-3.753540715864334,-2.3418391118812276
PREMIERENE,2026-07-10,0.21799032351365039,-0.7336640018472229,-0.9516543253608734,-7.155231400548034,1.2645603033724528
PRESTIGE,2026-06-23,0.13604583065252646,-0.5752585612280647,-0.7113043918805961,5.29422183910806,-2.4993545148071505
PRESTIGE,2026-07-03,0.053227142981230546,-0.7340711006631029,-0.7872982436443299,2.500865726161172,-0.46794260495441886
PRESTIGE,2026-07-06,0.1112820960099249,-0.8196406818085644,-0.9309227778184881,1.5113921395966345,0.44544335562595183
PTCIL,2026-09-01,0.7857182610745352,-1.108626640868915,-1.8943449019434455,3.9767165488634904,-0.9776735973564876
PWL,2026-06-19,-0.3868386599501145,-1.7697717519818412,-1.382933092031724,27.89615531783578,5.399568559235424
PWL,2026-07-08,1.062353720597275,-1.1231857132701695,-2.185539433867445,-17.52118781898386,-5.1705501150427935
RADICO,2026-06-19,0.17849044394826405,-0.6253884214303285,-0.8038788653785933,2.0280138485117893,0.43490712435148016
RADICO,2026-06-22,-0.010532365798061046,-1.3324049728033804,-1.3218726070053255,0.8667632938569536,-0.33948837074551097
RADICO,2026-06-25,0.1803787126128049,-0.5811662410172169,-0.7615449536300223,7.358228770906017,0.43315287659617674
RADICO,2026-07-07,0.19481055864020486,-0.5985348893073783,-0.7933454479475799,3.175209168383386,-1.298434217298794
RADICO,2026-07-20,0.10519516766297327,-0.6983416986372615,-0.8035368663002362,2.5603970303545553,-1.0187135759178068
RADICO,2026-07-29,-1.0727947010636476,-1.6412191913993013,-0.5684244903356617,4.07731457654259,0.06290387144738396
RADICO,2026-07-30,0.15638020047941703,-0.5421924950907653,-0.6985726955701876,-0.38357611010393367,-2.264610884871765
RBLBANK,2026-06-11,-0.05484076185489127,-0.7442791311069508,-0.68943836925206,3.875774743063465,-0.47009205688349764
RBLBANK,2026-06-19,0.19892540819881682,-0.510770893972623,-0.7096963021714475,0.9480154328187052,0.8817069634190933
RBLBANK,2026-08-05,-0.10351995912831519,-0.8080565202676526,-0.704536561139335,-1.0150806435960558,0.9258001280981532
RECLTD,2026-06-16,0.04206529406097282,-0.5395777318718986,-0.5816430259328764,3.723215609760855,0.25969708950353
RECLTD,2026-06-18,1.119399611102474,-0.704809286898822,-1.8242088980013005,2.22498786719616,-1.8242088980013005
REDINGTON,2026-06-17,0.08724948187654392,-0.6759935170578601,-0.7632429989344103,8.969658504595968,0.4384965178966249
REDINGTON,2026-08-03,1.0141352931152952,-0.7179758519073598,-1.7321111450226523,7.321591776278336,2.824132746303576
REDINGTON,2026-08-05,1.0289474415749873,-0.9146553568588955,-1.9436027984338855,-1.4986486540905175,-3.5148394294889918
REDINGTON,2026-08-28,-0.3085956233780105,-0.9805309622936242,-0.6719353389156191,5.191414262278848,-1.6513945736602031
REDINGTON,2026-09-07,0.551625760109037,-0.7339211874857643,-1.2855469475947956,2.969842611758744,-0.44497359730469865
RKFORGE,2026-07-28,0.6262449184066518,-0.5836192029440301,-1.209864121350679,6.641685365468364,-1.1159312058853232
RKFORGE,2026-08-04,0.23978608267925514,-0.5047768012685916,-0.7445628839478413,4.79223027987814,1.5515347658609402
RKFORGE,2026-08-06,0.08408318771459604,-1.261300848858693,-1.3453840365732939,0.43445090239822015,-2.8799663653563123
RKFORGE,2026-08-19,0.5538776321405416,-0.7255796981040952,-1.2794573302446377,-6.075384412967077,-2.2568884457867644
RRKABEL,2026-06-23,0.07544622414989083,-0.6735468056463634,-0.7489930297962522,-8.188627209361776,-1.1220184814658807
RRKABEL,2026-06-25,0.9016123940247743,-1.3544561947913314,-2.256068588816107,-6.861608332698732,1.533150573662323
RRKABEL,2026-07-28,-0.08086878518591256,-0.6053343510052156,-0.5244655658192987,7.550482879719067,0.11474756033109657
RRKABEL,2026-08-18,1.456899182873379,-1.1683140188060714,-2.625213201679444,-14.455112080049181,-2.5238973670970943
RRKABEL,2026-08-24,0.06110027362306898,-0.5518173466746212,-0.6129176202976927,-19.169923455030734,-2.5680766540547295
SAGILITY,2026-07-28,0.31797048825705765,-0.7246404037416943,-1.042610891998752,-4.245041567231411,-1.5422837530004174
SAGILITY,2026-07-29,-0.022431970647774115,-0.6769938786558183,-0.6545619080080445,-5.410935630879942,-1.058405848101851
SAIL,2026-08-28,0.27850723570838554,-0.5987856889811405,-0.8772929246895211,-10.204700755229101,0.3126890248582148
SAILIFE,2026-09-02,0.2296195679255964,-0.5995647139901306,-0.8291842819157291,5.058041560526716,1.2884296466386225
SAILIFE,2026-09-03,1.5533632411024814,-0.5661333199792562,-2.119496561081735,2.752692686157765,-2.0571125563405457
SBICARD,2026-07-28,-0.015118266711654496,-0.6260453939931798,-0.6109271272815242,-6.999954634124206,0.2207805955027453
SBILIFE,2026-07-15,0.07998592247764395,-0.5508363861293608,-0.6308223086070042,2.1153610297921066,-0.23089269621878739
SBIN,2026-08-07,0.027438291938642945,-0.5981009034981222,-0.625539195436764,-4.210221431843875,1.3222669723312652
SHRIRAMFIN,2026-06-17,-0.034476948475509556,-0.536913805679784,-0.5024368572042803,0.38417509159291985,-0.5024368572042803
SHRIRAMFIN,2026-07-03,0.2229770302606947,-0.6740363926457604,-0.8970134229064564,-6.620030047155645,-0.9713315389381139
SHRIRAMFIN,2026-07-07,0.13800622408070606,-0.8287251294095688,-0.9667313534902688,-4.232878656733652,-2.659609948408659
SIEMENS,2026-08-25,0.07489165865094095,-0.6400755763014798,-0.7149672349524239,-9.587127677396111,-0.5265111298342506
SOLARINDS,2026-07-20,0.3217243581730909,-0.7190275696678183,-1.0407519278409105,-0.7401242488922821,0.9634325984832603
SONACOMS,2026-07-08,0.86363074625943,-1.0068370620238798,-1.8704678082833048,0.890211319376788,-1.9295233339284512
SONACOMS,2026-07-16,-0.0875185214876832,-0.6287857688919485,-0.5412672474042646,6.875471205748784,-0.1474650587633186
SONACOMS,2026-07-22,-0.04065585827076309,-0.9583008896585699,-0.9176450313878148,3.5072509018055698,-1.7443444794644325
SONACOMS,2026-08-10,0.2835658785280004,-0.7810783163389345,-1.0646441948669372,-0.5699100427647097,-2.446289514959843
SONACOMS,2026-08-20,0.10700760599047679,-0.8423082733616916,-0.9493158793521639,-4.468578774156018,-2.500882625888845
SONATSOFTW,2026-06-18,0.8599805899385101,-0.5134340442299767,-1.3734146341684905,-9.113201063013332,-4.447033124629485
SUNPHARMA,2026-07-09,0.03610211405720813,-0.6883154155047366,-0.7244175295619493,1.7818371821573864,0.1883584837215846
SUZLON,2026-06-19,0.18395519938385804,-0.6647409576003738,-0.8486961569842411,-11.083242327947962,-0.5476797178759485
SWIGGY,2026-07-30,0.3044508732114339,-0.678811241646593,-0.9832621148580301,-4.561353259620016,-0.798539230429407
SWIGGY,2026-08-25,-0.12202690506848936,-0.724127753100301,-0.6021008480318057,-5.692279393199762,0.9319227935995267
SYRMA,2026-06-10,0.6710339002665372,-3.844789350042088,-4.515823250308626,2.715551912250347,-3.2921731968814094
SYRMA,2026-06-11,0.5257585237750522,-0.6544564245020923,-1.1802149482771362,2.0999086261074495,-0.8114004111932416
SYRMA,2026-09-07,0.07934237398968612,-0.6363515040040624,-0.7156938779937394,14.305550282743273,7.568469942645595
SYRMA,2026-09-08,-0.006047306684661797,-0.5580002721952471,-0.5519529655105826,4.577418343786399,-0.8604394441168006
TATACAP,2026-06-19,0.25678757868364277,-0.6544304407621326,-0.9112180194457808,3.7536315259500075,4.866345774487768
TATACHEM,2026-09-16,2.9042447978425865,-2.596149675499959,-5.500394473342551,-6.136757094972789,-1.4317478040247966
TATACHEM,2026-09-17,0.17678415209012047,-1.9622667861122656,-2.1390509382023803,-12.461802661817812,-7.947571785741337
TATATECH,2026-08-10,0.6331948876003506,-0.8593410455711381,-1.4925359331714905,-6.032339688719035,-0.6049312762359871
TCS,2026-07-30,0.1085242811141224,-0.5578047954531318,-0.6663290765672625,-0.569865229623423,-4.135151348890753
TECHM,2026-07-29,-0.09685120431581735,-0.6004149952191007,-0.5035637909032831,-3.772092441405228,-0.18881954300542514
TECHM,2026-07-30,-0.02973774284584252,-0.6937844446699426,-0.6640467018240948,-5.309080682306478,-3.6497131794702375
TEJASNET,2026-06-19,0.6899942612121054,-0.8068238823383034,-1.4968181435504158,-11.767480019887145,1.1997262873024717
TEJASNET,2026-09-03,-0.025867608348680578,-0.695872880992654,-0.6700052726439698,-10.088109843277183,-1.6790841451664207
THERMAX,2026-06-23,-0.13025285403113296,-0.8658913991354322,-0.7356385451043002,4.307672064228862,-2.308868828286459
TIINDIA,2026-06-22,0.6758047383334267,-0.5696026763369222,-1.245407414670352,-12.412699402192795,-1.1042334474134607
TITAGARH,2026-06-15,0.7767472178813908,-0.8433601556852466,-1.6201073735666371,-3.4627460321256853,-1.9149267905486766
TITAN,2026-07-01,0.3270698092097483,-0.5356000293854191,-0.8626698385951648,3.1427949935460164,-1.34206813725527
TITAN,2026-07-09,0.5193176538147741,-0.7860245644168651,-1.305342218231642,-1.1407897108369314,-2.1495073294119704
TITAN,2026-08-27,0.12945612796141065,-0.559334767393449,-0.6887908953548516,-7.286996714272432,-0.3989721917420752
TMCV,2026-07-01,0.057185337679419,-0.5546977754903537,-0.6118831131697755,-7.256816559265433,-0.4975124378109319
TMCV,2026-08-05,0.010917273225405894,-0.6285530415258034,-0.6394703147512115,3.6957402260509475,-1.6113475718843362
TMPV,2026-06-15,0.07405913048683305,-0.7567269285057798,-0.8307860589926164,-15.495096614659865,-1.6701630524616817
TORNTPHARM,2026-07-08,0.15295838645058527,-0.5281041151010468,-0.6810625015516325,-0.5056682267759682,-1.0461211922347058
TORNTPHARM,2026-07-16,1.7000862431700852,-0.6339127756461282,-2.333999018816213,1.26978458678626,-2.8301889109977996
TRENT,2026-06-22,-0.15765887781433388,-0.989032291109837,-0.8313734132954997,2.562866001117925,-1.9411439899870597
TRENT,2026-08-05,0.028782552801725862,-0.5646821391675494,-0.5934646919692699,-6.983886380636994,-0.2096556753359513
TRENT,2026-08-06,1.6413188657449198,-1.1343973487881964,-2.7757162145331193,-8.79282043298868,-1.5684893781758968
TVSMOTOR,2026-07-03,-0.0027404705215837485,-0.7849811114506222,-0.7822406409290439,3.8172581373060455,-0.6891582202373958
TVSMOTOR,2026-08-03,0.44862393236131487,-0.5389193842923912,-0.9875433166537051,2.4979195424611245,0.9748943145544198
ULTRACEMCO,2026-07-03,0.025570281196382317,-0.5060358648763974,-0.5316061460727828,0.6787204972226402,-0.07986451160335584
ULTRACEMCO,2026-07-21,0.08291183031596455,-0.7628302948220256,-0.8457421251379937,1.0695211551607908,0.16578220471676897
ULTRACEMCO,2026-08-05,-0.008174703217399694,-0.5465606571153359,-0.5383859538979352,-4.2170024017277985,-0.35036777989774226
UNIONBANK,2026-08-05,0.5767542390317073,-0.537098178897577,-1.1138524179292841,6.033453221269647,-0.028186721505851775
UNIONBANK,2026-08-07,0.27806707046956997,-0.6065545959202279,-0.8846216663897954,1.410754446943363,0.15129963410687175
UNIONBANK,2026-08-12,0.04285765566946947,-0.851081966387568,-0.8939396220570384,0.10247839303763051,0.17747724689369804
UNIONBANK,2026-08-13,0.031830620580616774,-0.8369662183889681,-0.8687968389695877,0.24504017807338574,-0.6407219041659418
UNIONBANK,2026-08-26,0.2975948570471796,-0.6071576798813538,-0.9047525369285325,-7.018588124109515,-1.3224369368783795
UNITDSPR,2026-07-29,0.2040263400366924,-0.5040921185673564,-0.7081184586040457,0.2988217448736119,-0.8199971328579081
UNITDSPR,2026-08-04,0.07769268789766925,-0.7435524555377326,-0.8212451434354007,0.35713874358547226,-1.0672851611622014
UNOMINDA,2026-07-09,-0.1032052243366476,-0.7039333854897523,-0.6007281611530968,0.8700145291800521,0.19914907397526882
UNOMINDA,2026-08-05,-0.007997282177845896,-0.737489491294141,-0.7294922091163003,0.790362462943972,0.5503854094607741
UNOMINDA,2026-08-07,0.07785797148841085,-0.622083291363007,-0.6999412628514223,-0.6532283807877626,0.5380023846436988
URBANCO,2026-08-26,0.565844668103995,-0.8612741296237458,-1.4271187977277444,-8.644556744178388,-4.15242407113543
VBL,2026-06-17,0.10071805647955423,-0.5982304942904859,-0.6989485507700399,-11.32036115391497,0.29910021376540197
VOLTAS,2026-06-22,0.9217140744033863,-0.8359615352174443,-1.7576756096208235,-2.1465277178194464,-2.4993751639663553
WELCORP,2026-07-01,0.22836636489682738,-0.6802087156430825,-0.9085750805399084,0.7160900798262926,-2.7811760867792024
WELCORP,2026-07-06,0.33619758076899453,-0.9694897072871522,-1.3056872880561454,3.5692249870894033,-0.11605233002870419
WELCORP,2026-07-10,0.1598221079913234,-0.5466844305649254,-0.7065065385562508,3.479641097279207,-1.5425129564880402
WELCORP,2026-08-14,0.49065641190257625,-0.6030293917475116,-1.0936858036500907,1.1432749078540416,-1.1675425192106736
WELCORP,2026-09-02,0.28594512268753325,-0.5207012570641711,-0.8066463797517076,7.304251648311855,-1.2819417022895019
WELSPUNLIV,2026-08-18,0.08944248538731903,-0.7993701638620343,-0.8888126492493598,5.478228208064317,-0.7770138073676436
WELSPUNLIV,2026-08-24,0.08315016607010993,-0.6690066817168994,-0.7521568477870111,8.357774078110802,-0.7417610946191644
WELSPUNLIV,2026-09-01,0.045234231207441335,-0.5025350554479613,-0.5477692866553974,4.784157247517928,0.005025378159717597
WELSPUNLIV,2026-09-03,0.4444249701785737,-0.6851622200720775,-1.1295871902506471,6.001014116568215,-0.7444168734491163
WELSPUNLIV,2026-09-04,0.41684437795498896,-1.1448386971681157,-1.5616830751231103,5.269615510119441,2.984342122357031
WOCKPHARMA,2026-08-04,-0.2787023688376301,-0.8935653714688074,-0.614863002631183,-7.117973983354098,-0.6441991516618284
WOCKPHARMA,2026-09-07,1.2033736935431925,-0.7193084221706059,-1.922682115713803,-1.5545890346111313,3.8204755213734787
WOCKPHARMA,2026-09-09,1.1860319461564943,-0.55526158618181,-1.741293532338295,-7.333862044409645,-0.053304904051165725
YESBANK,2026-06-15,0.16743797800399915,-0.6230969095111338,-0.7905348875151375,5.1117995499243785,-0.5393739283776733
YESBANK,2026-06-16,0.1658333672417535,-0.663353712799919,-0.8291870800416712,-2.902155570920617,-0.9121077175361703
ZENSARTECH,2026-07-29,0.20811971507296456,-0.5880021520446532,-0.7961218671176273,-13.518979002212506,-4.135194531563835
ZENTEC,2026-06-17,-0.2269843793301398,-1.6007508565428652,-1.3737664772127234,-8.014306420896167,0.24149807989233274
ZENTEC,2026-06-19,0.04516120426924882,-0.6028844976297187,-0.6480457018989694,-8.11951460117778,0.8071091842853484
ZENTEC,2026-08-19,1.4388391590498124,-1.2144603866024895,-2.653299545652299,-12.863627230166541,-4.0773089203020145
