,n_fires,ret_pct
2021-09-28,16.0,-0.596468249015425
2021-09-29,10.0,-0.21015082285871234
2021-09-30,9.0,-0.5259376020738893
2021-10-01,8.0,-0.48869834497958786
2021-10-04,15.0,0.9080467581137563
2021-10-05,24.0,0.7407660919946268
2021-10-06,15.0,-0.9892144870289554
2021-10-07,20.0,0.8180302016037588
2021-10-08,22.0,0.5893622760496431
2021-10-11,30.0,0.28359561343596074
2021-10-12,24.0,0.25632525445875576
2021-10-13,33.0,0.943759784921161
2021-10-14,31.0,0.9734787740718787
2021-10-18,39.0,0.7552396132719963
2021-10-19,29.0,-0.3155307734996393
2021-10-20,6.0,-0.8260625212080042
2021-10-21,7.0,-0.4844908296702255
2021-10-22,8.0,-0.3476668084567369
2021-10-25,9.0,0.0579633328010587
2021-10-26,8.0,0.7889480889700096
2021-10-27,4.0,-0.31448386638428527
2021-10-28,2.0,-1.94223384240636
2021-10-29,3.0,-1.0393515763905459
2021-11-01,3.0,1.459965505750782
2021-11-02,8.0,-0.22700482713416958
2021-11-03,11.0,-0.33400508475575075
2021-11-04,4.0,0.4913376165984751
2021-11-08,19.0,0.8469704042186388
2021-11-09,22.0,-0.1344921435271762
2021-11-10,7.0,-0.14991358050348014
2021-11-11,8.0,-0.7970140510272006
2021-11-12,8.0,1.2820606684330382
2021-11-15,7.0,0.03700663573213969
2021-11-16,6.0,-0.6087981951756416
2021-11-17,10.0,-0.5586294529162039
2021-11-18,6.0,-0.7478195643460861
2021-11-22,4.0,-1.9603372100156835
2021-11-23,5.0,0.49836979327988473
2021-11-24,6.0,-0.5044681737814694
2021-11-25,4.0,0.6959452503032093
2021-11-26,5.0,-2.9071254187753914
2021-11-29,2.0,0.16151341742889347
2021-11-30,3.0,-0.41485991949720136
2021-12-01,2.0,1.081664117042136
2021-12-02,3.0,1.3674571102433752
2021-12-03,4.0,-1.177768586739425
2021-12-06,5.0,-1.654091957599968
2021-12-07,3.0,1.5636548581649423
2021-12-08,4.0,1.7060948527881648
2021-12-09,5.0,0.2696066593683266
2021-12-10,6.0,-0.031677089480919296
2021-12-13,10.0,-0.8169055116863166
2021-12-14,6.0,-0.24959111813221968
2021-12-15,4.0,-0.5974060321640162
2021-12-16,3.0,0.1567816750529749
2021-12-17,3.0,-1.525945397337003
2021-12-22,2.0,1.1007170994593363
2021-12-23,5.0,0.6909306212627531
2021-12-24,4.0,-0.40327548791804224
2021-12-27,2.0,0.4851870910828504
2021-12-28,7.0,0.8603409174043453
2021-12-29,1.0,-0.11402602889762914
2021-12-30,8.0,-0.05606259494814747
2021-12-31,5.0,0.8724831757606522
2022-01-03,14.0,1.5653315812207858
2022-01-04,8.0,1.018687423526421
2022-01-05,4.0,0.6739585234692091
2022-01-06,6.0,-1.0005417462796928
2022-01-07,10.0,0.3764183651131514
2022-01-10,10.0,1.0700318921871732
2022-01-11,9.0,0.2913311252602302
2022-01-12,12.0,0.8673115731830494
2022-01-13,14.0,0.24956237305924223
2022-01-14,21.0,-0.011232356375068253
2022-01-17,23.0,0.28675682661627455
2022-01-18,14.0,-1.0653690567923424
2022-01-19,6.0,-0.964224043394124
2022-01-20,11.0,-1.0112406160797005
2022-01-21,6.0,-0.7875745304668613
2022-01-24,2.0,-2.656790518738339
2022-01-25,3.0,0.7513491221694313
2022-01-27,4.0,-0.971173291462768
2022-01-28,11.0,-0.04793161771092791
2022-01-31,8.0,1.39107178709299
2022-02-01,7.0,1.3667938611870323
2022-02-02,7.0,1.1557838585399605
2022-02-03,9.0,-1.2362248664229525
2022-02-04,6.0,-0.24998826581151823
2022-02-07,5.0,-1.7281112927623465
2022-02-08,2.0,0.30876976246183574
2022-02-09,6.0,1.141215233034587
2022-02-10,10.0,0.8133901085124018
2022-02-11,5.0,-1.312629691281364
2022-02-16,1.0,-0.17432697608654735
2022-02-17,3.0,-0.1016014719190439
2022-02-28,1.0,0.8134034290366632
2022-03-02,1.0,-1.1191633122935585
2022-03-03,1.0,-0.649757722841704
2022-03-04,2.0,-1.5317032007332254
2022-03-07,2.0,-2.352668473994779
2022-03-08,1.0,0.9474776509483585
2022-03-09,1.0,2.0726290088294297
2022-03-10,1.0,1.526738719047449
2022-03-11,2.0,0.21421537513466316
2022-03-14,6.0,1.4482565042708062
2022-03-15,1.0,-1.234645650331223
2022-03-16,1.0,1.8745100484606647
2022-03-17,1.0,1.8361988356508263
2022-03-21,10.0,-0.9802202470463706
2022-03-22,3.0,1.1561223252155806
2022-03-23,15.0,-0.40339354552280104
2022-03-24,13.0,-0.1327893706893679
2022-03-25,19.0,-0.4049875890900112
2022-03-28,15.0,0.4022619949862971
2022-03-29,10.0,0.5998187274997013
2022-03-30,16.0,0.9982465582194733
2022-03-31,9.0,-0.1914477162001882
2022-04-01,18.0,1.1777965258592316
2022-04-04,27.0,2.1671841339984343
2022-04-05,30.0,-0.5317557796472028
2022-04-06,21.0,-0.8339180323571727
2022-04-07,24.0,-0.943974110495216
2022-04-08,16.0,0.8208759390795572
2022-04-11,23.0,-0.6151497975913078
2022-04-12,7.0,-0.8183810641252287
2022-04-13,10.0,-0.3117481628350238
2022-04-18,11.0,-1.7281188010147552
2022-04-19,15.0,-1.2519178806467801
2022-04-20,6.0,1.0490244596548015
2022-04-21,13.0,1.4941678252146096
2022-04-22,7.0,-1.2686452605167986
2022-04-25,4.0,-1.2695122564301942
2022-04-26,11.0,1.4560121616207233
2022-04-27,8.0,-0.9441443610115341
2022-04-28,8.0,1.2128508890934642
2022-04-29,5.0,-0.8263240381694681
2022-05-02,4.0,-0.19559171203674675
2022-05-04,6.0,-2.2936183451936376
2022-05-10,1.0,-0.3790968888092272
2022-05-18,1.0,-0.11685620062508173
2022-05-19,3.0,-2.6532725334179386
2022-05-20,3.0,2.8891038794289337
2022-05-23,4.0,-0.31630222318707046
2022-05-24,1.0,-0.5522754266735541
2022-05-25,1.0,-0.6161219184365629
2022-05-27,2.0,1.1273847198922216
2022-05-30,4.0,1.8893205092962884
2022-05-31,9.0,-0.4612433983534836
2022-06-01,5.0,-0.37264067061659745
2022-06-02,1.0,0.6370004993115463
2022-06-03,2.0,-0.2628050201467391
2022-06-07,2.0,-0.9245946006475991
2022-06-08,3.0,-0.36609606157923524
2022-06-09,1.0,0.744972774168895
2022-06-15,1.0,-0.2539344381356057
2022-06-17,1.0,-0.43682936266399297
2022-06-23,1.0,0.9300447519609234
2022-06-24,2.0,0.9166472588529428
2022-06-27,3.0,0.8458990377725017
2022-06-28,3.0,0.11464333961117568
2022-06-29,1.0,-0.32239710103227903
2022-06-30,1.0,-0.11930812414028269
2022-07-01,1.0,-0.17870563085186086
2022-07-04,1.0,0.5288188249805481
2022-07-05,3.0,-0.15471713984448465
2022-07-06,5.0,1.1318189707300252
2022-07-07,8.0,0.894949203151052
2022-07-08,3.0,0.5436047866567373
2022-07-11,6.0,-0.028356592763323363
2022-07-12,4.0,-0.97249750439381
2022-07-13,2.0,-0.5707292501522909
2022-07-14,4.0,-0.1753655232310969
2022-07-15,5.0,0.6935957686387662
2022-07-18,13.0,1.4287304158276504
2022-07-19,16.0,0.3811764271124396
2022-07-20,24.0,1.103388850696918
2022-07-21,15.0,0.5108719746296009
2022-07-22,19.0,0.6877295960614926
2022-07-25,12.0,-0.5290199311757782
2022-07-26,4.0,-0.884795806776506
2022-07-27,12.0,0.9582177441437301
2022-07-28,23.0,1.7293731123692924
2022-07-29,37.0,1.3505953826479233
2022-08-01,36.0,1.0595531668439406
2022-08-02,34.0,0.0311327663805816
2022-08-03,15.0,0.24618083588656692
2022-08-04,22.0,-0.03537116074355806
2022-08-05,17.0,0.08917270739845495
2022-08-08,11.0,0.7334364671648164
2022-08-10,20.0,0.05506610997998429
2022-08-11,26.0,0.7085929368824795
2022-08-12,19.0,0.22170219505635025
2022-08-16,35.0,0.7181519343531395
2022-08-17,42.0,0.6675923198833145
2022-08-18,29.0,0.06826699360520383
2022-08-19,20.0,-1.1029475746944017
2022-08-22,4.0,-1.50773300473388
2022-08-23,7.0,0.49626821755044404
2022-08-24,8.0,0.1561611079505143
2022-08-25,17.0,-0.46861822192667546
2022-08-26,16.0,0.2080255529346653
2022-08-29,6.0,-1.4009988924553851
2022-08-30,17.0,2.578426378902554
2022-09-01,18.0,-1.2190795272107646
2022-09-02,18.0,-0.01910505934481499
2022-09-05,12.0,0.7203850071011875
2022-09-06,19.0,-0.05774531254664206
2022-09-07,20.0,-0.17671004916441913
2022-09-08,19.0,0.9892512965589573
2022-09-09,24.0,0.19439347917691308
2022-09-12,21.0,0.5775695663245095
2022-09-13,35.0,0.7454201929980142
2022-09-14,23.0,-0.3669097671756161
2022-09-15,21.0,-0.7017960667916379
2022-09-16,11.0,-1.9384853148544656
2022-09-19,7.0,0.521368859248672
2022-09-20,20.0,1.1008809885230342
2022-09-21,9.0,-0.5495005437451739
2022-09-22,7.0,-0.4997577656902563
2022-09-23,4.0,-1.7155677232420508
2022-09-28,1.0,-0.874917846539458
2022-09-30,3.0,1.642575596626905
2022-10-03,5.0,-1.2109264448790458
2022-10-04,1.0,2.291367093271912
2022-10-06,2.0,0.33286441360573793
2022-10-07,3.0,-0.09895331040011834
2022-10-10,4.0,-0.425364584114718
2022-10-12,1.0,0.8246145339619648
2022-10-13,3.0,-0.6380083772817624
2022-10-14,3.0,1.0070888003887335
2022-10-17,1.0,0.7337586960815656
2022-10-18,7.0,1.0117285874136073
2022-10-19,6.0,0.14468379208691928
2022-10-20,1.0,0.2952174549244013
2022-10-21,7.0,0.07032337856462956
2022-10-24,4.0,0.8787356376761757
2022-10-25,8.0,-0.41961220267050514
2022-10-27,12.0,0.45649078749665506
2022-10-28,9.0,0.2810605244745412
2022-10-31,13.0,1.26722303955642
2022-11-01,16.0,0.7395053222392978
2022-11-02,15.0,-0.3447197631545107
2022-11-03,9.0,-0.16673473084335422
2022-11-04,10.0,0.3570168155688336
2022-11-07,16.0,0.4727586225111935
2022-11-09,18.0,-0.2516139235956394
2022-11-10,4.0,-0.7093725904609771
2022-11-11,15.0,1.7833173247033374
2022-11-14,14.0,-0.11198455015547504
2022-11-15,10.0,0.40509242609507723
2022-11-16,10.0,0.03396111515991951
2022-11-17,4.0,-0.357149639481924
2022-11-18,2.0,-0.19761337135545398
2022-11-21,4.0,-0.8067729540576885
2022-11-22,9.0,0.463933015368867
2022-11-23,8.0,0.12634580983039712
2022-11-24,14.0,1.1870949889830174
2022-11-25,13.0,0.15500019600884762
2022-11-28,12.0,0.27008413120686026
2022-11-29,11.0,0.297912654375021
2022-11-30,14.0,0.7535634625419174
2022-12-01,22.0,0.2886735334004964
2022-12-02,18.0,-0.6187396179402005
2022-12-05,17.0,0.026482378562620035
2022-12-06,8.0,-0.3117513659096294
2022-12-07,10.0,-0.4411902750398933
2022-12-08,14.0,0.2631912360927746
2022-12-09,20.0,-0.6058782405979346
2022-12-12,7.0,0.002977743269738653
2022-12-13,13.0,0.599279386467999
2022-12-14,18.0,0.2810661073194387
2022-12-15,15.0,-1.3150934355333654
2022-12-16,3.0,-0.792295301794177
2022-12-19,6.0,0.8289956688926514
2022-12-20,5.0,-0.19081205394395617
2022-12-21,6.0,-1.012771964355863
2022-12-27,1.0,0.6533654614990558
2022-12-28,3.0,-0.05405150382313817
2022-12-29,2.0,0.377983170092433
2022-12-30,2.0,-0.471107793689185
2023-01-02,3.0,0.5089583355357918
2023-01-03,8.0,0.192892762485819
2023-01-04,2.0,-1.0399069487028845
2023-01-05,1.0,-0.28154392892826285
2023-01-06,5.0,-0.7375503705446151
2023-01-09,3.0,1.3536251708490266
2023-01-10,2.0,-1.033350475095851
2023-01-11,1.0,-0.10299775022909463
2023-01-12,1.0,-0.209547554088918
2023-01-13,3.0,0.5510095918388247
2023-01-16,2.0,-0.3438847072569362
2023-01-17,1.0,0.8854568511824201
2023-01-18,4.0,0.6206556323560042
2023-01-19,7.0,-0.3165367099256078
2023-01-20,5.0,-0.44289753051891534
2023-01-23,5.0,0.5042276095628795
2023-01-24,4.0,-0.0013798013043020418
2023-01-25,1.0,-1.249297962501228
2023-01-27,1.0,-1.6074246906178757
2023-01-30,1.0,0.25334426073457816
2023-01-31,2.0,0.07479862801675896
2023-02-02,5.0,-0.03349392530399564
2023-02-03,4.0,1.3835596307890219
2023-02-06,3.0,-0.5010133160870178
2023-02-07,1.0,-0.24261514654264627
2023-02-08,2.0,0.8475536424681795
2023-02-09,3.0,0.12170079483646568
2023-02-10,2.0,-0.20649578680046465
2023-02-13,1.0,-0.479375070002519
2023-02-14,1.0,0.89443537049958
2023-02-15,3.0,0.4796470794436125
2023-02-16,4.0,0.11101336008929596
2023-02-17,3.0,-0.5081567689351307
2023-02-20,4.0,-0.5550518480140765
2023-02-21,3.0,-0.10031264929920569
2023-02-22,1.0,-1.5280363131582653
2023-02-23,1.0,-0.2452434977984641
2023-02-24,1.0,-0.2595429723749043
2023-03-01,1.0,0.8492348770636093
2023-03-02,1.0,-0.7392168719804415
2023-03-03,5.0,1.5728598629827895
2023-03-06,6.0,0.6655523618366965
2023-03-08,5.0,0.24250512391459367
2023-03-09,4.0,-0.9282249899975281
2023-03-10,2.0,-1.0045664635585094
2023-03-15,1.0,-0.41746837386849034
2023-03-16,1.0,0.07924286811309411
2023-03-17,1.0,0.6738129621978839
2023-03-23,1.0,-0.43726933046436267
2023-03-29,2.0,0.7609856589321451
2023-03-31,4.0,1.6337198944623932
2023-04-03,4.0,0.2206297973761151
2023-04-05,3.0,0.9138954817361267
2023-04-06,3.0,0.23978747854371818
2023-04-10,5.0,0.14148632219350699
2023-04-11,5.0,0.5574768321964241
2023-04-12,4.0,0.5083967961446945
2023-04-13,5.0,0.08757724412713497
2023-04-17,9.0,-0.6795512150830185
2023-04-18,10.0,-0.26373533282438855
2023-04-19,3.0,-0.2344283016240789
2023-04-21,2.0,-0.002260708945023282
2023-04-24,4.0,0.6771973756565242
2023-04-25,9.0,0.14568576938982503
2023-04-26,4.0,0.24958627615121465
2023-04-27,12.0,0.5695152810193838
2023-04-28,25.0,0.8370013603697934
2023-05-02,30.0,0.4575166931912511
2023-05-03,15.0,-0.318502836487633
2023-05-04,18.0,0.9173717607303677
2023-05-05,19.0,-1.0232406865540389
2023-05-08,23.0,1.0814123118324304
2023-05-09,22.0,0.00848003817193188
2023-05-10,13.0,0.26908205008338015
2023-05-11,19.0,-0.09882342854272697
2023-05-12,15.0,0.09728797753729701
2023-05-15,17.0,0.45891205221868514
2023-05-16,14.0,-0.6106338807060685
2023-05-17,8.0,-0.5728269488420423
2023-05-18,10.0,-0.2849053652701161
2023-05-19,8.0,0.40513721791914925
2023-05-22,19.0,0.6097761825706316
2023-05-23,19.0,0.1834600568861644
2023-05-24,11.0,-0.34117947119577385
2023-05-25,15.0,0.19551116867164708
2023-05-26,22.0,0.9726420827874671
2023-05-29,32.0,0.5367798508963517
2023-05-30,13.0,0.18925684396833287
2023-05-31,22.0,-0.533701950132548
2023-06-01,21.0,-0.25169624936233204
2023-06-02,20.0,0.2507044360454902
2023-06-05,17.0,0.3223787573137793
2023-06-06,15.0,0.027699431442118616
2023-06-07,26.0,0.6849851638528914
2023-06-08,17.0,-0.49048192636628185
2023-06-09,16.0,-0.381819725413457
2023-06-12,11.0,0.20524046550352004
2023-06-13,25.0,0.6163502439319402
2023-06-14,18.0,0.21238341844009856
2023-06-15,26.0,-0.36149041015322014
2023-06-16,35.0,0.7379048352023077
2023-06-19,33.0,-0.37475183921172883
2023-06-20,20.0,0.3265717567498605
2023-06-21,26.0,0.21337637466720683
2023-06-22,4.0,-0.4539443817404343
2023-06-23,3.0,-0.5633615236065759
2023-06-26,4.0,0.13768299134766515
2023-06-27,9.0,0.675190341711196
2023-06-28,15.0,0.822107281232487
2023-06-30,26.0,1.143527476356887
2023-07-03,22.0,0.695709243369369
2023-07-04,15.0,0.3438946519135566
2023-07-05,22.0,0.04899685388621844
2023-07-06,26.0,0.509321758125636
2023-07-07,14.0,-0.848835445771845
2023-07-10,13.0,0.12466303397029588
2023-07-11,19.0,0.43139300324381846
2023-07-12,17.0,-0.2834429471475497
2023-07-13,20.0,0.1519230385574888
2023-07-14,16.0,0.7765114931427508
2023-07-17,16.0,0.7511013251041421
2023-07-18,8.0,0.1917706853032497
2023-07-19,11.0,0.4248282371482448
2023-07-20,20.0,0.7361412439498949
2023-07-21,18.0,-1.1719737128305097
2023-07-24,22.0,-0.3679432292985618
2023-07-25,17.0,0.04193703428323481
2023-07-26,18.0,0.4964339187534694
2023-07-27,23.0,-0.598637830087223
2023-07-28,12.0,-0.07044597937843067
2023-07-31,28.0,0.5484562836559181
2023-08-01,21.0,-0.10251191770254131
2023-08-02,9.0,-1.0489749274959825
2023-08-03,11.0,-0.7420685416911321
2023-08-04,15.0,0.6983389270114548
2023-08-07,21.0,0.41144018676027017
2023-08-08,16.0,-0.13497354646058168
2023-08-09,15.0,0.3152707884763739
2023-08-10,18.0,-0.4556268458015711
2023-08-11,16.0,-0.5874136161590715
2023-08-14,5.0,0.032169565781225984
2023-08-16,15.0,0.15667570139761278
2023-08-17,15.0,-0.5124582584125403
2023-08-18,15.0,-0.28452826260957353
2023-08-21,7.0,0.43215209131937105
2023-08-22,19.0,0.014693555773015454
2023-08-23,21.0,0.24515199000461063
2023-08-24,22.0,-0.2946964680621278
2023-08-25,10.0,-0.6236153774081932
2023-08-28,7.0,0.2089194238900971
2023-08-29,14.0,0.18957584743610756
2023-08-30,20.0,0.02480956863764039
2023-08-31,23.0,-0.4840350603388277
2023-09-01,37.0,0.9426710188917609
2023-09-04,41.0,0.48108337016425917
2023-09-05,31.0,0.23605960187407238
2023-09-06,21.0,0.18467726478093027
2023-09-07,18.0,0.5915032360780392
2023-09-08,38.0,0.47091903665750223
2023-09-11,46.0,0.8900143420050854
2023-09-12,15.0,-0.01575482868895195
2023-09-13,10.0,0.3841345269944396
2023-09-14,25.0,0.1649208239910216
2023-09-15,28.0,0.44396138771742866
2023-09-18,21.0,-0.2924316846098174
2023-09-20,8.0,-1.1518249945432046
2023-09-21,2.0,-0.7991939166498319
2023-09-22,2.0,-0.3449417659114995
2023-09-25,8.0,0.0015288066889551644
2023-09-26,11.0,-0.05007261720755274
2023-09-27,13.0,0.2631619198663282
2023-09-28,12.0,-0.9783629666773708
2023-09-29,11.0,0.5877516917168757
2023-10-03,13.0,-0.5578424654468894
2023-10-04,7.0,-0.47443072713306833
2023-10-05,5.0,0.5641584105285702
2023-10-06,7.0,0.5512707366051472
2023-10-09,4.0,-0.718194675884698
2023-10-10,9.0,0.9096802976240159
2023-10-11,11.0,0.6170692128707245
2023-10-12,14.0,-0.08757409120068171
2023-10-13,10.0,-0.21698099802970328
2023-10-16,15.0,-0.09772027556287366
2023-10-17,19.0,0.4041709427698992
2023-10-18,9.0,-0.7086812741337156
2023-10-19,6.0,-0.23588102112443998
2023-10-20,9.0,-0.41808960845935994
2023-10-23,5.0,-1.3350307425555652
2023-10-25,2.0,-0.8277236732921023
2023-10-26,1.0,-1.3853064912347501
2023-10-27,2.0,1.0075700327460302
2023-10-30,3.0,0.49167407696648624
2023-10-31,4.0,-0.3202606982899536
2023-11-01,4.0,-0.4740624572936891
2023-11-02,3.0,0.7588523257266999
2023-11-03,6.0,0.5087980838331285
2023-11-06,10.0,0.941990339899168
2023-11-07,13.0,-0.026019195847870602
2023-11-08,15.0,0.18962926582819506
2023-11-09,12.0,-0.24789373698150818
2023-11-10,12.0,0.1549283945833313
2023-11-13,20.0,0.09369804014345284
2023-11-15,26.0,1.1926753508604282
2023-11-16,19.0,0.4561522280999375
2023-11-17,27.0,-0.16897597201204206
2023-11-20,20.0,-0.19157289123818977
2023-11-21,19.0,0.45394734754240496
2023-11-22,12.0,0.14380348265852216
2023-11-23,13.0,-0.04971574875239915
2023-11-24,8.0,-0.03686890844358803
2023-11-28,28.0,0.4799264638990497
2023-11-29,36.0,1.040238911355451
2023-11-30,48.0,0.18187545137213768
2023-12-01,53.0,0.6692941610506598
2023-12-04,77.0,2.066816900376933
2023-12-05,38.0,0.8135565760247543
2023-12-06,45.0,0.39606432442005346
2023-12-07,37.0,-0.17455990623970186
2023-12-08,39.0,0.3265370504707432
2023-12-11,37.0,0.1320935183362959
2023-12-12,31.0,-0.43196070141755527
2023-12-13,27.0,0.09542158562574343
2023-12-14,63.0,1.2250087289956912
2023-12-15,60.0,1.2932779200891975
2023-12-18,42.0,-0.17710126840955187
2023-12-19,33.0,0.1608374856572503
2023-12-20,24.0,-1.412146609423337
2023-12-21,6.0,0.49597940765233606
2023-12-22,16.0,0.44389265566107117
2023-12-26,31.0,0.43068759341071683
2023-12-27,40.0,0.9952749920727699
2023-12-28,47.0,0.5723881307796219
2023-12-29,36.0,-0.21717930740454694
2024-01-01,39.0,0.048317180721269004
2024-01-02,32.0,-0.3500136051024061
2024-01-03,40.0,-0.685186637566948
2024-01-04,52.0,0.6564470186349425
2024-01-05,43.0,0.24101822286055619
2024-01-08,23.0,-0.911070868564301
2024-01-09,21.0,0.14804820050666745
2024-01-10,24.0,0.34277152411805734
2024-01-11,36.0,0.13183031833516878
2024-01-12,34.0,1.1426492637705898
2024-01-15,38.0,0.9267074694848665
2024-01-16,32.0,-0.29482333845447517
2024-01-17,9.0,-2.0894393512082443
2024-01-18,13.0,-0.5085271508735612
2024-01-19,34.0,0.746195718645537
2024-01-23,47.0,-1.774084294273448
2024-01-24,7.0,1.0129971071150878
2024-01-25,21.0,-0.47240537554001927
2024-01-29,42.0,1.8030591452244726
2024-01-30,43.0,-0.9913698102483215
2024-01-31,33.0,0.9460025419002926
2024-02-01,37.0,-0.13003033741542103
2024-02-02,53.0,0.7205988175093214
2024-02-05,55.0,-0.37568550808078083
2024-02-06,27.0,0.7243402101531293
2024-02-07,38.0,0.005014315737827957
2024-02-08,37.0,-0.9692017110872975
2024-02-09,20.0,0.29722318898448563
2024-02-12,17.0,-0.7641419430735708
2024-02-13,5.0,0.5884480011507653
2024-02-14,11.0,0.44519922849619586
2024-02-15,25.0,0.32371361888359207
2024-02-16,30.0,0.5930843022260657
2024-02-19,23.0,0.37000088082788096
2024-02-20,11.0,0.33766555730090353
2024-02-21,11.0,-0.6392700010330099
2024-02-22,13.0,0.736332185814148
2024-02-23,22.0,-0.02137959201901074
2024-02-26,27.0,-0.40809285088362346
2024-02-27,30.0,0.3448994348646428
2024-02-28,7.0,-1.1135927809948543
2024-02-29,7.0,0.14418556686905948
2024-03-01,16.0,1.6192168700068565
2024-03-04,28.0,0.29925402887358565
2024-03-05,17.0,-0.22002905070378498
2024-03-06,11.0,0.5266971542034149
2024-03-07,22.0,0.08676673462120199
2024-03-11,18.0,-0.7153178801771132
2024-03-12,4.0,0.013651886684606929
2024-03-13,2.0,-1.5132725270416536
2024-03-14,1.0,0.6771215952804832
2024-03-15,2.0,-0.5567468627318717
2024-03-18,3.0,0.14688778023679294
2024-03-19,2.0,-1.0802196640288697
2024-03-20,1.0,0.09923428906801757
2024-03-21,4.0,0.79146856998078
2024-03-22,10.0,0.38524885010076115
2024-03-26,15.0,-0.416580634029895
2024-03-27,16.0,0.5405716783151604
2024-03-28,9.0,0.9187001078543977
2024-04-01,24.0,0.6050979178091831
2024-04-02,22.0,-0.03872860275131451
2024-04-03,11.0,-0.08306302403686683
2024-04-04,17.0,0.3565912488363576
2024-04-05,14.0,-0.004224679746289706
2024-04-08,27.0,0.6778164752814453
2024-04-09,18.0,-0.10390218270411866
2024-04-10,20.0,0.49044741142307835
2024-04-12,22.0,-1.0301592814249916
2024-04-15,10.0,-1.0963897188301042
2024-04-16,7.0,-0.5594325260972033
2024-04-18,19.0,-0.6865245850318225
2024-04-19,5.0,0.6871768688606394
2024-04-22,12.0,0.8551965982977361
2024-04-23,28.0,0.14147135985376202
2024-04-24,34.0,0.15379287654238016
2024-04-25,30.0,0.7496929606716884
2024-04-26,40.0,-0.6663626980883297
2024-04-29,24.0,0.996662256880243
2024-04-30,26.0,-0.170251731563964
2024-05-02,22.0,0.19177127972140884
2024-05-03,19.0,-0.7609859296553445
2024-05-06,14.0,-0.14749338156797576
2024-05-07,8.0,-0.6246985595782073
2024-05-08,7.0,0.0
2024-05-09,4.0,-1.546911781190452
2024-05-10,4.0,0.44494691449390444
2024-05-13,14.0,0.22149680905385605
2024-05-14,16.0,0.5148324587705533
2024-05-15,18.0,-0.07786004689536163
2024-05-16,28.0,0.9157377676264788
2024-05-17,31.0,0.27785403439750667
2024-05-21,50.0,0.2802051667603722
2024-05-22,21.0,0.3051615474950031
2024-05-23,26.0,1.6366619608483068
2024-05-24,30.0,-0.04593757337192361
2024-05-27,29.0,-0.10737589261899938
2024-05-28,14.0,-0.19317094176221072
2024-05-29,9.0,-0.8015115627261094
2024-05-30,7.0,-0.9515599658179275
2024-05-31,13.0,0.18697799732139142
2024-06-03,61.0,3.2542317695352763
2024-06-04,7.0,-5.929359941641077
2024-06-05,22.0,3.3624236760035675
2024-06-06,17.0,0.8888049244237806
2024-06-07,14.0,2.0539931466807104
2024-06-10,24.0,-0.13289382574128705
2024-06-11,17.0,0.02429314342191624
2024-06-12,18.0,0.2497312914139238
2024-06-13,24.0,0.32564994745150067
2024-06-14,37.0,0.28505279152657437
2024-06-18,37.0,0.3933450786960613
2024-06-19,19.0,-0.17786131162043084
2024-06-20,18.0,0.21687361796223215
2024-06-21,31.0,-0.279629951309035
2024-06-24,18.0,0.156375661610908
2024-06-25,24.0,0.7793879853915442
2024-06-26,26.0,0.6218040121837909
2024-06-27,28.0,0.7361040898544724
2024-06-28,34.0,-0.14099020825968367
2024-07-01,39.0,0.5470484349075377
2024-07-02,35.0,-0.07497161563467802
2024-07-03,31.0,0.6742306607722792
2024-07-04,46.0,0.06444070008029268
2024-07-05,45.0,0.0892892949850621
2024-07-08,44.0,-0.013562113637344275
2024-07-09,34.0,0.4631820986013446
2024-07-10,20.0,-0.4450911197766749
2024-07-11,26.0,-0.03494426502141934
2024-07-12,37.0,0.7657573644356042
2024-07-15,42.0,0.3450669707641296
2024-07-16,30.0,0.10697158254551198
2024-07-18,25.0,0.7632129743428306
2024-07-19,11.0,-1.0884676251089243
2024-07-22,11.0,-0.08825762723847497
2024-07-23,13.0,-0.12321559717249908
2024-07-24,25.0,-0.2677831825905974
2024-07-25,21.0,-0.030312698404566518
2024-07-26,40.0,1.756732976027453
2024-07-29,28.0,0.00503324972633834
2024-07-30,22.0,0.08536433743000504
2024-07-31,27.0,0.377553501085659
2024-08-01,26.0,0.23946791656728195
2024-08-02,11.0,-1.172293549195469
2024-08-05,2.0,-2.678645789462286
2024-08-06,7.0,-0.26209626510589334
2024-08-07,14.0,1.2710162480444431
2024-08-08,15.0,-0.7428747813561065
2024-08-09,11.0,1.0386864037815746
2024-08-12,11.0,-0.08412844977941925
2024-08-13,10.0,-0.8543146999630324
2024-08-14,5.0,0.019677699987563635
2024-08-16,14.0,1.6459762490292462
2024-08-19,21.0,0.12835584110202358
2024-08-20,18.0,0.5135759339910173
2024-08-21,22.0,0.28887826964991703
2024-08-22,22.0,0.1667357653657442
2024-08-23,16.0,0.046955607782672715
2024-08-26,22.0,0.7551387144671073
2024-08-27,17.0,0.02858944102370753
2024-08-28,22.0,0.138300244326528
2024-08-29,11.0,0.397565940632294
2024-08-30,24.0,0.3337760073577778
2024-09-02,22.0,0.1695950113232314
2024-09-03,15.0,0.004550829989491412
2024-09-04,17.0,-0.3210082017058524
2024-09-05,30.0,-0.21270784221717465
2024-09-06,13.0,-1.1650350298901935
2024-09-09,6.0,0.3390048695012693
2024-09-10,19.0,0.41986500501236534
2024-09-11,22.0,-0.4897963449619458
2024-09-12,28.0,1.887963282727112
2024-09-13,31.0,-0.12761636040355961
2024-09-16,22.0,0.10746751326089488
2024-09-17,24.0,0.13709866056039743
2024-09-18,17.0,-0.16129951842196455
2024-09-19,15.0,0.15072376499098983
2024-09-20,30.0,1.4760441377741573
2024-09-23,32.0,0.5742385099666292
2024-09-24,25.0,0.0052030021699067674
2024-09-25,16.0,0.24575565157058943
2024-09-26,23.0,0.8148714241454025
2024-09-27,22.0,-0.14152231703233875
2024-09-30,11.0,-1.4060900852023384
2024-10-01,10.0,-0.05404401234794243
2024-10-03,10.0,-2.119637526098739
2024-10-04,2.0,-0.9326695880144675
2024-10-07,2.0,-0.8748875168602677
2024-10-08,4.0,0.8767647303469239
2024-10-09,13.0,-0.12473907279866303
2024-10-10,9.0,0.06604768849507447
2024-10-11,10.0,-0.13680536120755926
2024-10-14,9.0,0.6557345754428789
2024-10-15,11.0,-0.2809604904896901
2024-10-16,7.0,-0.34340754096676696
2024-10-17,2.0,-0.8868227322834543
2024-10-18,1.0,0.4210173941240125
2024-10-21,6.0,-0.293518237799828
2024-10-23,6.0,-0.1495564743491773
2024-10-24,3.0,-0.14773427748562273
2024-10-28,1.0,0.6548567634608204
2024-10-29,1.0,0.5246658848009123
2024-11-04,2.0,-1.27137736646451
2024-11-05,4.0,0.908305881860727
2024-11-06,10.0,1.1181870759630508
2024-11-07,10.0,-1.1628025706147627
2024-11-08,7.0,-0.2113709312467793
2024-11-11,1.0,-0.028567088740283353
2024-11-12,1.0,-1.0680930776533315
2024-11-18,1.0,-0.33527151631265184
2024-11-19,3.0,0.2758581406631766
2024-11-21,2.0,-0.7168807933116472
2024-11-22,4.0,2.3869464111237804
2024-11-25,7.0,1.3161295867362366
2024-11-26,3.0,-0.11312238174179257
2024-11-27,3.0,0.3323085437806128
2024-11-28,5.0,-1.4861029054492936
2024-11-29,3.0,0.9072001940535257
2024-12-02,13.0,0.6006820004948565
2024-12-03,8.0,0.7460011144599932
2024-12-04,18.0,0.04210968146538541
2024-12-05,28.0,0.9847825562885104
2024-12-06,21.0,-0.12384293961259507
2024-12-09,23.0,-0.23827399277279726
2024-12-10,18.0,-0.03635086213900074
2024-12-11,18.0,0.12901233029631864
2024-12-12,23.0,-0.3778196379659149
2024-12-13,13.0,0.8945547808588916
2024-12-16,27.0,-0.4039468921733236
2024-12-17,24.0,-1.3468730047733413
2024-12-18,9.0,-0.5635699812006956
2024-12-19,10.0,-1.0213311567061067
2024-12-20,15.0,-1.520556915080562
2024-12-23,5.0,0.7035472972972912
2024-12-24,4.0,-0.10861087115143775
2024-12-26,5.0,0.09503186263191132
2024-12-27,5.0,0.2661079652128029
2024-12-30,11.0,-0.7075847935867907
2024-12-31,4.0,-0.0004212721278373799
2025-01-01,8.0,0.41488871182535636
2025-01-02,11.0,1.8774033191665485
2025-01-03,6.0,-0.7602755327609123
2025-01-06,5.0,-1.6192595996625703
2025-01-07,4.0,0.38892874268343647
2025-01-08,4.0,-0.07993610384197103
2025-01-10,2.0,-0.4037999702463213
2025-01-14,1.0,0.3902874499386977
2025-01-15,1.0,0.16028803979861728
2025-01-16,1.0,0.4247650725383689
2025-01-17,2.0,-0.46586517926727744
2025-01-20,1.0,0.6100485537167577
2025-01-21,2.0,-1.3711845677293555
2025-01-23,4.0,0.21593282262408753
2025-01-24,2.0,-0.48760476583936674
2025-01-28,2.0,0.5611229817278129
2025-01-29,5.0,0.8966649288351114
2025-01-30,4.0,0.3730087599762788
2025-01-31,5.0,1.1135740150325812
2025-02-01,6.0,-0.11166221250199504
2025-02-03,6.0,-0.5157091976693451
2025-02-04,4.0,1.6189306820631133
2025-02-05,4.0,-0.1809207062143936
2025-02-06,1.0,-0.39226026346081966
2025-02-07,3.0,-0.18387386257991967
2025-02-13,6.0,-0.06009745771905495
2025-02-14,2.0,-0.4435266153706374
2025-02-17,2.0,0.13192755977626813
2025-02-18,1.0,-0.06184463402948426
2025-02-20,1.0,-0.08612081186238907
2025-02-21,4.0,-0.5117148798882476
2025-02-24,1.0,-1.0640105330068539
2025-02-27,5.0,-0.011087678764998277
2025-03-03,1.0,-0.024400049223838316
2025-03-04,4.0,-0.16569416451024388
2025-03-05,5.0,1.1531695069225467
2025-03-06,8.0,0.9284847776867
2025-03-07,2.0,0.03460139864501777
2025-03-10,3.0,-0.4088203913091726
2025-03-17,1.0,0.4980568336268254
2025-03-19,16.0,0.32100316461272094
2025-03-20,15.0,1.2356195589090069
2025-03-21,21.0,0.6888551951288902
2025-03-24,18.0,1.3188177230298859
2025-03-25,7.0,0.04353972876416368
2025-03-26,5.0,-0.7681079328545448
2025-03-27,7.0,0.4474827877002596
2025-03-28,7.0,-0.30773044101545244
2025-04-01,6.0,-1.5036571865236992
2025-04-02,5.0,0.7193842458686373
2025-04-03,20.0,-0.35251486188494496
2025-04-04,7.0,-1.4866619775066536
2025-04-08,6.0,1.6887318902814252
2025-04-09,10.0,-0.6065856008070525
2025-04-11,16.0,1.9170387409190415
2025-04-15,32.0,2.190239778210845
2025-04-16,28.0,0.4657316201027051
2025-04-17,34.0,1.7683476937954135
2025-04-21,43.0,1.1483498464016417
2025-04-22,30.0,0.17284255654137493
2025-04-23,17.0,0.6690840652122221
2025-04-24,22.0,-0.33807460922566923
2025-04-25,12.0,-0.855166336268387
2025-04-28,10.0,1.2028211882747275
2025-04-29,27.0,0.03061930965739812
2025-04-30,13.0,-0.007191007773188485
2025-05-02,16.0,0.05136803511647248
2025-05-05,17.0,0.4700890697612925
2025-05-06,9.0,-0.3333889859949313
2025-05-07,6.0,0.14274549954715887
2025-05-08,6.0,-0.5758880297096702
2025-05-09,6.0,-1.09501096942064
2025-05-12,27.0,3.8183073090219954
2025-05-13,31.0,-1.389583907654357
2025-05-14,38.0,0.36027960647213586
2025-05-15,36.0,1.6021438141461841
2025-05-16,46.0,-0.16877607536591732
2025-05-19,40.0,-0.29717088137536374
2025-05-20,15.0,-1.0484831354666824
2025-05-21,6.0,0.524831270888626
2025-05-22,15.0,-0.8211272774042211
2025-05-23,20.0,0.9892488718005854
2025-05-26,33.0,0.5954979456279652
2025-05-27,19.0,-0.6997724870316469
2025-05-28,34.0,-0.29706520659956714
2025-05-29,32.0,0.3278479228775888
2025-05-30,37.0,-0.333823496911434
2025-06-02,33.0,-0.13777230725331435
2025-06-03,37.0,-0.7043833380258491
2025-06-04,29.0,0.3165904807986175
2025-06-05,43.0,0.5308696762106768
2025-06-06,41.0,1.018752395450262
2025-06-09,60.0,0.4005448710087123
2025-06-10,41.0,0.00418584595869298
2025-06-11,17.0,0.14798446727146697
2025-06-12,10.0,-1.0071084662786611
2025-06-13,6.0,-0.6814458847919758
2025-06-16,16.0,0.921979376770854
2025-06-17,15.0,-0.37319707924959866
2025-06-18,4.0,-0.16637405234334324
2025-06-19,4.0,-0.07577278241026608
2025-06-20,9.0,1.287247095983779
2025-06-23,12.0,-0.559484548726974
2025-06-24,14.0,0.29012296868362597
2025-06-25,20.0,0.8001820520425307
2025-06-26,22.0,1.2052010814129765
2025-06-27,34.0,0.3475704773181043
2025-06-30,27.0,-0.4709842354665206
2025-07-01,21.0,0.09699396772837598
2025-07-02,14.0,-0.34610085397696055
2025-07-03,16.0,-0.188971251922454
2025-07-04,16.0,0.21924250859925998
2025-07-07,15.0,0.0011813410706551508
2025-07-08,10.0,0.24036171315751087
2025-07-09,16.0,-0.181801902732881
2025-07-10,14.0,-0.4743646446198069
2025-07-11,10.0,-0.8100901810276007
2025-07-14,11.0,-0.2685854157148504
2025-07-15,17.0,0.4525103218794291
2025-07-16,22.0,0.06449487413033861
2025-07-17,16.0,-0.3990217351728331
2025-07-18,14.0,-0.5696558047242783
2025-07-21,10.0,0.48981443028652816
2025-07-22,11.0,-0.11876443882732346
2025-07-23,13.0,0.6344544590244583
2025-07-24,14.0,-0.6256994627491075
2025-07-25,1.0,-0.8981674037030651
2025-07-28,6.0,-0.6284962329387578
2025-07-29,10.0,0.5680474234370125
2025-07-30,12.0,0.1367835124523431
2025-07-31,7.0,-0.34882717656889994
2025-08-01,11.0,-0.8195943742782208
2025-08-04,8.0,0.6407415043054421
2025-08-05,6.0,-0.29608040671041946
2025-08-06,1.0,-0.3056914228121266
2025-08-07,2.0,0.08932609229541644
2025-08-08,2.0,-0.9466912735407229
2025-08-11,4.0,0.9101804471857822
2025-08-12,6.0,-0.39719417907191357
2025-08-13,11.0,0.5388453516712133
2025-08-14,7.0,0.048543816407109475
2025-08-18,13.0,0.9973019276634965
2025-08-19,12.0,0.41685646806257637
2025-08-20,14.0,0.27981813736617234
2025-08-21,7.0,0.13252889742787488
2025-08-22,5.0,-0.8517482060098724
2025-08-25,9.0,0.39264173509054867
2025-08-26,7.0,-1.0241179872034878
2025-08-28,6.0,-0.8544430103923584
2025-08-29,1.0,-0.30223697933294824
2025-09-01,10.0,0.8114070174605414
2025-09-02,10.0,-0.18457290617897026
2025-09-03,9.0,0.5510715147017065
2025-09-04,24.0,0.07788776228048189
2025-09-05,8.0,0.027084730671167456
2025-09-08,20.0,0.12994782193525012
2025-09-09,4.0,0.3852930178235292
2025-09-10,10.0,0.42020862308871365
2025-09-11,7.0,0.12974116602184615
2025-09-12,6.0,0.4339045410009845
2025-09-15,14.0,-0.17838966811339896
2025-09-16,6.0,0.6777256391098607
2025-09-17,13.0,0.3611475529465391
2025-09-18,10.0,0.36853015416349333
2025-09-19,18.0,-0.37976065391384095
2025-09-22,19.0,-0.49236357186648316
2025-09-23,24.0,-0.13034343973540308
2025-09-24,11.0,-0.447365300760838
2025-09-25,5.0,-0.6626948212322681
2025-09-26,3.0,-0.9487437927231501
2025-09-29,5.0,-0.08030448049409777
2025-09-30,10.0,-0.09661407544825362
2025-10-01,11.0,0.9150390492475902
2025-10-03,22.0,0.23332467769816567
2025-10-06,17.0,0.7367178791287232
2025-10-07,15.0,0.12222193924698033
2025-10-08,8.0,-0.24752925801897474
2025-10-09,8.0,0.5416017571936882
2025-10-10,9.0,0.41120501676790155
2025-10-13,6.0,-0.22938183927065925
2025-10-14,9.0,-0.3244479132464395
2025-10-15,8.0,0.7080820872521931
2025-10-16,12.0,1.0336228211479837
2025-10-17,4.0,0.48679837376106594
2025-10-20,19.0,0.5184813729964155
2025-10-21,6.0,0.09847568259027106
2025-10-23,19.0,0.08814076368377499
2025-10-24,13.0,-0.37174505259611745
2025-10-27,22.0,0.6625291500029773
2025-10-28,21.0,-0.1149638146805021
2025-10-29,26.0,0.45381040946781415
2025-10-30,11.0,-0.6757175647810088
2025-10-31,17.0,-0.6018660837397216
2025-11-03,23.0,0.16036793506921665
2025-11-04,17.0,-0.6431586779760301
2025-11-06,10.0,-0.34359080045569534
2025-11-07,10.0,-0.06820322478444663
2025-11-10,19.0,0.32185728871263475
2025-11-11,10.0,0.47156471705849246
2025-11-12,28.0,0.7038409025849734
2025-11-13,16.0,0.012944949620363744
2025-11-14,10.0,0.1194026471448284
2025-11-17,14.0,0.39906690408659795
2025-11-18,13.0,-0.39748069020186794
2025-11-19,13.0,0.5503640675154298
2025-11-20,14.0,0.5354541588221684
2025-11-21,3.0,-0.47342428227803435
2025-11-24,5.0,-0.4167936312968079
2025-11-25,5.0,-0.2877529180069005
2025-11-26,15.0,1.2381783530362567
2025-11-27,10.0,0.03911422381892571
2025-11-28,11.0,-0.04806903583736144
2025-12-01,11.0,-0.10380212747401751
2025-12-02,8.0,-0.5484113396941881
2025-12-03,4.0,-0.17746951904364927
2025-12-04,11.0,0.18375278996383138
2025-12-05,10.0,0.5865433091659877
2025-12-08,3.0,-0.862653945989178
2025-12-09,3.0,-0.46570811090926867
2025-12-10,3.0,-0.31598875909956137
2025-12-11,3.0,0.54565875164998
2025-12-12,8.0,0.5729990019651465
2025-12-15,5.0,-0.07543469807149705
2025-12-16,3.0,-0.6424068837574293
2025-12-17,6.0,-0.1606677033445636
2025-12-18,8.0,-0.011619552256891819
2025-12-19,11.0,0.5843362036054733
2025-12-22,24.0,0.7933329106115661
2025-12-23,14.0,0.018148889399149937
2025-12-24,11.0,-0.13389838361685946
2025-12-26,8.0,-0.3817552133005053
2025-12-29,7.0,-0.3847631310177624
2025-12-30,4.0,-0.012527898855285713
2025-12-31,6.0,0.7353834224439026
2026-01-01,13.0,0.06487344669803274
2026-01-02,20.0,0.6960765170238581
2026-01-05,18.0,-0.2972058760474017
2026-01-06,19.0,-0.27276473171363724
2026-01-07,16.0,-0.1449622016468255
2026-01-08,2.0,-1.0095364158449915
2026-01-09,2.0,-0.7479613285493514
2026-01-13,4.0,-0.2246942885392733
2026-01-14,14.0,-0.259211846006413
2026-01-16,11.0,0.11201764399650926
2026-01-19,6.0,-0.4236324757381116
2026-01-20,3.0,-1.3796877137441155
2026-01-21,1.0,-0.29723570791637677
2026-01-22,5.0,0.526285960946038
2026-01-23,10.0,-0.9539381186706164
2026-01-27,9.0,0.5060152863462841
2026-01-28,17.0,0.6647346488174222
2026-01-29,23.0,0.30048195489833507
2026-01-30,6.0,-0.3865234077404689
2026-02-03,11.0,2.547593233021894
2026-02-04,4.0,0.18831648283172964
2026-02-05,1.0,-0.516756745616076
2026-02-06,3.0,0.19849016468285186
2026-02-09,20.0,0.6756581098813275
2026-02-10,15.0,0.26229876069705504
2026-02-11,16.0,0.07209990483325601
2026-02-12,10.0,-0.565042923620962
2026-02-13,4.0,-1.302348257655217
2026-02-16,9.0,0.8309432803093486
2026-02-17,12.0,0.166066292063749
2026-02-18,25.0,0.3652002197183979
2026-02-19,18.0,-1.4136684522350174
2026-02-20,9.0,0.4592550680687868
2026-02-23,23.0,0.554333479982394
2026-02-24,27.0,-1.1214156627970318
2026-02-25,35.0,0.2275335490801167
2026-02-26,27.0,0.05513894339252978
2026-02-27,21.0,-1.2468368500212268
2026-03-02,6.0,-1.2429227421638323
2026-03-04,2.0,-1.5491187895474101
2026-03-05,4.0,1.1658274570576665
2026-03-06,12.0,-1.2737318930444053
2026-03-09,1.0,-1.7275692308183932
2026-03-10,7.0,0.9719840791548862
2026-03-11,7.0,-1.6270567743087438
2026-03-12,5.0,-0.9540396930332928
2026-03-13,1.0,-2.064586811222946
2026-03-17,2.0,0.7362598835607637
2026-03-18,1.0,0.8339304375208911
2026-03-20,4.0,0.4884308965338757
2026-03-24,2.0,1.7756683156527453
2026-03-25,4.0,1.719805962740728
2026-03-27,1.0,-2.088905112938999
2026-04-01,3.0,1.5583438293735208
2026-04-02,2.0,0.14858954897207788
2026-04-06,5.0,1.123362266767347
2026-04-07,2.0,0.6765878576948658
2026-04-08,3.0,3.7783792956159967
2026-04-09,6.0,-0.9261439434677166
2026-04-10,11.0,1.1587753764504383
2026-04-13,11.0,-0.8646321593950623
2026-04-15,23.0,1.6300637062472756
2026-04-16,30.0,-0.1425873978533332
2026-04-17,39.0,0.6480241406387144
2026-04-20,35.0,0.04639499277327985
2026-04-21,45.0,0.8690798564113589
2026-04-22,45.0,-0.8076788618238351
2026-04-23,35.0,-0.8411190019346093
2026-04-24,15.0,-1.1380506539678703
2026-04-27,37.0,0.8149234824183171
2026-04-28,43.0,-0.4026115924964935
2026-04-29,49.0,0.7582657634449097
2026-04-30,14.0,-0.7449012061355398
2026-05-04,36.0,0.5073434414612388
2026-05-05,31.0,-0.35863394542201554
2026-05-06,46.0,1.240589643353629
2026-05-07,58.0,-0.017668148029703623
2026-05-08,49.0,-0.6186630612244115
2026-05-11,26.0,-1.4903149402549887
2026-05-12,10.0,-1.8319683541890175
2026-05-13,9.0,0.14135784059419176
2026-05-14,21.0,1.1831236369372666
2026-05-15,14.0,-0.19459851637491088
2026-05-18,7.0,0.027276920718177777
2026-05-19,21.0,-0.1350921241076941
2026-05-20,13.0,0.173596409518173
2026-05-21,22.0,-0.018178203854768427
2026-05-22,11.0,0.2731024474358801
2026-05-25,19.0,1.317064277657587
2026-05-26,21.0,-0.4910181295375682
2026-05-27,37.0,-0.027385257567613674
2026-05-29,38.0,-1.5033175629577955
2026-06-01,14.0,-0.7013425513053284
2026-06-02,10.0,0.431736306319519
2026-06-03,14.0,-0.33193946094914883
2026-06-04,17.0,0.046788683297016576
2026-06-05,12.0,-0.21289028843615165
2026-06-08,8.0,-1.0429338627102713
2026-06-09,12.0,0.5150698844224255
2026-06-10,8.0,-0.11681556778996294
2026-06-11,6.0,-0.22980713363744965
2026-06-12,10.0,1.9916620139797336
2026-06-15,33.0,0.9778646829145199
2026-06-16,14.0,0.5669932287180934
2026-06-17,22.0,0.4024687267071059
2026-06-18,19.0,0.34169978003351087
2026-06-19,22.0,-0.6409317718677587
2026-06-22,19.0,0.37396580495980825
2026-06-23,9.0,-1.1567105067506356
2026-06-24,19.0,0.8292056551520766
2026-06-25,26.0,0.14299437722400388
2026-06-29,14.0,-0.4562271366810755
2026-06-30,14.0,-0.33616954637991636
2026-07-01,24.0,0.5870320831107279
2026-07-02,22.0,0.7075342557701703
2026-07-03,29.0,0.3935786500487426
2026-07-06,33.0,0.6571669412775316
2026-07-07,27.0,-0.12955357222089736
2026-07-08,9.0,-2.117524515827318
2026-07-09,15.0,0.33812004144717633
2026-07-10,18.0,1.018660596494203
2026-07-13,16.0,0.01693570555851842
2026-07-14,11.0,-0.6565165369047166
2026-07-15,9.0,0.10996658451518648
2026-07-16,12.0,-0.023880225097083763
2026-07-17,9.0,1.086501464311307
2026-07-20,10.0,-0.3936861885253551
2026-07-21,19.0,-0.20958714957608482
2026-07-22,15.0,-0.79151479856997
2026-07-23,5.0,-0.5277924285044588
2026-07-24,4.0,-0.4279518395644999
2026-07-27,13.0,0.9613989195766948
2026-07-28,27.0,-0.04417249460887396
2026-07-29,27.0,1.1042140877174367
2026-07-30,23.0,0.27608503860552247
2026-07-31,21.0,0.27326071386892803
2026-08-03,31.0,1.602311299947612
2026-08-04,17.0,-0.6434102501316152
2026-08-05,23.0,0.03961015419633451
2026-08-06,17.0,0.04609043862535689
2026-08-07,16.0,-0.2652606323063855
2026-08-10,24.0,0.053520726622768855
2026-08-11,20.0,-0.45599768521350503
2026-08-12,11.0,-0.14608711753293369
2026-08-13,18.0,-0.16410088683697088
2026-08-14,13.0,-0.1223552770366676
2026-08-17,10.0,-0.3215530221415075
2026-08-18,10.0,-0.546574073098649
2026-08-19,8.0,-0.3171182995427735
2026-08-20,20.0,0.6377062464663963
2026-08-21,15.0,0.0831566345525836
2026-08-24,16.0,-0.13586186190829297
2026-08-25,15.0,0.4768973030496282
2026-08-26,24.0,-0.521073030646213
2026-08-27,15.0,-0.482904816122931
2026-08-28,14.0,0.35200411203846205
2026-08-31,13.0,-0.39399146852709954
2026-09-01,9.0,-0.10215614763854353
2026-09-02,6.0,-0.5875986577431824
2026-09-03,11.0,-0.1714444670038784
2026-09-04,11.0,0.10157727849795517
2026-09-07,9.0,-0.49606795633274636
2026-09-08,7.0,-0.605786072604142
2026-09-09,11.0,-0.8614290302979777
2026-09-10,6.0,0.19760058574995742
2026-09-11,6.0,-0.33947460674703667
2026-09-16,1.0,0.4282266299549198
