ticker,breach_date,mae_pct,day1_open_pnl
360ONE,2026-08-05,-0.3619063468062067,1.121307905611424
360ONE,2026-08-20,-0.2896960477478894,0.4168796784664863
ABB,2026-08-04,-0.3615535440113393,0.3247151580247243
ABCAPITAL,2026-06-24,-0.8759448253693902,0.2971940362164638
ABCAPITAL,2026-06-25,-2.2290800465476712,-1.9279421824123455
ABCAPITAL,2026-07-03,-0.19852367781399982,0.23750825050077307
ABCAPITAL,2026-07-06,-0.5097936964482908,0.6694920459431319
ACMESOLAR,2026-06-24,-2.3066485753052812,1.3116236996834063
ACMESOLAR,2026-06-29,-1.42109382375315,2.952345189222383
ACUTAAS,2026-06-29,-0.5784487381463865,7.457647733623607
ACUTAAS,2026-07-02,-1.2582543695993653,2.2312261407643197
ACUTAAS,2026-07-21,-0.5435808455199753,-0.5435808455199753
ADANIENSOL,2026-07-08,-1.6875490401872084,-0.7008364849336202
ADANIENSOL,2026-07-16,-2.1114770643033354,-1.3044947510571392
ADANIENSOL,2026-07-17,-2.2433689115168076,-1.5815418321237784
ADANIENSOL,2026-07-21,-1.8901043663354544,-0.916417092402011
ADANIENT,2026-07-01,-0.22512237524133782,1.1336202191538414
ADANIENT,2026-07-02,-0.5796497737341366,0.8355880928613724
ADANIGREEN,2026-06-22,-0.3364843364108916,-0.03375465085894147
ADANIGREEN,2026-07-14,-0.07798316672105177,0.46676971010908286
AEGISLOG,2026-06-11,-1.5607547749526884,14.250448747174914
AEGISLOG,2026-06-12,-5.3482574412281,-1.020935716518312
AEGISLOG,2026-06-15,-1.4044916946937436,0.07826121722744883
AEGISLOG,2026-06-17,-1.1658127274077223,-0.3044467011181551
AEGISLOG,2026-06-22,-1.0851255533356752,3.8116504093704817
AEGISLOG,2026-06-25,-2.795018449207176,3.788130217448793
AEGISLOG,2026-06-29,-0.5449131441045085,0.48919227788446484
AEGISLOG,2026-06-30,-1.457366408858607,-2.253755195856344
AEGISLOG,2026-07-20,-4.062406618121184,-3.26554621245283
AEGISLOG,2026-08-06,-3.140106831282674,0.2776485842741039
ANANDRATHI,2026-06-29,-1.1290814849292063,2.319078721829415
ANANDRATHI,2026-06-30,-2.5881099753856995,-0.7463930970460275
ANANDRATHI,2026-07-03,-0.38492298269682257,1.8178674181771992
ANANDRATHI,2026-07-06,-0.6406814846630082,1.172793108796566
ANANDRATHI,2026-07-10,-3.168117072362242,0.47874067530859765
ANANTRAJ,2026-07-17,-0.5395853712410359,0.1335815636405835
ANANTRAJ,2026-07-20,-2.4541180161430143,0.8403361344538007
ANANTRAJ,2026-07-21,-1.1823179977496379,2.307698654323742
ANANTRAJ,2026-07-22,-1.416125973736293,-0.0097551458394185
ANANTRAJ,2026-07-31,-1.5278050210912664,-0.7748989025402553
ANANTRAJ,2026-08-03,-2.2597341840214002,-1.4651637726355915
ANANTRAJ,2026-08-20,-1.763629069960504,-1.0334762109874052
ANGELONE,2026-06-15,-1.2317915222183284,1.6477480835479064
APARINDS,2026-06-11,-1.852523148681673,3.5325967383355694
APARINDS,2026-06-12,-1.5011781440160465,3.689966998673966
APARINDS,2026-06-15,-0.21859412195864847,4.821394980767613
APARINDS,2026-06-16,-2.5953452719092773,-0.5344244524871589
APARINDS,2026-06-18,-5.305037785276956,-4.278304984938741
APARINDS,2026-06-24,-1.5192693250167033,-0.5866191430905165
APARINDS,2026-08-12,-1.513380115791385,6.2574237887602635
APLAPOLLO,2026-08-10,-0.4277198968054119,1.0478668780346867
APLAPOLLO,2026-08-13,-0.48769712503711204,1.122409658662793
APLAPOLLO,2026-08-14,-0.4495131673998398,0.46247297041086544
APLAPOLLO,2026-08-17,-1.7584823692992857,-1.3033925181145212
APLAPOLLO,2026-08-18,-0.5635002970138192,-0.30424419444619044
APLAPOLLO,2026-08-20,-0.3568397409746571,0.38872097306823505
APLAPOLLO,2026-08-27,-0.33723137253044433,0.15276850526306784
APLAPOLLO,2026-08-28,-0.3461510201920093,0.6064901588106464
APOLLOHOSP,2026-06-10,-1.28994309357352,-1.2025426535997141
APOLLOHOSP,2026-07-03,-0.4861666581573165,0.9320557985443623
APOLLOHOSP,2026-07-15,-0.9199811000861424,-0.7143055671363641
ARE&M,2026-08-11,-1.0433724792962895,0.8801343335568923
ARE&M,2026-08-12,-1.5242052359321079,-0.5383783765017136
ASHOKLEY,2026-08-13,-2.037301910815148,-1.5481249560290289
ATHERENERG,2026-06-29,-0.47370801494917014,4.068171217774763
ATHERENERG,2026-06-30,-2.8808642423696407,3.3992152171746115
ATHERENERG,2026-07-01,-2.864971659676341,-1.572842095103888
ATHERENERG,2026-07-08,-2.7139385760811097,2.531049083295378
ATHERENERG,2026-07-09,-2.308881915458738,0.272937160495923
ATHERENERG,2026-07-13,-6.3336485952328765,-4.860603165639832
ATHERENERG,2026-07-15,-2.204040456517331,5.169749990045758
ATHERENERG,2026-07-16,-5.559772171356025,-4.18670341588574
ATHERENERG,2026-08-04,1.3703295541809712,10.785179259138488
ATHERENERG,2026-08-10,-3.710885306351186,-2.84650854388121
ATHERENERG,2026-08-11,-0.8117340159809472,0.26839167137175934
ATHERENERG,2026-08-12,-1.8719325296716938,2.1086870762783816
ATHERENERG,2026-08-28,-1.1109281625616196,6.86347625919721
ATHERENERG,2026-08-31,-0.7172710426967877,3.40933369960017
ATHERENERG,2026-09-01,-1.267947225268673,-0.24842029878781036
AUBANK,2026-06-24,-0.27136812018858647,1.6838180700722294
AUBANK,2026-07-06,-2.2954169923429912,-1.80675125248001
AUBANK,2026-08-21,-0.8318638624073227,0.21638466366065146
AUBANK,2026-08-24,-0.24610309295451938,0.0232593649402979
AUBANK,2026-08-25,-0.6493248393084516,0.7884670209464151
AUROPHARMA,2026-07-03,-0.5288241899769952,1.6066357788539154
AUROPHARMA,2026-08-07,-0.36966564908149646,1.548058476829861
AUROPHARMA,2026-08-13,-1.5330682052371647,-1.0629012876448685
AUROPHARMA,2026-08-31,-0.31126232455358505,2.1339414579943705
AXISBANK,2026-06-24,-0.5986052620830851,0.14513964387514733
AXISBANK,2026-06-25,-1.4594457659099058,-1.1364090427900098
BAJAJ-AUTO,2026-07-22,-0.3043494647972156,3.6437132519222093
BAJAJ-AUTO,2026-07-23,-1.0748090749227224,1.288499033253654
BAJAJ-AUTO,2026-07-28,-0.725829856981075,0.4596644348639156
BAJAJ-AUTO,2026-07-29,-1.5439432258975705,-1.129731038946613
BAJAJ-AUTO,2026-07-31,-0.9030463361306418,-0.12649206275247016
BAJAJ-AUTO,2026-08-03,-1.1843285728389885,0.8761198322451591
BAJAJ-AUTO,2026-09-01,-0.7436026791024064,0.16693121367608033
BAJAJFINSV,2026-07-02,-0.13456672111505918,3.6598798076531436
BAJAJFINSV,2026-07-03,0.0368725652083457,0.7369156145127009
BAJAJFINSV,2026-07-28,-0.4456882255389649,0.5389718076285188
BAJAJFINSV,2026-07-31,-0.2366074212005409,4.899666193454344
BAJAJFINSV,2026-08-03,-0.1701658982654286,1.3786036367503973
BAJAJFINSV,2026-08-05,-1.8635989810448783,-2.151948097989842
BAJFINANCE,2026-06-24,-0.25835071786438624,1.385269598516481
BAJFINANCE,2026-06-25,-1.9942056334486646,-1.8490403069056804
BAJFINANCE,2026-06-30,-0.8537241866777956,-1.0120391774342319
BAJFINANCE,2026-07-01,-0.5910171380163254,-2.096914389798299
BAJFINANCE,2026-07-03,-1.2347811442671386,0.8897260319126188
BAJFINANCE,2026-07-07,-0.7462185044765812,-1.9514953482326236
BAJFINANCE,2026-07-17,-0.4313647683658717,-0.11005136811245153
BAJFINANCE,2026-07-20,-0.5821176981471776,0.019505683674236884
BAJFINANCE,2026-07-21,-0.7957264644479323,-0.8423231171184598
BAJFINANCE,2026-07-31,0.3823029106262643,8.939667086990944
BAJFINANCE,2026-08-03,-1.4480355495643749,0.5826274619088689
BALRAMCHIN,2026-08-20,-2.4670492052364046,11.089302268002509
BANDHANBNK,2026-06-15,-1.0670156586195523,0.28849091659961523
BANDHANBNK,2026-06-16,-0.5113998162884936,0.8357324062204352
BELRISE,2026-06-15,-0.9266581563476262,0.7268114657618341
BELRISE,2026-06-17,-3.165990499224569,-1.731014349738902
BELRISE,2026-06-22,-0.5380289517519454,0.2722518714517008
BELRISE,2026-06-25,-2.8536167469172424,-2.0642581130343785
BELRISE,2026-08-12,-0.7136953674281354,1.6797736433014299
BEML,2026-09-02,-0.31325100364667513,2.092141893136934
BEML,2026-09-03,-1.2166459661468787,1.16426123880089
BEML,2026-09-04,-2.6256255170023057,-1.5925158894522506
BHARATFORG,2026-06-15,-0.42245398604162654,2.079494406268889
BHARATFORG,2026-06-19,-1.8620283151638217,0.031777175043301575
BHARATFORG,2026-06-22,-0.21728942912891958,2.1839092954745842
BHARATFORG,2026-06-23,-0.43160888032069966,0.9807087242137635
BHARATFORG,2026-06-29,-1.0254379773565692,-2.948918720985594
BHARATFORG,2026-07-17,-0.25974392828292947,0.35296851896597925
BHARATFORG,2026-07-20,-1.0184204509215755,0.018872575610462405
BHARATFORG,2026-08-07,-1.161600835408616,1.566079962031952
BHEL,2026-08-31,-1.9053550218592452,-0.7132326002499023
BIOCON,2026-08-06,-1.5265796677031318,-2.747883930942896
BOSCHLTD,2026-06-15,-1.6703554470990922,-0.8758488924200059
BOSCHLTD,2026-06-18,-0.9214578735395551,-0.24813276973526532
BOSCHLTD,2026-06-22,-1.418831767090456,-1.1731466126159162
BOSCHLTD,2026-06-25,-1.8879615162725183,-1.3512969596733093
BOSCHLTD,2026-07-02,-0.29314584501678453,-0.4614477449649046
BOSCHLTD,2026-07-03,-0.8078981218681447,0.02775564290129484
BOSCHLTD,2026-08-11,0.8018327605956665,2.671066203917438
BOSCHLTD,2026-08-12,-0.44313949378788076,1.1336758828806914
BOSCHLTD,2026-08-13,-0.9765551189170107,-0.33783154410891303
BOSCHLTD,2026-08-17,-1.4333384330592613,-1.1389212660148473
BOSCHLTD,2026-08-18,-0.24734904984816675,1.5871824618787667
BOSCHLTD,2026-08-31,-1.1245864598536048,-0.07272035836268786
BPCL,2026-08-03,-0.4356866766435874,1.5580667716324603
CARTRADE,2026-06-17,-0.6012007228034411,3.897531047954539
CARTRADE,2026-07-01,-0.5918655321586641,0.8814425320516461
CARTRADE,2026-07-08,-4.442943776869135,-3.75994930075233
CARTRADE,2026-07-14,-1.2904983054236707,0.502339308309474
CARTRADE,2026-08-20,-0.37901900850387804,0.8268639290413216
CARTRADE,2026-08-21,-1.5247459068583713,4.1877478424529935
CARTRADE,2026-08-27,-4.101539546362664,-3.5060915892975886
CDSL,2026-07-10,-1.14585752364057,3.589234046708256
CDSL,2026-07-13,-0.8353950561856283,-1.0491547804980628
CDSL,2026-08-26,-0.250957601373647,1.4397041341962957
CEMPRO,2026-06-22,-2.7449062831728765,0.7527913518961871
CGCL,2026-07-07,-4.28129855384255,-3.104212492724856
CGCL,2026-07-09,-0.7997066738662628,2.665456358831242
CGCL,2026-07-10,-2.595576986825898,-2.0127822668486006
CGCL,2026-09-03,-1.1619734767988499,3.443928686403308
CGCL,2026-09-04,-0.8258410592260956,3.1323719466941347
CGCL,2026-09-07,-4.462929758656687,-3.2925262531772748
CGPOWER,2026-06-17,-0.4609331926566984,1.3733877267091632
CGPOWER,2026-07-01,-0.328241939352214,0.538648681707854
CHENNPETRO,2026-06-10,-5.319927020792637,-4.837685562494465
CHENNPETRO,2026-07-22,-0.9407095482470318,1.9750858928367476
CHENNPETRO,2026-07-23,-10.546132366920135,-4.280876983901772
CHENNPETRO,2026-08-11,-1.2192957365743329,4.437103895769123
CHENNPETRO,2026-08-19,-2.324058714463084,-0.3264871927745161
CHENNPETRO,2026-09-09,-0.7943350646133607,8.231724389177009
CHENNPETRO,2026-09-10,-3.4536997277932358,2.0223158451104783
CHENNPETRO,2026-09-11,-6.437872916010057,-5.480715605687914
CHOICEIN,2026-07-09,-1.4479705930193543,2.9463802756544366
CHOICEIN,2026-07-10,-0.9730320916326307,-1.2107919185434746
CHOLAFIN,2026-06-24,-0.23488390860364472,3.1678850053828755
CHOLAFIN,2026-06-25,-1.363948486732991,-0.707226420759477
CHOLAFIN,2026-07-06,-0.4811499957421139,1.5810238284942102
CHOLAFIN,2026-07-07,-1.3383975177158614,-1.4776504144767055
CHOLAFIN,2026-08-06,-0.39348474563928315,-0.450698706464403
COCHINSHIP,2026-08-26,-0.639950304255843,0.6095798134903019
COCHINSHIP,2026-08-27,-1.7772871974532367,-1.2653772935963148
COFORGE,2026-06-25,-1.780137479649091,-1.297497600762787
COFORGE,2026-07-13,-1.0591552426723605,0.9000694059875913
COFORGE,2026-07-28,-0.12334602233809999,9.07857145122064
COFORGE,2026-07-29,0.25486499382836314,0.025622248342194176
COFORGE,2026-08-05,-1.1983131253861967,1.6945907441731523
COFORGE,2026-08-06,-2.1280648673926095,-1.3433921651181957
COFORGE,2026-08-11,-1.1799337651389519,-0.6940484472272468
COFORGE,2026-08-20,-0.9255630098817247,2.4067191202207017
COFORGE,2026-08-26,-1.5863469004833264,-1.329841952151034
COFORGE,2026-08-28,-1.5608011993496373,3.503956927759555
CONCOR,2026-07-27,-2.6965149836753466,2.3880597014925398
CONCOR,2026-07-28,-1.1830017150932792,1.3755233992692295
CONCOR,2026-08-13,-0.6285129161340053,0.12004819184239235
CONCOR,2026-08-14,-2.076917002290113,-1.519480097179815
CPPLUS,2026-06-22,-2.150439678233751,-1.967992549567421
CPPLUS,2026-06-30,-3.2325018976807063,-2.6525128368850903
CYIENT,2026-08-26,-0.8496445980411327,5.1366021258721695
CYIENT,2026-08-28,-0.4035535260430434,4.421234299319043
CYIENT,2026-08-31,-0.8546321778277743,8.832240770128719
CYIENT,2026-09-01,-4.187114024831784,-4.003472570035715
DATAPATTNS,2026-06-17,-0.497512437810943,0.17468570623693225
DATAPATTNS,2026-06-18,-2.249039848558787,-1.0101056713291534
DATAPATTNS,2026-06-19,-3.41291286516332,-1.3592929025531442
DATAPATTNS,2026-08-21,-2.98608624223331,-2.207142409141749
DELHIVERY,2026-07-01,-0.3862145891824875,3.256341301919008
DELHIVERY,2026-07-02,-1.3364525983745268,-0.05853087503657761
DELHIVERY,2026-07-06,-0.6134329490291135,0.47818920793485375
DEVYANI,2026-08-20,-1.3552925030022256,0.9435622600896476
DEVYANI,2026-08-21,-3.462420103609898,-2.4337803434264393
DEVYANI,2026-08-25,-0.8302966771493558,0.5141544933932041
DEVYANI,2026-08-26,-1.6167100877682916,0.528971152065183
DIVISLAB,2026-07-14,-0.25443982844791657,3.80630258679302
DIVISLAB,2026-07-15,-0.13862158997617335,1.0415771596343104
DIVISLAB,2026-07-16,-0.8572417584655101,-0.6875581166473133
DIVISLAB,2026-07-20,-1.8910858427752864,-1.4669548064817794
DIVISLAB,2026-07-29,-1.1627249499261194,4.910665285685489
DIVISLAB,2026-07-30,-0.7965862317242722,0.19608423317958312
DIVISLAB,2026-07-31,-0.5789896574070919,5.042938494727167
DIVISLAB,2026-08-03,-0.30072136228620483,3.942586203715681
DIVISLAB,2026-08-12,-1.7782375252450522,-1.0248698267543932
DIVISLAB,2026-08-25,-0.48604108808045776,0.2538609695355465
DIVISLAB,2026-08-26,-0.9868036454470763,2.92183658299503
DIVISLAB,2026-08-27,-0.5525287418926439,0.12417179831245573
DIVISLAB,2026-08-28,-0.5355734986270622,0.4703259657994341
DIVISLAB,2026-08-31,-1.307915653662628,-0.6960880602381647
DIVISLAB,2026-09-08,-0.30832422865075815,0.6376168171501329
DIXON,2026-06-15,-0.9806959842448837,-0.5891506966173798
DIXON,2026-06-16,-2.565845719641946,1.5625804723793157
DIXON,2026-06-17,0.0044529184832553526,4.117330353926074
DIXON,2026-07-06,-0.7177550980276393,4.764713979509572
DIXON,2026-07-07,-2.137253805876971,-1.9136527102315948
DIXON,2026-07-09,-0.6234087081709583,2.7535736026624846
DIXON,2026-07-10,-2.165642376353516,-2.2900204858062545
DIXON,2026-07-16,0.08404165913129535,2.8286933117732893
DIXON,2026-08-20,-0.15557949086183465,1.649826469029425
DLF,2026-07-01,-0.40481202899514956,0.2827458658522408
DLF,2026-07-02,-0.9104194092504847,1.1158741598403354
DLF,2026-07-03,-0.31669286619112613,2.0490076367432275
DLF,2026-07-06,-1.6569107873702804,-1.187280736000107
DLF,2026-07-10,-0.621132368838051,-1.1737605935682405
DLF,2026-08-24,-0.7955311115410701,0.01856997860509857
EICHERMOT,2026-07-28,-0.7447787188689992,0.06042173483291613
EICHERMOT,2026-08-03,-0.4786910341106454,0.681962194073793
EICHERMOT,2026-08-11,-1.6692182101577524,-1.3238733509397416
EMMVEE,2026-06-12,-1.0044392303402816,1.8053870985773601
EMMVEE,2026-06-15,-4.063495785950111,-3.0857274322031336
EMMVEE,2026-07-01,-0.6559382249588852,1.6771656340321295
EMMVEE,2026-07-02,-1.1809503430943336,0.9809343000701576
ENGINERSIN,2026-09-01,-1.4036227542411517,5.335592167276082
ENRIN,2026-06-19,-2.013044023579569,0.9134997282495227
ENRIN,2026-06-22,-2.1537306963233083,0.2814302390841794
ETERNAL,2026-07-01,-1.0554703119914355,4.896080345933895
ETERNAL,2026-07-02,-1.188998756968973,-0.01879197237235619
ETERNAL,2026-07-03,-2.289574750556045,-1.2456599055010842
ETERNAL,2026-07-07,-1.96688557914515,-0.2554938176655641
ETERNAL,2026-07-08,-2.959433829830649,-1.7626685155087918
ETERNAL,2026-07-09,-3.047559672143052,-1.1182414221554082
ETERNAL,2026-07-28,-0.6139889527331799,3.129833739824095
ETERNAL,2026-07-29,-0.8024433339853032,-1.4604397367998567
ETERNAL,2026-08-06,-1.2052114822094562,-1.2366666928281367
ETERNAL,2026-08-14,-1.1822377393696626,-1.1511121350804787
ETERNAL,2026-08-20,-0.5740528128587608,1.0332950631458226
ETERNAL,2026-08-21,-1.7848353362563074,-2.1634597181520054
EXIDEIND,2026-07-09,-1.3632629812796782,0.3799345424552847
EXIDEIND,2026-07-17,-1.4902258528629808,0.4259445233230741
EXIDEIND,2026-07-20,-0.850799908671096,-0.6228707130588429
EXIDEIND,2026-07-21,-1.395448027768642,-0.5648548667757991
EXIDEIND,2026-07-22,-1.293533687897308,-1.0945300623617982
EXIDEIND,2026-07-30,-3.398199384111078,0.34852376969130017
EXIDEIND,2026-08-05,-0.8749059261881742,0.7532813581142994
EXIDEIND,2026-08-07,-0.4041095704704123,1.277097702850405
EXIDEIND,2026-08-11,-2.9684337895227286,-2.17168525875735
FEDERALBNK,2026-06-12,-1.220144375028509,0.7592287522985686
FEDERALBNK,2026-06-17,-0.203132059603639,0.09125777539245039
FEDERALBNK,2026-06-24,-0.5740763724303766,0.05375349915910377
FEDERALBNK,2026-06-30,-0.6344461810310009,0.11106546776820103
FEDERALBNK,2026-07-03,-2.263915502413494,-1.8597454212275544
FEDERALBNK,2026-07-17,-1.0593374572854364,0.9809792050150534
FEDERALBNK,2026-07-21,-0.7659070276398783,0.03926812011261216
FEDERALBNK,2026-08-03,-0.08280353568682619,0.7880834713189344
FINCABLES,2026-09-09,-0.8909786559124444,2.5291791990617485
FINCABLES,2026-09-10,-0.5698252921439217,1.7008000993623984
FINCABLES,2026-09-11,-1.2634518102280556,-0.8456666980005356
FIVESTAR,2026-07-06,-1.6991257777816737,-1.4054045916250812
FLUOROCHEM,2026-08-13,-3.1254801604331806,0.718980228649091
FSL,2026-07-29,-2.1656414832432302,6.083549251673626
FSL,2026-07-30,-1.3108669188083732,-1.3475296192300479
FSL,2026-07-31,-1.79895628052823,0.16144443346184367
FSL,2026-08-03,-0.5302347524162809,6.128351859108694
FSL,2026-08-04,-1.4746481762886177,-0.1818261001263033
FSL,2026-08-05,-2.1819722053356805,1.0676952317066446
GABRIEL,2026-08-03,-0.752833264522601,-0.03270210747098323
GABRIEL,2026-08-04,-1.7945277236345758,-0.626568841912345
GABRIEL,2026-08-05,-1.1065365338455035,-0.4849584004689711
GAIL,2026-06-12,-0.520900222699261,1.1749952634381833
GAIL,2026-06-15,0.612593397589456,2.5538197410057695
GAIL,2026-06-16,-1.7384195944479153,-0.9972424183071205
GLAND,2026-06-11,-3.178780403098014,-2.3976235943135915
GLAND,2026-06-30,-0.255127185236137,4.266571384990225
GLAND,2026-07-07,-0.3518990460654292,0.3564997758819688
GLAND,2026-08-10,-1.362494216081589,7.479908556415982
GLAND,2026-08-11,4.212646179021107,8.359506008134376
GLAND,2026-08-14,-1.6761961674881865,-0.577420168005327
GLAND,2026-09-04,-1.4324561443756378,-1.118555875431182
GLAND,2026-09-07,-0.8393516141714685,-0.1322152342447369
GLENMARK,2026-08-24,-1.0186251878087638,1.328487076814966
GLENMARK,2026-08-25,-1.261953378981917,-0.6138430531320349
GLENMARK,2026-08-26,-0.8221964257091097,0.8998789612450153
GLENMARK,2026-08-27,-1.040065282691316,-0.3962891544312952
GLENMARK,2026-08-28,-0.4454359110996786,1.441259978038567
GMRAIRPORT,2026-06-15,1.1098357301720263,3.1955612422039703
GMRAIRPORT,2026-06-16,-1.216280501956024,-0.5159461737792137
GMRAIRPORT,2026-06-18,-0.7586510123836376,-0.6595982127154065
GMRAIRPORT,2026-06-30,-0.7471815476660315,0.5279200944993789
GMRAIRPORT,2026-07-01,-0.4799602525843438,-0.11129739531242633
GMRAIRPORT,2026-07-07,-0.5061930956619776,-1.0703166707460299
GODREJPROP,2026-07-01,-0.37099813260965675,3.4243924147195015
GODREJPROP,2026-07-02,-1.7293049927461723,-0.04316317953609872
GODREJPROP,2026-07-03,-0.49249689915316086,1.1379512232453814
GODREJPROP,2026-07-06,-0.557133993793324,2.3545025851386736
GODREJPROP,2026-07-08,-4.811958362077762,-3.9625833934284316
GODREJPROP,2026-07-10,-0.257758973208011,1.5499798085555794
GODREJPROP,2026-07-13,-1.6144720736820828,-0.17173254401516846
GRANULES,2026-07-07,-1.820377879389179,-0.6930678638059629
GRANULES,2026-07-09,-0.6616277289632433,0.47023998034785297
GRANULES,2026-07-13,-2.185677070411285,-1.6946732000681752
GRAPHITE,2026-08-04,-0.7580262748756006,3.4825870646766344
GRAPHITE,2026-08-05,-2.299089510663943,-1.620030153679708
GRAPHITE,2026-09-09,2.1365706214131253,10.51954317282715
GRASIM,2026-06-15,-0.5195665488855417,0.195665119620414
GROWW,2026-07-02,-1.6366864677035187,-0.5071204598245505
GVT&D,2026-06-17,-1.3478784575713165,-0.42020643601453633
GVT&D,2026-06-18,-1.0261674625327566,0.5309618830115381
GVT&D,2026-06-19,-0.9700736439383628,4.596697364242619
HAL,2026-08-03,-0.7532481094207566,-0.26308807216859353
HAL,2026-08-06,-1.0331956652462448,3.8681117515432684
HAL,2026-08-12,-1.0535224318107828,0.39250981274534524
HAL,2026-08-17,-0.5939619871709656,-0.2534330849461863
HAVELLS,2026-07-30,-0.2660908021221431,1.6570846522336868
HAVELLS,2026-08-03,-0.02105217151289196,0.447599146433153
HAVELLS,2026-08-04,-1.0617732862317264,0.15949922396019112
HAVELLS,2026-08-17,-0.8334134400611037,-0.8334134400611037
HCLTECH,2026-07-24,-1.3182046546091342,2.3549712486601315
HCLTECH,2026-07-27,-0.39613462248903053,1.4519877103510659
HCLTECH,2026-07-28,-0.6502407379831321,2.6334177157191885
HCLTECH,2026-07-29,-1.8914406231231973,0.021502027863684603
HCLTECH,2026-07-30,-1.019775510134957,-3.072057562662578
HCLTECH,2026-08-03,-0.7589961370444875,-0.07623560753443615
HDFCBANK,2026-07-06,-0.6331385927780486,3.9412602415432207
HDFCBANK,2026-07-07,-1.0838799883998385,-1.1676405208997043
HEG,2026-07-23,-1.5878400206758347,-1.789752536021183
HEG,2026-07-30,-3.1326609690854657,-2.0285499618941882
HEG,2026-08-05,-1.7924013644813996,0.3827168554063398
HEG,2026-08-14,-0.8111323336086218,0.3578098048439893
HEG,2026-08-18,-0.9452193688624044,3.671740745300789
HEG,2026-09-01,-3.66591283714105,-3.685843147413781
HEROMOTOCO,2026-07-30,-1.1198851406060806,2.3022400270126475
HEROMOTOCO,2026-07-31,-1.4695703344962174,0.8295324974300744
HEROMOTOCO,2026-08-03,-0.4827604491759896,0.7069090811785861
HEROMOTOCO,2026-08-04,-0.634179163699855,1.6435996011153975
HEROMOTOCO,2026-08-05,-0.45313922716065935,0.8159345974373622
HEROMOTOCO,2026-08-07,-2.4598985956403863,-0.3246149789713382
HEROMOTOCO,2026-08-10,-0.5318236404185828,0.3259564247727109
HFCL,2026-06-19,2.079393167155641,9.152180357950446
HFCL,2026-06-22,-2.5814581388489244,-1.2380478951795393
HFCL,2026-07-06,-1.1666171627956468,1.6996894265633111
HFCL,2026-07-07,-3.988049982564845,-2.7950818813167744
HFCL,2026-08-24,-1.1342604550024227,1.7523318517328024
HFCL,2026-08-25,-1.98541637757228,-0.5016726506857583
HFCL,2026-08-27,-0.47307565413037267,0.35780606525044334
HFCL,2026-08-28,-0.9237668544342159,2.2208688372465923
HFCL,2026-08-31,-3.4619165722458156,-1.7066786917411925
HINDCOPPER,2026-08-17,-0.9335443727898518,-0.8289009665192859
HINDCOPPER,2026-08-21,-1.4809793733566945,-0.6182909265384562
HINDCOPPER,2026-08-24,-2.944433087010123,-7.256494825956194
HONASA,2026-06-11,-3.1788531697659828,-0.45067385831388806
HONASA,2026-06-30,-0.3091433470696181,0.9651089992167572
HONASA,2026-07-01,-0.6688139439517515,0.2090874883774685
HONASA,2026-07-06,-2.3053121406014343,-1.5695802255763724
HSCL,2026-06-10,-1.759109265411818,-1.994326362457044
HSCL,2026-06-17,-1.7914895166242673,-1.4468965348575225
HSCL,2026-06-18,-3.8980501822030056,-3.7793488696866384
HSCL,2026-07-21,-0.5923549973675613,3.568075035839491
HSCL,2026-08-14,-1.1762093151839403,-0.4784803693989703
HYUNDAI,2026-06-15,0.29439856255519814,1.6042995623777312
HYUNDAI,2026-08-13,-1.8896191925117822,-1.6686498663687876
ICICIBANK,2026-06-24,-0.5411170425453804,0.43276053131307
ICICIBANK,2026-06-25,-0.3169402664157772,0.21755512431400614
ICICIBANK,2026-07-03,-0.2708910131282938,-0.0017705068961149095
ICICIBANK,2026-07-06,-1.0510843258399793,0.31532307378163704
ICICIBANK,2026-07-17,-0.7058219023514445,0.30100717626107
ICICIBANK,2026-07-20,-1.5505952248549226,0.5213794038575692
IDBI,2026-07-14,-1.062144831635925,0.8276527567149028
IDEA,2026-08-25,-0.7756463015467285,6.1081717993400675
IDEA,2026-09-07,-0.8212042656408736,0.861988299948413
IDEA,2026-09-09,-1.7666816367580829,-0.37059914902455304
IDFCFIRSTB,2026-06-12,-0.3505951980345645,4.17710107182212
IDFCFIRSTB,2026-06-15,-0.7032238137091751,1.045357214066911
IDFCFIRSTB,2026-06-22,-0.13266462106550359,1.2638182091229133
IDFCFIRSTB,2026-07-27,1.9208699072986501,2.017126031763228
IFCI,2026-06-12,-0.2828614598280321,4.5467718976687
IFCI,2026-06-15,-0.050419235513077254,5.420631026548617
IFCI,2026-06-17,-2.5421556522933764,-1.5742121036366852
IFCI,2026-08-25,-2.3176088566186803,-1.194826379062941
IFCI,2026-08-26,-1.011127869613182,0.3312848034186411
IFCI,2026-08-27,-4.721949076025056,-3.785724084554265
IFCI,2026-08-28,-0.9487640147610277,1.7587798752280337
IFCI,2026-09-02,-0.9280196203279134,5.7018878849313115
IFCI,2026-09-03,-5.378122312550548,-3.4878856576202044
IFCI,2026-09-04,-1.779715568133966,2.673723402517947
IIFL,2026-06-16,-2.153101385546563,-1.222997786549851
IIFL,2026-07-16,-1.3400773823428525,0.7441622172887463
IIFL,2026-07-21,-1.27697311239523,-0.7313569834534239
IIFL,2026-07-22,-2.779679535509594,0.41535229874136714
IIFL,2026-07-28,-1.7080708869385175,-0.8107389854651981
IIFL,2026-07-29,-1.4265898971102087,0.5236226899470564
IIFL,2026-07-30,-0.6296737810503106,1.4353787172653565
IIFL,2026-07-31,-2.609635344514305,-1.894885894503462
IIFL,2026-08-10,-0.6971562732085768,0.029545337992042953
IIFL,2026-08-13,-0.7422211107048882,0.4023929865991427
IIFL,2026-08-14,-2.096353100106352,-1.5582143472744003
IIFL,2026-08-20,-1.6838234019627696,0.07624947515147973
IIFL,2026-08-21,-0.7807734667339972,4.846242852860949
IIFL,2026-08-24,-1.2505441583582244,-3.4082934621218586
INDHOTEL,2026-06-15,0.2612149479087611,1.0126397706709644
INDHOTEL,2026-06-18,-0.45489809891720023,0.8659296943245298
INDHOTEL,2026-06-19,-0.3577224837949089,1.7670865236690592
INDHOTEL,2026-06-22,-0.8933961441151883,-0.347354249592402
INDHOTEL,2026-07-06,-1.4925405962165406,-0.3630496167809527
INDHOTEL,2026-07-07,-1.4184642734099362,-1.0714352840717534
INDIGO,2026-06-12,-2.0220763614602677,3.498564957602235
INDIGO,2026-06-15,2.134828502987718,3.293058516939129
INDIGO,2026-06-18,-0.12096362641914604,0.9180507396741033
INDIGO,2026-06-24,-0.4857057365948658,3.5869433168896903
INDIGO,2026-06-25,0.5336642849328888,3.688060652759151
INDUSINDBK,2026-07-03,-1.0732461589408437,1.3291349188647938
INDUSINDBK,2026-07-06,-1.9009661915047937,2.685670890431213
INDUSINDBK,2026-07-07,-0.9594929888448789,-0.14365231390164324
INDUSINDBK,2026-07-21,-0.9384652446761677,1.4196838543314438
INDUSINDBK,2026-07-22,-1.037481805339846,-3.495254991055874
INFY,2026-08-10,-1.083954672020082,-0.47237510850558495
IPCALAB,2026-08-25,-1.8838242045688736,-1.00395275886892
IPCALAB,2026-08-26,-1.0817453701241542,-0.6905595988798363
JBMA,2026-06-19,-2.0096710140147356,2.2968339826404227
JINDALSTEL,2026-08-20,-1.4602994273251957,-1.0716501822887303
JSWCEMENT,2026-06-15,-1.4097492929864064,-1.1740893620358461
JSWCEMENT,2026-06-17,-1.7674734072934295,-1.192962585702495
JSWINFRA,2026-06-23,-1.244935958744997,0.981426193553836
JSWINFRA,2026-06-24,-0.40375437001610726,5.690148094358616
JSWINFRA,2026-07-13,-1.2246781623667546,4.162264651991721
JSWSTEEL,2026-08-26,-0.2275753421335125,1.3020804043085477
JSWSTEEL,2026-08-27,-1.2914511092468217,-0.927877304612279
JUBLFOOD,2026-08-10,-0.9193836265257049,-0.5577779988332199
JUBLFOOD,2026-08-13,-2.5656946415207216,-1.0170567065820868
JUBLFOOD,2026-08-14,-2.173468356780184,-0.5862359055599509
JUBLFOOD,2026-08-26,-4.60366115678802,-4.680053455655364
JYOTICNC,2026-06-24,-1.50121449541758,1.665305189834676
JYOTICNC,2026-07-10,-1.2270820822185557,-1.083658765231632
JYOTICNC,2026-07-15,-1.6352811454708238,-0.34375990974878645
JYOTICNC,2026-07-16,-3.288435869433315,-2.4450901338391784
JYOTICNC,2026-08-18,-0.787572602033404,5.69615622453965
JYOTICNC,2026-08-19,-0.5657464756941399,-0.38204635041830803
JYOTICNC,2026-08-21,-2.1303871476166636,1.9904386566942156
JYOTICNC,2026-08-24,-2.4835487675502255,-1.676095329802596
JYOTICNC,2026-08-25,-2.5742135753601847,-1.359072944990991
JYOTICNC,2026-08-26,-0.9124718255302922,0.5250815599293412
JYOTICNC,2026-08-27,-0.3219726307690851,0.42895989022999625
JYOTICNC,2026-08-28,-1.688094957397046,-0.803522146296376
JYOTICNC,2026-09-08,-2.1068276149666554,-2.1732961541588103
KALYANKJIL,2026-06-30,-1.1013380106608572,-0.17632945665474464
KALYANKJIL,2026-07-09,-3.2401588158821326,13.505048327370828
KALYANKJIL,2026-07-10,-0.9195082392689069,4.499822316986513
KALYANKJIL,2026-07-13,-1.0429840721802197,6.120204583704836
KALYANKJIL,2026-07-14,-2.031487950481281,-0.10467020237238112
KALYANKJIL,2026-07-15,-1.027567877609603,1.3530501152241303
KALYANKJIL,2026-07-16,-3.766101540561706,-2.1227799297523275
KALYANKJIL,2026-07-17,-0.9720947987474915,2.7798462031566773
KALYANKJIL,2026-07-21,-0.8248841358682646,-0.5836617776916131
KALYANKJIL,2026-07-22,-1.3027864906258513,2.47513625774487
KALYANKJIL,2026-07-28,-0.38180985322040506,1.155352804085874
KALYANKJIL,2026-07-29,-0.644083089309988,2.7595247982672655
KALYANKJIL,2026-07-30,-1.3048863630505503,-0.5131952682106533
KARURVYSYA,2026-07-21,-0.5930309390547062,8.927365127487574
KARURVYSYA,2026-07-22,-2.90332209113473,-2.90332209113473
KARURVYSYA,2026-08-03,-1.4556439310454583,-0.03989648435431814
KAYNES,2026-08-24,-2.3562100758859894,-1.8705567383539567
KAYNES,2026-08-25,-2.166975140696159,-0.9970935619304622
KAYNES,2026-08-26,-0.21866269374072322,0.08757662955085621
KEI,2026-06-15,-0.23944744598607404,0.8204623418660795
KEI,2026-06-17,-0.4524479054005215,1.7286754632634072
KEI,2026-08-17,-1.0055053614486997,0.26448527130495947
KFINTECH,2026-08-17,-0.5440948399258461,1.0862450082972819
KFINTECH,2026-08-21,-1.8565967923635074,-0.2084489477026219
KIRLOSENG,2026-06-23,1.459394759389987,2.587733022960581
KIRLOSENG,2026-07-13,-3.74933358887245,-3.200736230950718
KOTAKBANK,2026-06-25,-1.1874946686314392,-0.9817094575782725
KOTAKBANK,2026-08-26,-0.19116241452833416,1.8920177437933505
KOTAKBANK,2026-08-27,-1.0695770980720498,1.2067447377807294
KPRMILL,2026-06-24,-6.564633122066388,0.7702469728120276
LALPATHLAB,2026-07-07,-3.0515605308323646,-1.4875009537832606
LALPATHLAB,2026-07-13,-1.0477299185098876,0.42916963494519234
LAURUSLABS,2026-06-23,-0.5251345226720217,2.4716804596034425
LAURUSLABS,2026-06-29,-1.2641469183695908,0.0158042274314818
LAURUSLABS,2026-07-03,-1.0498708307375537,0.3017858214387159
LAURUSLABS,2026-07-13,-0.43352369982881944,-0.369534961846707
LAURUSLABS,2026-07-21,-0.9322978244577174,0.25233370844757186
LAURUSLABS,2026-07-24,-0.3171739292220366,1.0384657935904595
LAURUSLABS,2026-07-27,-0.003090139365269362,5.86817465467695
LAURUSLABS,2026-07-28,-1.1055977297678488,1.0800709625696792
LAURUSLABS,2026-07-29,-0.10785886605210182,0.8013282057363735
LAURUSLABS,2026-07-31,-0.3868865150672862,0.7249026580922857
LAURUSLABS,2026-08-03,-1.5760966884865724,-1.3473079034066582
LAURUSLABS,2026-08-04,-0.4109098448658699,0.35228582945361353
LAURUSLABS,2026-08-10,-1.7730440263820646,-0.7976371326378073
LAURUSLABS,2026-08-26,-1.1202718135750134,0.6681593704768174
LAURUSLABS,2026-08-27,-0.35599010151650123,1.1483645637419437
LAURUSLABS,2026-08-31,-5.132580524158925,-3.0434608277127295
LAURUSLABS,2026-09-11,-0.497512437810943,0.21503734524310758
LENSKART,2026-07-03,-1.234846739473594,-0.0775131841914356
LENSKART,2026-07-09,-4.063457819065242,0.8238754618502986
LENSKART,2026-07-27,-0.9393529687265145,1.0931134734851522
LENSKART,2026-08-10,-0.7394890035451684,1.611105830642634
LENSKART,2026-08-13,-0.5729675026550307,0.24035457583686526
LENSKART,2026-08-18,-0.997449049946042,-0.029319524144477693
LENSKART,2026-08-19,-0.925062189054715,0.5441561267150785
LENSKART,2026-08-20,-0.08095623041041167,1.4849738195949147
LENSKART,2026-08-21,-0.5882635158039884,0.031836541584273625
LENSKART,2026-08-24,-2.850917526820329,-1.6742104077826503
LENSKART,2026-09-04,-1.825871930622791,0.5680885576535344
LENSKART,2026-09-10,-1.5316194619976131,-1.3533251474826646
LGEINDIA,2026-08-14,0.9828416718588473,8.503307416835316
LGEINDIA,2026-08-17,-4.859091252802294,-5.374915456853369
LICI,2026-07-10,-0.29440145407160223,-0.7006234215502727
LLOYDSME,2026-07-27,-0.49241099191541515,3.19173613104351
LLOYDSME,2026-07-29,-0.4682050920684855,0.03981076453765109
LLOYDSME,2026-07-31,-2.2698727479796066,-1.2247618469246158
LLOYDSME,2026-08-10,-3.977903278225947,-2.841352905231942
LODHA,2026-07-01,-0.3797858020532674,1.703417071023483
LODHA,2026-07-02,-0.8474860233922188,1.4923398185732184
LODHA,2026-07-03,-0.2572381277149316,4.342272157194849
LODHA,2026-07-06,-0.4225530700429081,2.6786991983643427
LODHA,2026-07-07,-1.6114410476462893,-0.9276906820315456
LODHA,2026-07-08,-1.081447236845301,-0.47953863343110914
LODHA,2026-07-09,-0.4673622721080628,2.5177144580129873
LODHA,2026-07-28,1.262533693251866,6.344829291817633
LODHA,2026-07-29,-1.4990377612291272,-1.3592039954161583
LTF,2026-06-25,-0.4975124378109319,-0.1300960367504156
LTF,2026-06-30,-0.3681965643106522,1.0865182238231963
LTF,2026-07-01,-1.2788659928023915,0.14032402092105656
LTF,2026-07-03,0.44713143145034273,3.9108256187417423
LTF,2026-07-06,-0.30092882200414284,1.5893160025055142
LTF,2026-07-07,-1.9768834038224492,-2.302337792853937
LTFOODS,2026-08-24,-0.47474160011938826,3.999453533249109
LTFOODS,2026-09-08,-1.928268484053719,-1.6247763810644522
LTM,2026-07-28,0.43968048989926345,3.6572770784275566
LTM,2026-07-29,-0.9693313513970403,0.3236157294355779
LTM,2026-07-30,-1.8188934484495878,-2.77888415196188
LTM,2026-08-03,-0.5767871532778357,3.2745361488611513
LTM,2026-08-10,-0.25299108440016704,1.1803978856465003
LTM,2026-08-11,-1.5071152007274047,0.5452517946689328
LUPIN,2026-06-30,-1.1126112688155998,-0.43600255471046845
LUPIN,2026-07-03,-0.6237476625840843,1.3961054129566053
LUPIN,2026-07-06,-0.7261135343786806,0.17626694532677512
M&M,2026-07-28,-0.09950248756217528,0.4240366676234286
M&M,2026-07-31,-2.8123554856839816,3.629732312288869
M&M,2026-08-05,-1.063225034190518,-0.9569755838412464
M&M,2026-08-07,-0.5574599213135079,0.16473233256795172
M&M,2026-08-10,-0.5855158457475862,-0.48331766901087425
M&MFIN,2026-07-06,-3.1503228218699886,-1.8906101118254526
M&MFIN,2026-07-10,-0.8189613177915445,-2.6015333631493776
M&MFIN,2026-07-21,-1.1140246595507608,3.8754355026022758
M&MFIN,2026-07-22,-0.661981032445369,2.5040122273018772
M&MFIN,2026-07-29,-0.4198803659288153,1.4045522979421854
M&MFIN,2026-07-30,-2.2061379448637286,-1.0251786782038308
M&MFIN,2026-08-03,-0.7084294496384813,-0.8324973892422038
M&MFIN,2026-08-10,-1.2867329004762618,0.04887095941890074
MAHABANK,2026-06-10,-1.359674454946136,-0.9108740855025554
MAHABANK,2026-06-12,-0.9068415171305855,3.630880275778825
MAHABANK,2026-06-15,0.3201222474017884,2.0916857254776655
MAHABANK,2026-06-29,-0.44295730401607836,2.1755309631877884
MANAPPURAM,2026-07-03,-1.625147177130204,-1.760457839819518
MANAPPURAM,2026-07-06,-0.26025230243157393,2.2161899582517908
MANAPPURAM,2026-07-21,-0.45437727648336423,1.1560693641618602
MANAPPURAM,2026-07-23,-1.3533624202868189,-2.7844403914447535
MANAPPURAM,2026-07-27,-0.48356820013805146,-0.4138299858424288
MANAPPURAM,2026-07-29,-1.100561163063818,1.6953798500610073
MANAPPURAM,2026-07-30,-1.9546849332101934,-1.513522767805764
MANKIND,2026-07-15,-1.8786298357309383,-1.348622362526386
MAPMYINDIA,2026-07-14,-4.157378038226344,-3.6018593404079646
MAPMYINDIA,2026-07-29,-3.6072297772240525,-2.8735668119394653
MARICO,2026-07-28,-0.10775335143836662,1.4398083790795546
MARUTI,2026-06-30,-0.21152411399922855,1.175519256487556
MARUTI,2026-07-01,-0.7497545019077512,1.114034082807569
MAXHEALTH,2026-06-19,-0.9697724673228603,-0.4611821848246267
MAXHEALTH,2026-06-25,-0.5604075335883918,0.9401900375538341
MAXHEALTH,2026-06-29,-0.25744240002022467,0.3056266987362388
MAXHEALTH,2026-07-06,-3.0193879236629306,-2.822094320289714
MAZDOCK,2026-08-26,-0.7138450964475851,-0.37226428829315594
MCX,2026-08-21,-0.5006835323313474,1.6238877700462506
MCX,2026-08-24,-0.28371728285756515,1.9378445645106934
MCX,2026-08-25,-1.5652215667890768,-0.18597020124757613
MCX,2026-08-26,-0.39827011535168433,0.1430436340214003
MCX,2026-08-31,-1.6369668611138088,-0.5537423632506533
MEESHO,2026-08-20,-1.1691572654306315,4.9701519866488075
MEESHO,2026-08-24,-4.97298108070482,-3.232782907941767
MEESHO,2026-09-02,-1.2929694331239583,-0.1465748981279158
MEESHO,2026-09-03,-3.627455535379842,-2.4554681675189816
MEESHO,2026-09-04,-3.915886725226503,-3.001241851339831
MEESHO,2026-09-09,-0.5480285888970982,-0.8051991735637531
MEESHO,2026-09-10,-0.8263562471704455,-1.8037511891287328
MEESHO,2026-09-11,-3.0806441225590953,-2.1384556780780883
MOTHERSON,2026-06-15,-0.4705046365333754,-0.0249686195769816
MOTHERSON,2026-06-25,-0.2917282632828533,0.7039604453261239
MOTHERSON,2026-08-03,-0.43221810402005456,1.206566063958614
MOTHERSON,2026-08-04,-4.779051908583809,-2.429658438664395
MOTHERSON,2026-08-06,-3.087027985155011,-1.2737331473360647
MOTHERSON,2026-08-07,-1.8956745757356397,7.066411149052332
MOTHERSON,2026-08-10,-1.9859527446812741,-1.2593118203993559
MOTHERSON,2026-08-19,-1.695017542646493,-0.9892433781763299
MOTILALOFS,2026-08-26,-1.3658079053712857,1.4634616997169614
MOTILALOFS,2026-09-07,-0.4975124378109319,0.16394759346667342
MPHASIS,2026-08-07,-1.5229848205129626,-0.36132131837790515
MPHASIS,2026-08-11,-1.2362632596495282,0.185934549411515
MPHASIS,2026-08-14,-0.3408772743915156,-0.7246353368194458
MPHASIS,2026-09-01,-1.002095085469279,-0.45380438094040354
MRPL,2026-07-22,-3.1227325539629924,-2.8557549752803113
MRPL,2026-07-23,-3.39403609748663,-2.9250801751517286
MRPL,2026-08-11,-0.33384225716960314,1.7261973587562762
MRPL,2026-09-09,-0.36484048613498743,2.26106540583606
NAM-INDIA,2026-07-01,-0.7308556737355754,0.16917089593908585
NAM-INDIA,2026-07-02,-0.2074177218861828,0.878363334177723
NAM-INDIA,2026-08-20,-0.21158574941384511,0.7278876553194591
NAUKRI,2026-07-28,-0.42025661054148067,1.6494986785779098
NAUKRI,2026-07-29,-1.6811693266703176,-0.7874701199025558
NAUKRI,2026-08-04,-1.846279118337879,-0.7327614384754377
NAUKRI,2026-08-10,-2.436329498789136,0.9896892578375782
NAUKRI,2026-08-11,-0.8116886178225036,4.222819333133154
NAVINFLUOR,2026-08-26,-0.1855001409942214,1.1390803643597236
NAVINFLUOR,2026-08-31,-0.6647919821183734,0.22928834090418793
NAVINFLUOR,2026-09-09,-0.9521731075033624,-0.5657115382647904
NBCC,2026-06-15,-1.1717642495645997,-0.7376577874838475
NBCC,2026-06-16,-1.2925774682189362,-0.022294583677429092
NBCC,2026-06-17,-1.4661044419897795,2.5621573166887845
NBCC,2026-06-18,-3.6531093953143357,-3.486097769232277
NESTLEIND,2026-07-22,-1.4717096489194614,0.7857387999864018
NESTLEIND,2026-07-30,-0.5369049748564891,0.3689791408880039
NESTLEIND,2026-08-07,-1.0157882942106289,-0.614127668805653
NETWEB,2026-06-17,-2.12081586027566,-1.9604895963285296
NETWEB,2026-06-18,-0.7483463056393247,0.624306113092743
NETWEB,2026-06-19,-4.45201275947229,-2.5702819300827073
NETWEB,2026-08-13,-0.9827911511762544,1.7527896407833143
NETWEB,2026-08-14,-4.489094865217169,-3.903559127439704
NETWEB,2026-08-18,-0.667473035279087,0.5581298733840834
NETWEB,2026-08-20,-1.5798575149880922,-0.43113139141959245
NETWEB,2026-08-21,-2.0731460084099984,2.2429659870682794
NETWEB,2026-08-24,-5.1370275303166295,-5.315878739547941
NEULANDLAB,2026-08-06,3.9629951144818376,6.987823210431743
NEULANDLAB,2026-08-07,-0.7585460868180127,1.3828146948671627
NEULANDLAB,2026-08-14,-1.7592886630676263,-1.3443421191912663
NEULANDLAB,2026-08-17,-1.0570824524312794,-0.41336657095072393
NIACL,2026-09-04,-1.0931024286196855,14.187176906825517
NIACL,2026-09-07,-4.6917402868078,-1.851721999122946
NUVAMA,2026-07-10,-1.0573729816391153,-0.7469061044680592
NUVAMA,2026-07-24,-3.1775941223336823,-1.2062100851337743
NYKAA,2026-06-30,-0.44932917447166876,-0.22446087447648422
NYKAA,2026-07-02,-0.3862101730583323,-0.14770947913906873
NYKAA,2026-07-03,-2.9783608403399886,-0.8925516852036797
NYKAA,2026-07-06,-2.334338473673647,-0.874291123293236
NYKAA,2026-07-08,-1.44648487064033,-0.4352806901496531
NYKAA,2026-07-10,-0.8638860658128689,0.2810489920157311
NYKAA,2026-07-22,-2.654417756695482,-2.205061339155401
NYKAA,2026-07-31,-1.6707543497530897,-0.4975124378109319
NYKAA,2026-08-03,-0.6594211760630797,0.680031793694269
OBEROIRLTY,2026-07-03,-0.566526390121691,4.084212969751699
OBEROIRLTY,2026-07-06,-0.37981021702915285,0.5106622765993718
OFSS,2026-07-01,-2.47766144402366,-1.2535693310921636
OFSS,2026-07-02,-2.079897010902354,-1.6597157965786535
OFSS,2026-07-06,-2.5177331711863427,-1.5561433897980481
OFSS,2026-07-10,-1.2770653773386487,1.8236283371872997
OFSS,2026-07-13,-0.8807055863174429,-0.029165256302987608
OFSS,2026-08-05,-0.5145286819429828,0.3958403791219256
OFSS,2026-08-06,-1.9129584928869514,-1.845556299788098
OFSS,2026-08-28,-0.8770409973350435,0.6245719990429333
OFSS,2026-08-31,-1.1865316999523645,0.11044573466680863
OIL,2026-08-10,-2.371034252205839,0.5637883637071184
OIL,2026-08-11,-0.74495602508724,1.5357812386886716
OIL,2026-08-18,-1.525430697750907,-0.12746437379862474
OIL,2026-08-31,-2.121170013610074,-0.9468282871171407
OIL,2026-09-09,-1.470106879487021,0.0185599365684741
OLAELEC,2026-06-30,-5.7297784171007615,-1.6825955152258265
OLECTRA,2026-06-18,-1.3689593076880446,3.138294486938076
OLECTRA,2026-06-19,-0.6959716146955897,4.703442895563459
OLECTRA,2026-06-22,-2.319378314005538,-1.1912452795840522
PAGEIND,2026-06-24,-2.930997187973161,0.04326195111401532
PAGEIND,2026-06-25,-1.6732636003803592,-0.7278142119224729
PAGEIND,2026-07-01,0.594747299180054,3.289779476320831
PARADEEP,2026-08-25,-1.7104796691842616,4.114370061845896
PARADEEP,2026-08-28,-0.8216012092264968,-0.5275137041693356
PAYTM,2026-07-07,-0.3359693164695421,0.3182783530011557
PAYTM,2026-07-09,-0.15626710994748327,0.7008326526469988
PAYTM,2026-07-10,-0.10629402394491949,4.22058545390549
PAYTM,2026-07-13,-0.34375762204886806,0.8570100198053154
PAYTM,2026-07-15,-3.6875197538442372,-1.238050781754807
PAYTM,2026-08-03,-1.9082808785779837,3.3605104281347886
PAYTM,2026-08-06,-1.1594815655566526,-1.7180177540485286
PAYTM,2026-08-10,-1.356525054476665,8.638036266083082
PAYTM,2026-08-11,-0.8149727176402832,-0.7963030532744386
PAYTM,2026-08-13,-0.3518886827929779,-0.2366103081884674
PAYTM,2026-08-25,-0.8696833918721447,2.834044114456402
PAYTM,2026-08-26,-1.0477299185098876,-0.358508712892891
PAYTM,2026-09-09,-1.7726740434200638,0.5191643050675765
PAYTM,2026-09-11,-2.302124262494465,2.2518299916278295
PERSISTENT,2026-07-27,-1.6033232848764456,0.1764870060017909
PERSISTENT,2026-07-28,-0.19003214100858923,2.687236210440469
PERSISTENT,2026-07-29,-1.4898309901083873,-1.069452290902695
PERSISTENT,2026-07-30,-2.199506985670141,-2.8172753104668047
PERSISTENT,2026-08-20,-0.1521714201972224,0.6801889812307227
PERSISTENT,2026-08-28,-1.097134415259926,1.7706228681918068
PGEL,2026-07-07,-0.8092674647595222,-0.6187534402887551
PGEL,2026-07-13,-1.1167898450608504,-1.183732403740334
PGEL,2026-07-16,-0.6034568213905689,1.4175641041312748
PGEL,2026-08-07,-2.7235403085855148,-0.7728157630818133
PHOENIXLTD,2026-06-25,-1.838294337740476,-1.403445300021955
PHOENIXLTD,2026-07-03,-1.1263446111907993,1.693565108609807
PHOENIXLTD,2026-07-06,-1.9418130359538766,2.405594267870814
PHOENIXLTD,2026-07-07,-3.382046441247477,-3.8236602083127624
PHOENIXLTD,2026-07-10,-0.7259063494458151,-0.2364810703430309
PHOENIXLTD,2026-07-13,-0.451210675334357,-0.7753230126704702
PIDILITIND,2026-06-15,-0.1069063915189461,1.6220125363201499
PIDILITIND,2026-06-25,-1.026350753609362,-0.6406129023426743
PIDILITIND,2026-08-06,-0.479581143643637,0.10010010010010895
PIDILITIND,2026-08-12,-0.5093173387858418,0.3934298719480589
PINELABS,2026-08-27,-1.6521512053326304,-0.5733244806222726
PINELABS,2026-09-11,-3.436975457098723,13.845037213812962
PNB,2026-08-03,-0.8309987043291334,-0.40097570621377976
PNB,2026-08-05,-1.5145276121954265,-1.2972163374048717
PNB,2026-08-12,-0.2129042800178782,2.3054959428636
PNBHOUSING,2026-08-20,-0.8782941239521169,-0.2775073072466605
POLICYBZR,2026-08-11,-0.27757436499259436,3.015597365580036
POLICYBZR,2026-08-17,-2.289531257744648,-2.0059837570416406
POLICYBZR,2026-08-19,-1.105507755599644,0.8817299640411891
POLICYBZR,2026-08-26,-0.1302056564628562,1.530912928470607
POLYCAB,2026-06-17,-0.699897239117131,0.6763194097649805
POLYCAB,2026-06-19,-0.586939478759585,0.25764924131093103
PPLPHARMA,2026-07-03,-1.1254850262761185,-0.4296263090640795
PPLPHARMA,2026-07-06,-1.6354784247564425,-0.6362885710915367
PPLPHARMA,2026-07-21,-0.48657576269148795,0.5248456165259041
PPLPHARMA,2026-07-27,-0.8134934130741511,2.694454381434319
PPLPHARMA,2026-07-28,-2.894166730895753,0.43738820656296085
PPLPHARMA,2026-07-29,-1.065484350349477,-0.2263194154710657
PPLPHARMA,2026-07-30,-3.1113085217181924,-1.9529231659643154
PPLPHARMA,2026-08-05,-0.4633574831084397,0.5026366487896672
PPLPHARMA,2026-08-06,-1.2389987809786507,-0.9758897818599177
PPLPHARMA,2026-08-10,-1.7387730592677841,0.6079149475614498
PPLPHARMA,2026-08-21,-2.9930419880182635,-2.3418391118812276
PPLPHARMA,2026-09-08,-1.0762277553497568,1.8352766719581526
PRESTIGE,2026-07-01,-0.2205205478349237,3.4621921007150114
PRESTIGE,2026-07-02,-0.07020114153160062,2.6768000488355925
PRESTIGE,2026-07-03,-2.5082610720542853,-0.46794260495441886
PRESTIGE,2026-07-06,-1.1944822501801955,0.44544335562595183
PRESTIGE,2026-07-10,-0.29485971365168506,-0.6943764977302758
PTCIL,2026-09-01,-2.6364121485138448,-0.9776735973564876
PTCIL,2026-09-03,-0.7356602539954626,2.641708775530538
PTCIL,2026-09-04,-2.1144278606964995,-1.4510779436152421
PWL,2026-06-19,-2.7067682708051155,5.399568559235424
PWL,2026-06-22,-1.907466715007955,1.6053341473616367
PWL,2026-07-02,-2.958196421091719,0.6836140256933243
PWL,2026-07-06,-0.3346354309597399,0.02073874586958624
PWL,2026-07-07,-1.8927457887568444,7.2056731054426
PWL,2026-07-08,-5.4964245132728795,-5.1705501150427935
RADICO,2026-06-19,-1.429931999973355,0.43490712435148016
RADICO,2026-06-22,-1.4983315292252164,-0.33948837074551097
RADICO,2026-06-25,-1.0647971704258907,0.11944632779055109
RADICO,2026-06-29,-0.5700109607602033,0.33102766158799035
RADICO,2026-06-30,-0.39583922973865926,0.3006197633003804
RADICO,2026-07-06,-0.5324616529829629,3.231681560448396
RADICO,2026-07-07,-1.964675053545406,-1.298434217298794
RADICO,2026-07-20,-1.4658076310899881,-1.0187135759178068
RADICO,2026-07-28,-0.39092800695402774,2.7616049165325673
RADICO,2026-07-29,-2.3274432435523296,0.06290387144738396
RADICO,2026-07-30,-3.021935674121523,-2.264610884871765
RADICO,2026-08-05,-0.9270110546696686,0.976961470313209
RADICO,2026-08-13,-0.43898115185373454,1.2409620139924193
RADICO,2026-08-18,-0.4614674242908179,0.07066753263105241
RBLBANK,2026-06-11,-2.2934344269644247,-0.47009205688349764
RBLBANK,2026-06-12,-1.1356987286988196,0.48013376444326905
RBLBANK,2026-06-15,-0.5380275739209184,1.001300353732315
RBLBANK,2026-06-19,-0.8688382475896095,0.8817069634190933
RBLBANK,2026-09-04,-0.4975124378109319,0.7865439385589479
RECLTD,2026-06-18,-2.2249861802100535,-1.8242088980013005
RECLTD,2026-06-22,-0.41569927859664846,1.1797239085106659
REDINGTON,2026-06-17,-3.107232374078972,0.4384965178966249
REDINGTON,2026-06-18,-1.6295509373196682,5.39690971001463
REDINGTON,2026-06-19,-0.7799118215299439,2.09839851358109
REDINGTON,2026-08-11,-2.581114134937923,-2.0291657730962087
REDINGTON,2026-08-24,-1.0161794310980965,-0.11533719700961287
REDINGTON,2026-08-28,-2.657689990710066,-1.6513945736602031
REDINGTON,2026-09-07,-1.981642494643554,-0.44497359730469865
REDINGTON,2026-09-10,-1.030519793287854,2.9215026193925464
RKFORGE,2026-07-31,-0.38952335885975575,1.7702205572187601
RKFORGE,2026-08-03,-0.2543266974880165,4.0470848634453604
RKFORGE,2026-08-04,-1.6891607481562487,1.5515347658609402
RKFORGE,2026-08-06,-2.459533319318896,-2.8799663653563123
RKFORGE,2026-08-07,-0.9129138750892607,1.0810164043922432
RKFORGE,2026-08-10,-0.40878946637694646,0.8401050703913837
RKFORGE,2026-08-19,-2.6478608920036173,-2.2568884457867644
RRKABEL,2026-06-16,-3.242962235028546,-2.0701539944106506
RRKABEL,2026-06-18,-2.654452719977929,-0.9201834563497213
RRKABEL,2026-06-23,-1.3693138699143237,-1.1220184814658807
RRKABEL,2026-06-24,-0.9279042480696331,0.6297042081046866
RRKABEL,2026-06-25,-2.5241101571225277,1.0579774120469176
RRKABEL,2026-06-29,-1.6391267476260185,-0.65156777922869
RRKABEL,2026-07-28,-2.8657024475147286,0.11474756033109657
RRKABEL,2026-08-05,-0.44372730939893357,0.14790910313300376
RRKABEL,2026-08-11,-0.2748230842899102,0.20943241165398696
RRKABEL,2026-08-18,-3.2785544767821584,-2.5238973670970943
RRKABEL,2026-08-19,-0.5079150875630489,0.9516892481191697
RRKABEL,2026-08-24,-2.8532002149221247,-2.5680766540547295
SAGILITY,2026-07-27,-0.4512292172871857,-0.08090164795727661
SAGILITY,2026-07-28,-2.200933194084609,-1.5422837530004174
SAGILITY,2026-07-29,-0.834043348852942,-1.058405848101851
SAGILITY,2026-07-30,-0.7178995067601002,1.3316539964783214
SAIL,2026-08-28,-1.1659298035110677,0.3126890248582148
SAILIFE,2026-09-02,-1.2310243653527064,1.2884296466386225
SAILIFE,2026-09-03,-2.5873765966406115,-2.0571125563405457
SAILIFE,2026-09-08,-0.6134984228588602,0.5585598893950605
SAILIFE,2026-09-09,-0.4494754773262555,0.595266113220938
SAREGAMA,2026-06-23,-2.370236411924642,-2.0184521936890576
SBICARD,2026-07-28,-1.0872725149423834,0.2207805955027453
SBICARD,2026-08-03,-0.7512138903579046,-0.2587399581115646
SBIN,2026-06-25,-0.6878203506126557,-0.5260516554472794
SHRIRAMFIN,2026-06-24,-0.800722194897463,0.744680447113133
SHRIRAMFIN,2026-06-25,-0.8116748628821835,-0.26067522200544646
SHRIRAMFIN,2026-07-02,-0.15913483132585782,1.6549620067240367
SHRIRAMFIN,2026-07-03,-1.4265739463281024,-0.9713315389381139
SHRIRAMFIN,2026-07-07,-2.5952115362277706,-2.659609948408659
SHRIRAMFIN,2026-08-05,-0.642901981956645,2.6829323701129226
SHRIRAMFIN,2026-08-06,-0.6304897436704926,0.5308432298254839
SIEMENS,2026-07-31,-0.6834983958710961,-0.5851928296600972
SIEMENS,2026-08-03,-0.8214860646278077,2.407827425312603
SIEMENS,2026-08-04,0.0044578941878370415,2.814990349150537
SIEMENS,2026-08-25,-1.662108403795337,-0.5265111298342506
SOLARINDS,2026-08-13,-0.9500356493576501,6.763906538171116
SOLARINDS,2026-08-27,-0.5900864885249435,0.5890145784640755
SOLARINDS,2026-09-03,0.09453506461503114,3.4879780663247484
SOLARINDS,2026-09-07,-0.2911233186453033,1.49758238079023
SOLARINDS,2026-09-08,-0.3630496167809416,0.9143471830039163
SONACOMS,2026-07-02,-0.37160169139717203,4.704252724799418
SONACOMS,2026-07-08,-2.8669689819402433,-1.9295233339284512
SONACOMS,2026-07-16,-1.5914271891492082,-0.1474650587633186
SONACOMS,2026-07-17,-0.23105336220071715,1.5405025842939235
SONACOMS,2026-07-20,-1.5017402634457278,1.54604738215387
SONACOMS,2026-07-21,-0.9198145810996872,1.454734967330129
SONACOMS,2026-07-22,-2.4287442876973264,-1.7443444794644325
SONACOMS,2026-07-30,-0.5780155517620345,3.2993177255868034
SONACOMS,2026-07-31,-0.8602803421652983,0.40941127694860135
SONACOMS,2026-08-03,-0.12431848348496422,1.0210184986441995
SONACOMS,2026-08-04,-0.6813083888875582,0.13626136831765834
SONACOMS,2026-08-05,-0.3221712123634646,2.940519478916226
SONACOMS,2026-08-10,-2.5488613811034067,-2.446289514959843
SONACOMS,2026-08-20,-2.4117120398037373,-2.500882625888845
SONATSOFTW,2026-07-29,-0.8303024675063719,0.7543843248702053
SONATSOFTW,2026-07-30,-5.257000510460452,-4.3482279007439395
SONATSOFTW,2026-08-03,-0.4975124378109319,4.607512799927949
SONATSOFTW,2026-08-04,-0.3975743113455388,0.23065550526508716
SONATSOFTW,2026-08-05,-5.783189387510912,-5.3345361969342475
SRF,2026-07-06,-0.9191331478202169,-0.25156702363886563
SRF,2026-07-16,-0.6784559862646811,0.8839332337047257
SRF,2026-07-21,-0.36102068532507525,0.7616206465529185
SUMICHEM,2026-07-15,-0.8940514137491418,-0.2669691394740825
SUNPHARMA,2026-07-03,-0.6491943340930617,-0.4138278558110997
SUNPHARMA,2026-07-09,-0.9203761535352406,0.1883584837215846
SUNPHARMA,2026-07-27,-0.5329291084306242,0.1248549435950208
SUNPHARMA,2026-07-28,-0.6283693110541,-0.4975124378109319
SUNPHARMA,2026-07-30,-0.4975124378109319,0.6707568237119821
SUZLON,2026-06-16,-0.23464654693462483,2.3063658866928627
SUZLON,2026-06-19,-1.9189739940985606,-0.5476797178759485
SWIGGY,2026-08-25,-1.6828938590844,0.9319227935995267
SYRMA,2026-06-10,-5.092126807634845,-3.2921731968814094
SYRMA,2026-06-11,-3.6285468881195326,-0.8114004111932416
SYRMA,2026-06-15,-1.0062381146491384,1.3524059573618352
SYRMA,2026-06-18,-0.7062104330873731,0.24782454767362516
SYRMA,2026-06-23,-0.21154181824388774,1.467610277875564
SYRMA,2026-06-24,-0.1826311480571774,0.6920391012588345
SYRMA,2026-06-25,-0.8446948787117936,0.023261223540371745
SYRMA,2026-08-10,-0.497512437810943,2.7830889431631034
SYRMA,2026-08-11,-2.6941492005110756,-2.2757402979762698
SYRMA,2026-09-07,-0.8942000958661711,7.568469942645595
SYRMA,2026-09-08,-1.2778069781222978,-0.8604394441168006
TATACAP,2026-06-19,-1.6530217137876835,4.866345774487768
TATACOMM,2026-06-22,-0.9513022316910091,2.3978382884102922
TATATECH,2026-08-07,-0.9729479300287225,7.807225121676753
TATATECH,2026-08-10,-2.527138422323738,-0.6049312762359871
TCS,2026-07-27,-0.2926945584977969,1.315272609336593
TCS,2026-07-28,-0.12357430248862711,4.875192074186319
TCS,2026-07-29,-0.5510136395053156,0.43272915513568044
TCS,2026-07-30,-2.5956845211178803,-4.135151348890753
TECHM,2026-07-28,-0.7378581188590583,2.3619684998560153
TECHM,2026-07-29,-0.7033101639177697,-0.18881954300542514
TECHM,2026-07-30,-1.2409560089569949,-3.6497131794702375
TEJASNET,2026-06-19,-2.0599181325342664,1.1997262873024717
THERMAX,2026-06-23,-3.2633906015789305,-2.308868828286459
TIINDIA,2026-06-15,-0.5696581358866193,1.9114769137187348
TIINDIA,2026-06-16,-1.05320315227857,0.26885726659593434
TITAGARH,2026-06-15,-3.3039928562316523,-1.9149267905486766
TITAGARH,2026-06-16,-0.6539216984951857,0.3906477776675299
TITAGARH,2026-06-17,-1.1388918788645674,3.2844239207387993
TITAGARH,2026-06-18,-0.21176902126581743,0.2788411973805527
TITAN,2026-07-01,-1.646736054579745,-1.34206813725527
TITAN,2026-07-07,-0.5085493838422717,1.3279919688110153
TITAN,2026-07-09,-2.844073560129956,-2.1495073294119704
TITAN,2026-07-22,-0.38086737124449765,-0.3214885704905912
TITAN,2026-07-28,-0.14342802430465929,1.6102468765770928
TITAN,2026-08-03,-0.16149298533936207,0.5003635119531502
TITAN,2026-08-10,-2.726131533267717,1.1923399983101657
TITAN,2026-08-11,-1.080284393814801,-0.3848469870717741
TITAN,2026-08-27,-0.771868483376148,-0.3989721917420752
TMCV,2026-06-25,-0.4625311509649399,0.7268824225537873
TMCV,2026-07-01,-1.618343660201138,-0.4975124378109319
TMCV,2026-07-02,-0.40658169392268073,0.9460295981465139
TMCV,2026-08-13,0.9762013937911984,2.1487132538321907
TMPV,2026-06-15,-2.373747394059378,-1.6701630524616817
TORNTPHARM,2026-06-29,-0.9387822267737156,0.9928596656662458
TORNTPHARM,2026-07-03,-0.4408643625764541,0.0731272871458799
TORNTPHARM,2026-07-06,-0.18754435342104303,0.9961649974568054
TORNTPHARM,2026-07-07,-0.3264118557841811,-0.01718665988692525
TORNTPHARM,2026-07-08,-1.1501348866667649,-1.0461211922347058
TORNTPHARM,2026-07-14,-0.7376149615885952,-0.4574953505146695
TORNTPHARM,2026-07-16,-3.1128738090121844,-2.8301889109977996
TORNTPHARM,2026-07-31,-0.6522943487494937,2.8626680518839542
TRENT,2026-07-02,-0.4975124378109319,1.365154901819432
TRENT,2026-07-03,-1.17575015749537,-0.613524873394089
TVSMOTOR,2026-06-25,-0.47772639156842267,0.9073934637006786
TVSMOTOR,2026-07-02,-0.35940277701996814,1.5078357906924689
TVSMOTOR,2026-07-03,-1.3024220503722983,-0.6891582202373958
TVSMOTOR,2026-07-06,-0.662673561841165,0.9131625347845285
TVSMOTOR,2026-07-07,-1.3761803772147974,-2.387979822588937
TVSMOTOR,2026-07-21,-0.42897834914829014,1.497807681377883
TVSMOTOR,2026-07-22,0.18150716235099118,2.0514252270471767
TVSMOTOR,2026-07-28,-0.3648312168186396,0.46128952937356527
TVSMOTOR,2026-07-29,-0.6118966229453071,1.4570298299706241
TVSMOTOR,2026-07-30,-0.6339196954334603,2.508264122319881
TVSMOTOR,2026-07-31,-0.9927843597843711,2.2736518875166922
TVSMOTOR,2026-08-03,-1.4867857245563831,0.9748943145544198
TVSMOTOR,2026-08-05,-0.2506047637053088,-0.10790619663351153
TVSMOTOR,2026-08-26,-0.2930130489955052,0.42834738026436003
ULTRACEMCO,2026-07-21,-0.9618186875803403,0.16578220471676897
ULTRACEMCO,2026-08-05,-0.8490246761591269,-0.35036777989774226
UNIONBANK,2026-08-06,-0.4751726521114663,1.7359890047528248
UNIONBANK,2026-08-07,-1.102705982608354,0.15129963410687175
UNIONBANK,2026-08-12,-1.1403690985909876,0.17747724689369804
UNIONBANK,2026-08-13,-1.3991938769488121,-0.6407219041659418
UNIONBANK,2026-08-26,-2.2987679480106493,-1.3224369368783795
UNITDSPR,2026-07-06,-0.5330744419432376,2.062951859715012
UNITDSPR,2026-07-07,-0.19882793167669277,-0.8795464214703008
UNITDSPR,2026-07-24,-0.21330053673370708,2.4347349249539185
UNITDSPR,2026-07-27,-0.5378496427280721,-0.4975124378109319
UNITDSPR,2026-07-28,-0.39824158224507356,0.012074722620680767
UNITDSPR,2026-07-29,-1.6821441907031498,-0.8199971328579081
UNITDSPR,2026-08-04,-1.4751915317012365,-1.0672851611622014
UNITDSPR,2026-08-21,-0.6194847962806782,-0.0674080454581838
UNOMINDA,2026-08-04,-1.6478754039079835,0.285712775749869
UNOMINDA,2026-08-05,-0.9374703691968023,0.5503854094607741
UNOMINDA,2026-08-07,-1.1203762097182213,0.5380023846436988
URBANCO,2026-08-20,-2.6773781019313825,1.9103982548924536
URBANCO,2026-08-21,-0.259815311206546,4.982719593695406
URBANCO,2026-08-24,-1.741293532338295,5.099502487562191
URBANCO,2026-08-26,-3.7020566481048345,-4.15242407113543
URBANCO,2026-09-03,-0.9198530976635033,1.4772454045857586
URBANCO,2026-09-04,-1.70242437694349,0.9683721096567455
VBL,2026-06-15,-0.7833156570524302,0.18469701054391052
VBL,2026-06-17,-0.9095499956915498,0.29910021376540197
WELCORP,2026-06-25,-0.14486458700676552,0.6157520656576487
WELCORP,2026-06-29,-0.995198643856765,3.627119626260611
WELCORP,2026-07-06,-1.6418848688251386,-0.11605233002870419
WELCORP,2026-07-09,-0.6372957163019444,2.793824544463197
WELCORP,2026-07-10,-1.8744482947247731,-1.5425129564880402
WELCORP,2026-07-14,-0.7160983919179187,2.793328303380904
WELCORP,2026-08-03,-1.668129938542573,-0.14632718759144403
WELCORP,2026-08-04,-0.14501651106516578,0.47907995734461917
WELCORP,2026-08-05,-0.4689771675034482,2.726973106934505
WELCORP,2026-08-06,-0.7187519876990733,0.7635556972295232
WELCORP,2026-08-13,-0.52407476764601,0.39498443862509003
WELCORP,2026-08-14,-2.1330252238278335,-1.1675425192106736
WELCORP,2026-08-18,-0.7284266648856064,1.2448281363160563
WELCORP,2026-08-19,-0.7237842704686304,2.3360110343265683
WELCORP,2026-08-20,-0.9839888848035439,9.08160808858931
WELCORP,2026-09-01,-0.6400136532386469,4.294607815935025
WELCORP,2026-09-02,-2.920347820967961,-1.2819417022895019
WELCORP,2026-09-03,-1.6261248673203998,1.6982967558763162
WELCORP,2026-09-10,-0.586748705789053,2.0681346630078368
WELSPUNLIV,2026-08-31,-0.7114483454809029,-0.06456541547726902
WELSPUNLIV,2026-09-01,-1.6432980447745438,0.005025378159717597
WELSPUNLIV,2026-09-03,-1.6283314376666413,-0.7444168734491163
WELSPUNLIV,2026-09-04,-1.9147728467488467,2.984342122357031
WELSPUNLIV,2026-09-07,-0.6160072825612373,0.48362834825015355
YESBANK,2026-06-15,-1.7951946925908735,-0.5393739283776733
YESBANK,2026-06-16,-2.6948618849316097,-0.9121077175361703
YESBANK,2026-06-17,-0.45688166364868943,2.549725878607978
YESBANK,2026-06-18,-1.0055737238446327,-0.6147533361300805
ZEEL,2026-07-31,-1.5826740501989733,-9.861420457461856
ZENSARTECH,2026-07-29,-3.5470113890445853,-4.135194531563835
ZENTEC,2026-06-17,-2.408379913265224,0.24149807989233274
ZENTEC,2026-06-18,-0.47128616275501356,1.3383268161039963
ZENTEC,2026-06-19,-1.5412121855736372,0.8071091842853484
ZYDUSLIFE,2026-07-06,-1.3942492113847016,-0.06220538803988207
ZYDUSLIFE,2026-08-11,-1.986677198970066,4.241533281138898
