date,touched,touch_time,level,pp,reached_target,extreme_after,pts_captured_extreme,mins_to_target,pts_captured
2026-07-06,False,,,,,,,,
2026-07-07,False,,,,,,,,
2026-07-08,True,13:30,24321.5,24426.2,False,24220.5,-100.96549479166424,,
2026-07-09,False,,,,,,,,
2026-07-10,False,,,,,,,,
2026-07-13,False,,,,,,,,
2026-07-14,True,13:35,24054.2,24157.0,False,24076.94921875,22.75,,
2026-07-15,False,,,,,,,,
2026-07-16,False,,,,,,,,
2026-07-17,False,,,,,,,,
2026-07-20,False,,,,,,,,
2026-07-21,True,13:55,24160.9,24213.5,False,24197.19921875,36.33268229166424,,
2026-07-22,True,13:30,24128.2,24195.2,False,24024.80078125,-103.36588541666424,,
2026-07-23,True,13:30,23916.3,24041.3,False,23891.25,-25.08333333333576,,
2026-07-24,True,13:30,23787.6,23889.2,False,23823.599609375,35.98372395833576,,
2026-07-27,False,,,,,,,,
2026-07-28,False,,,,,,,,
2026-07-29,False,,,,,,,,
2026-07-30,False,,,,,,,,
2026-07-31,False,,,,,,,,
2026-08-03,False,,,,,,,,
2026-08-04,True,13:30,24601.5,24687.9,False,24614.900390625,13.366536458335759,,
2026-08-05,False,,,,,,,,
2026-08-06,False,,,,,,,,
2026-08-07,True,13:30,24601.1,24639.1,False,24590.5,-10.583333333335759,,
2026-08-10,False,,,,,,,,
2026-08-11,True,13:30,24523.0,24571.9,False,24476.44921875,-46.50130208333576,,
2026-08-12,True,13:30,24408.3,24492.6,False,24435.94921875,27.599609375,,
2026-08-13,False,,,,,,,,
2026-08-14,True,13:35,24327.6,24379.6,True,24405.19921875,77.56575520833576,10.0,51.98307291666788
2026-08-17,True,15:25,24306.8,24356.0,False,24339.80078125,33.0,,
2026-08-18,True,13:30,24223.0,24291.6,False,24230.75,7.716796875,,
2026-08-19,True,13:30,24116.7,24193.2,False,24087.05078125,-29.599609375,,
2026-08-20,False,,,,,,,,
2026-08-21,False,,,,,,,,
2026-08-24,True,13:30,24211.2,24247.6,False,24219.05078125,7.8671875,,
2026-08-25,True,13:30,24137.9,24225.5,True,24334.55078125,196.64973958333576,75.0,87.54947916666788
2026-08-26,False,,,,,,,,
2026-08-27,True,13:45,24150.8,24264.7,False,24167.19921875,16.39908854166424,,
2026-08-28,False,,,,,,,,
2026-08-31,True,13:30,24105.6,24146.9,False,24114.0,8.43359375,,
2026-09-01,True,13:50,24006.4,24067.6,False,24055.80078125,49.3671875,,
2026-09-02,True,13:30,23957.9,24050.5,False,23914.44921875,-43.40169270833576,,
2026-09-03,False,,,,,,,,
2026-09-04,False,,,,,,,,
2026-09-07,True,13:30,23860.4,23933.1,False,23786.80078125,-73.6484375,,
2026-09-08,True,13:30,23714.7,23802.4,False,23659.30078125,-55.39973958333576,,
2026-09-09,True,13:30,23585.8,23672.4,False,23568.30078125,-17.515625,,
2026-09-10,True,15:00,23384.8,23478.2,False,23477.80078125,92.984375,,
2026-09-11,True,13:30,23407.0,23450.9,False,23447.900390625,40.94986979166424,,
2026-09-15,True,13:30,23270.3,23359.2,False,23285.05078125,14.750651041664241,,
2026-09-16,False,,,,,,,,
2026-09-17,False,,,,,,,,
2026-09-18,False,,,,,,,,
2026-09-21,False,,,,,,,,
2026-09-22,True,13:45,23330.5,23398.6,True,23403.099609375,72.63216145833576,30.0,68.16666666666788
2026-09-23,False,,,,,,,,
2026-09-24,True,13:30,23375.3,23421.1,False,23163.75,-211.517578125,,
2026-09-25,False,,,,,,,,
