date,rsi,fwd5,fwd10,fwd20
2022-08-22,60.43504704444965,-0.01016533563932076,0.00942789013535994,0.018612793987161425
2022-12-02,67.54561330127203,-0.010670674855624007,-0.022844316103281526,-0.031600111278223486
2023-05-03,69.51625028614423,0.012451734252299396,0.005080218609300857,0.02457459795683503
2023-05-05,63.135680877572604,0.013603452390835047,0.007438175362499244,0.025740196434500984
2023-05-16,64.38002205151021,0.0033631367402182644,0.01899486557706509,0.023495496165203855
2023-05-31,64.98983959013768,0.010359115803774133,0.011950750784041508,0.023615504657566122
2023-06-08,64.15929429182535,0.0028736312859700686,0.00733579362093062,0.03741705438381526
2023-07-07,68.31463906338297,0.012037120668846102,0.02137406770458572,0.00958002934365143
2023-07-12,67.77346883003932,0.023155315966266965,0.020325726702564717,0.012806755466781006
2023-07-21,67.27259421859333,-0.005011355722967847,-0.011547227146112893,-0.017796930393770616
2023-09-20,58.26929245929209,-0.009293374749755112,-0.01787062134544748,-0.01390360308540628
2023-12-20,68.40602120758297,0.0297184093973919,0.02403998124643958,0.014756377785064778
2024-01-03,65.6335224026871,0.0047101344363917885,0.002537469082679822,0.015636273889810814
2024-01-17,54.05768934014116,-0.010168279516639345,0.013065651121365374,0.021729607985196298
2024-07-02,69.41060066114032,0.012823393213941214,0.0202766307428357,0.034293895652893314
2024-07-10,69.27564148170597,0.01958524883094892,0.0033567210460025976,-0.00852842409233634
2024-07-19,65.42069519875943,0.012390463208034497,0.007614837822927489,0.001701935083310513
2024-08-02,60.381731938054735,-0.014167953726225035,-0.005868217217198435,0.022696287184142294
2024-09-04,66.04120394411297,-0.011121605824457426,0.007097650594873439,0.0020398033318622666
2024-09-30,61.28168539418512,-0.030905577724968047,-0.029193149834413568,-0.052071125915662764
2025-03-26,64.83561129118522,-0.010080108824194967,-0.028028400533643083,0.036152128680386086
2025-10-24,67.91820855540551,-0.0028319579511562054,-0.00855977879199521,0.006371337514462949
2025-10-30,64.14245920648966,-0.014898796999937902,0.0012443526939476257,0.012562852566282201
