entry_date,exit_date,hold_days,ret
2022-09-26,2022-09-30,4,0.00458670948100548
2022-12-23,2022-12-27,2,0.0182795328593075
2023-01-27,2023-02-03,5,0.014184061178950103
2023-02-22,2023-03-01,5,-0.005890316675868035
2023-09-22,2023-09-27,3,0.0021448959299592563
2023-10-23,2023-10-30,4,-0.0073048146239319545
2024-03-13,2024-03-21,6,0.0006477950197560922
2024-04-18,2024-04-22,2,0.015482501803651738
2024-05-09,2024-05-14,3,0.01185697868040525
2024-05-30,2024-06-03,2,0.03447294464247541
2024-08-05,2024-08-09,4,0.012965812355117734
2024-09-06,2024-09-10,2,0.007602932373259597
2024-10-03,2024-10-10,5,-0.00996631278759652
2024-10-24,2024-10-29,3,0.002764380176158543
2024-11-13,2024-11-22,5,0.014779849238540699
2024-12-19,2024-12-27,5,-0.005774071679087278
2025-07-11,2025-07-16,3,0.002473222418467813
2025-09-25,2025-10-01,4,-0.0021915213414192003
2026-01-08,2026-01-28,12,-0.020640055394591017
