date,spot,r1,near_strike,near_dist_from_r1,near_mult,far_strike,far_otm_pts,far_mult
20240104,21658.6,21629.449869791664,21700.0,70.55013020833576,1.0,21850.0,191.40000000000146,1.1666666666666667
20240111,21647.2,21690.815755208336,21700.0,9.184244791664241,1.0,21850.0,202.79999999999927,1.6612903225806452
20240118,21462.25,21765.483072916664,21750.0,15.483072916664241,1.0,21900.0,437.75,1.0
20240125,21352.6,21578.466145833336,21600.0,21.53385416666424,1.172690763052209,21750.0,397.40000000000146,1.0
20240201,21697.45,21828.416015625,21850.0,21.583984375,1.225140712945591,22000.0,302.5499999999993,1.2933333333333334
20240208,21717.95,22035.817057291664,22050.0,14.182942708335759,1.1458333333333333,22200.0,482.0499999999993,1.0
20240215,21910.75,21963.8671875,21950.0,13.8671875,1.0753424657534247,22100.0,189.25,1.4375
20240222,22217.45,22203.651041666664,22250.0,46.34895833333576,1.45,22400.0,182.54999999999927,1.6875
20240229,21982.8,22148.250651041664,22150.0,1.7493489583357587,1.75,22300.0,317.2000000000007,1.53125
20240307,22493.55,22572.716796875,22550.0,22.716796875,1.0,22700.0,206.45000000000073,1.4666666666666668
20240314,22146.65,22327.749348958336,22350.0,22.25065104166424,1.4954128440366972,22500.0,353.34999999999854,1.0833333333333333
20240321,22011.95,21943.266927083336,22050.0,106.73307291666424,1.640378548895899,22200.0,188.04999999999927,1.7100000000000002
20240328,22326.9,22193.883463541664,22350.0,156.11653645833576,33.41818181818182,22500.0,173.09999999999854,54.888888888888886
20240404,22514.65,22521.666666666664,22550.0,28.33333333333576,1.1818181818181819,22700.0,185.34999999999854,1.7468354430379747
20240410,22753.8,22736.68359375,22800.0,63.31640625,1.4102564102564104,22950.0,196.20000000000073,1.8529411764705883
20240418,21995.85,22214.6171875,22200.0,14.6171875,2.140833333333333,22350.0,354.15000000000146,1.7213622291021673
20240425,22570.35,22457.899739583336,22600.0,142.10026041666424,22.1875,22750.0,179.65000000000146,9.705882352941178
20240502,22648.2,22735.999348958336,22750.0,14.000651041664241,1.4426229508196722,22900.0,251.79999999999927,2.3392857142857144
20240509,21957.5,22385.700520833336,22400.0,14.299479166664241,1.2522686025408347,22550.0,592.5,1.6095238095238094
20240516,22403.85,22281.484375,22450.0,168.515625,1.3499999999999999,22600.0,196.15000000000146,1.4000000000000001
20240523,22967.65,22657.150390625,23000.0,342.849609375,19.055555555555554,23150.0,182.34999999999854,11.499999999999998
20240530,22488.65,22791.649739583336,22800.0,8.350260416664241,1.4024024024024027,22950.0,461.34999999999854,1.6833333333333333
20240606,22821.4,22929.850260416664,22950.0,20.14973958333576,1.3937282229965158,23100.0,278.59999999999854,1.1264559068219635
20240613,23398.9,23411.282552083336,23400.0,11.282552083335759,1.0607954545454545,23550.0,151.09999999999854,1.0416666666666667
20240620,23567.0,23649.033203125,23650.0,0.966796875,1.1793103448275863,23800.0,233.0,1.4406779661016949
20240627,24044.5,23948.984375,24050.0,101.015625,4.64,24200.0,155.5,7.5
20240704,24302.15,24328.067057291664,24350.0,21.93294270833576,1.490677966101695,24500.0,197.84999999999854,1.1513157894736843
20240711,24315.95,24476.399739583336,24500.0,23.60026041666424,1.0564971751412429,24650.0,334.0499999999993,1.25
20240718,24800.85,24653.616536458336,24850.0,196.38346354166424,13.4,25000.0,199.15000000000146,2.6666666666666665
20240725,24406.1,24509.416666666664,24500.0,9.416666666664241,1.25177304964539,24650.0,243.90000000000146,1.0204081632653061
20240801,25010.9,25005.0,25050.0,45.0,1.6299137104506232,25200.0,189.09999999999854,1.5247148288973384
20240808,24117.0,24361.832682291664,24350.0,11.832682291664241,1.8206521739130435,24500.0,383.0,1.6433333333333333
20240814,24143.75,24293.799479166664,24300.0,6.200520833335759,1.3086206896551724,24450.0,306.25,1.1683673469387754
20240822,24811.5,24820.598958333336,24850.0,29.40104166666424,1.0742574257425743,25000.0,188.5,1.4214285714285713
20240829,25151.95,25133.082682291664,25200.0,66.91731770833576,5.202312138728323,25350.0,198.04999999999927,1.162162162162162
20240905,25145.1,25248.532552083336,25250.0,1.4674479166642413,1.55,25400.0,254.90000000000146,1.4500000000000002
20240912,25388.9,25059.715494791664,25400.0,340.28450520833576,13.170731707317074,25550.0,161.09999999999854,2.3333333333333335
20240919,25415.8,25477.983072916664,25500.0,22.01692708333576,2.2063492063492065,25650.0,234.20000000000073,1.4240506329113924
20240926,26216.05,26067.517578125,26250.0,182.482421875,4.828571428571428,26400.0,183.95000000000073,4.5588235294117645
20241003,25250.1,25889.93359375,25900.0,10.06640625,11.384615384615385,26050.0,799.9000000000015,1.3666666666666665
20241010,24998.45,25161.43359375,25150.0,11.43359375,1.5132352941176472,25300.0,301.5499999999993,1.3041666666666667
20241017,24749.85,25073.651041666664,25050.0,23.65104166666424,1.0357142857142858,25200.0,450.15000000000146,1.8499999999999999
20241024,24399.4,24567.133463541664,24550.0,17.13346354166424,1.5748031496062993,24700.0,300.59999999999854,1.570469798657718
20241031,24205.35,24456.932291666664,24450.0,6.932291666664241,1.4784394250513346,24600.0,394.65000000000146,1.2619047619047619
20241107,24199.35,24613.083333333336,24600.0,13.083333333335759,1.0,24750.0,550.6500000000015,1.2533333333333334
20241114,23532.7,23785.233723958336,23800.0,14.766276041664241,2.553846153846154,23950.0,417.2999999999993,1.5037593984962405
20241121,23349.9,23711.166666666664,23700.0,11.166666666664241,1.0,23850.0,500.09999999999854,1.327433628318584
20241128,23914.15,24371.083984375,24350.0,21.083984375,1.7206703910614525,24500.0,585.8499999999985,2.1848739495798317
20241205,24708.4,24571.665364583336,24750.0,178.33463541666424,7.2373271889400925,24900.0,191.59999999999854,13.409090909090908
20241212,24548.7,24694.417317708336,24700.0,5.582682291664241,1.3667157584683356,24850.0,301.2999999999993,1.2291021671826627
20241219,23951.7,24345.582682291664,24350.0,4.417317708335759,1.1291666666666667,24500.0,548.2999999999993,1.0
20241226,23750.2,23835.150390625,23850.0,14.849609375,2.0383522727272725,24000.0,249.79999999999927,1.854014598540146
20250102,24188.65,23856.200520833336,24200.0,343.79947916666424,9.225,24350.0,161.34999999999854,5.0
20250109,23526.5,23795.149088541664,23800.0,4.850911458335759,1.2905982905982907,23950.0,423.5,1.0
20250116,23311.8,23289.083333333336,23350.0,60.91666666666424,1.1075612353567625,23500.0,188.20000000000073,1.25
20250123,23205.35,23222.833333333336,23250.0,27.16666666666424,1.7886363636363638,23400.0,194.65000000000146,1.1436781609195403
20250130,23249.5,23238.799479166664,23250.0,11.200520833335759,2.206868356500409,23400.0,150.5,2.0933333333333333
20250206,23603.35,23775.584635416664,23800.0,24.41536458333576,1.1221945137157108,23950.0,346.65000000000146,1.0026525198938991
20250213,23031.4,23193.849609375,23200.0,6.150390625,2.5,23350.0,318.59999999999854,3.5094339622641515
20250220,22913.15,23050.283203125,23050.0,0.283203125,1.7281879194630871,23200.0,286.84999999999854,1.517241379310345
20250227,22545.05,22610.600911458336,22600.0,10.600911458335759,1.0906801007556675,22750.0,204.95000000000073,1.1916666666666667
20250306,22544.7,22465.533854166664,22550.0,84.46614583333576,1.1403508771929824,22700.0,155.29999999999927,2.2
20250313,22397.2,22588.75,22600.0,11.25,1.067736185383244,22750.0,352.7999999999993,1.1929824561403508
20250320,23190.65,22962.8828125,23200.0,237.1171875,3.8666666666666663,23350.0,159.34999999999854,1.6176470588235294
20250327,23591.95,23665.0,23650.0,15.0,4.1,23800.0,208.04999999999927,1.4594594594594594
20250403,23250.1,23402.083333333336,23400.0,2.0833333333357587,1.0,23550.0,299.90000000000146,1.0
20250409,22399.15,22731.749348958336,22750.0,18.25065104166424,1.1651705565529624,22900.0,500.84999999999854,1.0
20250417,23851.65,23501.915364583336,23900.0,398.08463541666424,5.183673469387754,24050.0,198.34999999999854,2.6428571428571432
20250424,24246.7,24418.850260416664,24400.0,18.85026041666424,1.2349397590361444,24550.0,303.2999999999993,1.0934256055363323
20250430,24334.2,24432.149739583336,24450.0,17.85026041666424,1.795,24600.0,265.7999999999993,1.2698412698412698
20250508,24273.8,24502.666666666664,24500.0,2.6666666666642413,1.1764705882352942,24650.0,376.2000000000007,1.973684210526316
20250515,25062.1,24777.783854166664,25100.0,322.21614583333576,21.810344827586206,25250.0,187.90000000000146,7.666666666666667
20250522,24609.7,24944.649088541664,24950.0,5.350911458335759,1.0014347202295553,25100.0,490.2999999999993,1.6373056994818653
20250529,24833.6,24832.115885416664,24850.0,17.88411458333576,1.6133333333333333,25000.0,166.40000000000146,2.75
20250605,24750.9,24666.149739583336,24800.0,133.85026041666424,4.654088050314465,24950.0,199.09999999999854,4.163120567375887
20250612,24888.2,25215.43359375,25200.0,15.43359375,1.304247990815155,25350.0,461.7999999999993,1.164983164983165
20250619,24793.25,24922.91796875,24900.0,22.91796875,1.0042857142857142,25050.0,256.75,1.0
20250626,25549.0,25299.350260416664,25550.0,250.64973958333576,9.73,25700.0,151.0,4.896551724137931
20250703,25405.3,25581.416666666664,25600.0,18.58333333333576,2.204255319148936,25750.0,344.7000000000007,1.4102564102564104
20250710,25355.25,25541.749348958336,25550.0,8.250651041664241,1.0407407407407407,25700.0,344.75,1.0
20250717,25111.45,25271.217447916664,25250.0,21.21744791666424,1.2437591776798826,25400.0,288.5499999999993,1.1555555555555557
20250724,25062.1,25273.766927083336,25250.0,23.76692708333576,1.1243718592964824,25400.0,337.90000000000146,1.2
20250731,24768.35,24914.251302083336,24900.0,14.251302083335759,5.575,25050.0,281.65000000000146,2.439655172413793
20250807,24596.15,24650.666666666664,24650.0,0.6666666666642413,1.1111111111111112,24800.0,203.84999999999854,1.0
20250814,24631.3,24677.516927083336,24700.0,22.48307291666424,1.4324817518248176,24850.0,218.70000000000073,1.7875
20250821,25083.75,25116.266927083336,25100.0,16.26692708333576,1.3268641470888662,25250.0,166.25,2.0483870967741935
20250828,24500.9,24857.934244791664,24850.0,7.934244791664241,1.0,25000.0,499.09999999999854,1.0
20250902,24579.6,24696.200520833336,24700.0,3.7994791666642413,2.857142857142857,24850.0,270.40000000000146,4.0
20250909,24868.6,24855.25,24900.0,44.75,1.25,25050.0,181.40000000000146,1.221153846153846
20250916,25239.1,25122.182291666664,25250.0,127.81770833333576,4.148514851485149,25400.0,160.90000000000146,1.5833333333333333
20250923,25169.5,25305.682291666664,25300.0,5.682291666664241,1.351851851851852,25450.0,280.5,1.0816326530612244
20250930,24611.1,24748.734375,24750.0,1.265625,1.5675265553869497,24900.0,288.90000000000146,1.5142857142857142
20251007,25108.3,25155.182942708336,25150.0,5.182942708335759,3.4770833333333333,25300.0,191.70000000000073,5.708333333333333
20251014,25145.5,25279.0,25300.0,21.0,1.7901234567901236,25450.0,304.5,1.4125
20251020,25843.15,25824.699869791664,25850.0,25.30013020833576,2.3452868852459017,26000.0,156.84999999999854,2.275167785234899
20251028,25936.2,26039.0,26050.0,11.0,1.4157407407407407,26200.0,263.7999999999993,2.5975609756097566
20251104,25597.65,25829.1328125,25850.0,20.8671875,1.0,26000.0,402.34999999999854,1.723076923076923
20251111,25694.95,25650.69921875,25700.0,49.30078125,1.3387423935091278,25850.0,155.04999999999927,1.6071428571428572
20251118,25910.05,26056.315755208336,26050.0,6.315755208335759,1.1138952164009113,26200.0,289.9500000000007,1.0738255033557047
20251125,25884.8,26097.483723958336,26100.0,2.5162760416642413,1.7632241813602014,26250.0,365.2000000000007,1.0222222222222221
20251202,26032.2,26292.967447916664,26300.0,7.032552083335759,1.0,26450.0,417.7999999999993,1.1896551724137931
20251209,25839.65,26128.75,26150.0,21.25,1.34,26300.0,460.34999999999854,1.4081632653061225
20251216,25860.1,26081.384114583336,26100.0,18.61588541666424,1.0,26250.0,389.90000000000146,1.0
20251223,26177.15,26219.466145833336,26200.0,19.46614583333576,1.1627906976744187,26350.0,172.84999999999854,1.2380952380952381
20251230,25938.85,26059.166666666664,26050.0,9.166666666664241,1.41,26200.0,261.15000000000146,1.0
20260106,26178.7,26345.649739583336,26350.0,4.350260416664241,1.51875,26500.0,321.2999999999993,1.3243243243243243
20260113,25732.3,25911.133463541664,25900.0,11.133463541664241,1.0666666666666667,26050.0,317.7000000000007,1.7797619047619047
20260120,25232.5,25661.083984375,25650.0,11.083984375,1.0,25800.0,567.5,1.5657894736842106
20260127,25175.4,25255.966145833336,25250.0,5.966145833335759,1.3587604290822406,25400.0,224.59999999999854,1.0868263473053892
20260203,25727.55,25237.866536458336,25750.0,512.1334635416642,1.4316816816816818,25900.0,172.45000000000073,1.86
20260210,25935.15,25932.733723958336,25950.0,17.26627604166424,1.161,26100.0,164.84999999999854,1.1037037037037036
20260217,25725.4,25795.600260416664,25800.0,4.399739583335759,1.1361788617886177,25950.0,224.59999999999854,1.0
20260224,25424.65,25786.516276041664,25800.0,13.483723958335759,1.0,25950.0,525.3499999999985,1.0
20260302,24865.7,25389.600260416664,25400.0,10.399739583335759,1.22,25550.0,684.2999999999993,1.4285714285714284
20260310,24261.6,24171.533854166664,24300.0,128.46614583333576,1.2418749999999998,24450.0,188.40000000000146,1.2324393358876118
20260317,23581.15,23622.1171875,23600.0,22.1171875,1.3210010881392817,23750.0,168.84999999999854,1.1682242990654206
20260324,22912.4,22752.483072916664,22950.0,197.51692708333576,2.1071428571428568,23100.0,187.59999999999854,2.628
20260330,22331.4,23068.94921875,23050.0,18.94921875,1.845,23200.0,868.5999999999985,1.0
20260407,23123.65,23130.083333333336,23150.0,19.91666666666424,1.2644444444444445,23300.0,176.34999999999854,2.6999999999999997
20260413,23842.65,24130.983723958336,24150.0,19.01627604166424,1.0,24300.0,457.34999999999854,1.3703703703703702
20260421,24576.6,24483.25,24600.0,116.75,3.2323232323232323,24750.0,173.40000000000146,1.1224489795918366
20260428,23995.7,24170.19921875,24150.0,20.19921875,1.3113636363636365,24300.0,304.2999999999993,1.0
20260505,24032.8,24271.416666666664,24250.0,21.41666666666424,1.0,24400.0,367.2000000000007,1.0
20260512,23379.55,23942.499348958336,23950.0,7.500651041664241,1.0153846153846153,24100.0,720.4500000000007,1.9342105263157894
20260519,23618.0,23791.366536458336,23800.0,8.633463541664241,1.1959287531806617,23950.0,332.0,1.0
20260526,23913.7,24083.149088541664,24100.0,16.85091145833576,1.0,24250.0,336.2999999999993,1.079646017699115
20260602,23483.55,23624.8828125,23600.0,24.8828125,1.7553191489361701,23750.0,266.4500000000007,1.0
20260609,23242.1,23236.817057291664,23250.0,13.182942708335759,1.0,23400.0,157.90000000000146,1.064245810055866
20260616,23989.15,23970.93359375,24000.0,29.06640625,1.1253405994550407,24150.0,160.84999999999854,2.0189873417721516
20260623,23824.1,24156.250651041664,24150.0,6.250651041664241,1.5191489361702128,24300.0,475.90000000000146,1.5135135135135134
20260630,23865.75,24069.31640625,24050.0,19.31640625,1.100502512562814,24200.0,334.25,1.4457831325301203
20260707,24398.7,24496.966796875,24500.0,3.033203125,1.713740458015267,24650.0,251.29999999999927,1.8333333333333333
20260714,24052.05,24313.80078125,24300.0,13.80078125,1.0,24450.0,397.9500000000007,1.0
20260721,24187.7,24291.116536458336,24300.0,8.883463541664241,1.424496644295302,24450.0,262.2999999999993,1.0514705882352942
20260728,23985.35,24041.182291666664,24050.0,8.817708333335759,1.2071005917159763,24200.0,214.65000000000146,1.0
20260804,24614.9,24860.684244791664,24850.0,10.684244791664241,1.0,25000.0,385.09999999999854,1.1388888888888888
20260811,24471.7,24632.800130208336,24650.0,17.19986979166424,1.0,24800.0,328.2999999999993,2.2531645569620253
20260818,24154.9,24356.18359375,24350.0,6.18359375,1.038532110091743,24500.0,345.09999999999854,1.0
20260825,24334.55,24306.600260416664,24350.0,43.39973958333576,1.1578947368421053,24500.0,165.45000000000073,1.125
20260901,24055.8,24141.533203125,24150.0,8.466796875,1.490909090909091,24300.0,244.20000000000073,1.8795180722891565
20260908,23635.1,23866.800130208336,23850.0,16.80013020833576,1.0,24000.0,364.90000000000146,1.145631067961165
20260915,23118.6,23486.999348958336,23500.0,13.000651041664241,1.1889473684210528,23650.0,531.4000000000015,1.0
20260922,23329.0,23482.467447916664,23500.0,17.53255208333576,1.1537396121883656,23650.0,321.0,1.8958333333333333
