date,spot,day_low,low_time,real_peak,peak_time,near_strike,near_dist_from_peak,near_mult,far_strike,far_otm_pts,far_mult
20260714,24052.05,24023.900390625,14:55,24075.0,15:05,24100.0,25.0,1.1037792441511698,24250.0,197.95000000000073,1.0
20260721,24187.7,24135.900390625,13:00,24197.19921875,15:00,24200.0,2.80078125,1.450632911392405,24350.0,162.29999999999927,1.0
20260728,23985.35,23954.69921875,15:00,24013.349609375,15:20,24000.0,13.349609375,1.25,24150.0,164.65000000000146,1.15
20260804,24614.9,24428.19921875,13:55,24614.900390625,15:25,24650.0,35.099609375,1.0,24800.0,185.09999999999854,1.9600000000000002
20260811,24471.7,24429.25,12:05,24476.44921875,15:05,24500.0,23.55078125,1.0,24650.0,178.29999999999927,1.0
20260825,24334.55,24115.55078125,10:25,24334.55078125,15:25,24350.0,15.44921875,1.1578947368421053,24500.0,165.45000000000073,1.125
20260901,24055.8,23952.599609375,14:25,24055.80078125,15:25,24100.0,44.19921875,1.7863436123348018,24250.0,194.20000000000073,2.8899999999999997
20260908,23635.1,23623.25,13:50,23659.30078125,15:10,23650.0,9.30078125,1.0555555555555556,23800.0,164.90000000000146,1.2040133779264215
20260922,23329.0,23285.94921875,14:00,23403.099609375,14:20,23400.0,3.099609375,1.232448377581121,23550.0,221.0,1.0272108843537413
