ticker,date,expiry,strike,tdte,entry,max_mult,final_mult,n_days
MARUTI,2025-08-25,2025-08-28,15400.0,2,1.95,1.5384615384615385,0.12820512820512822,3
APOLLOHOSP,2022-06-27,2022-06-30,4400.0,3,1.75,1.0,0.028571428571428574,4
ICICIBANK,2023-10-25,2023-10-26,925.0,1,1.35,1.0,0.037037037037037035,2
RBLBANK,2025-08-25,2025-08-28,270.0,2,1.35,1.0,0.037037037037037035,3
MPHASIS,2022-10-25,2022-10-27,2150.0,1,1.55,1.0,0.03225806451612903,2
IREDA,2026-01-23,2026-01-27,127.5,1,1.02,1.0,0.6274509803921569,2
PIDILITIND,2022-10-27,2022-10-27,2600.0,0,0.5,1.0,1.0,1
LT,2026-01-27,2026-01-27,3800.0,0,0.05,1.0,1.0,1
TECHM,2026-07-24,2026-07-28,1620.0,2,1.5,7.466666666666666,7.466666666666666,3
GRASIM,2025-11-21,2025-11-25,2840.0,2,1.65,1.0,0.060606060606060615,3
PRESTIGE,2025-02-25,2025-02-27,1250.0,1,1.65,1.0,0.030303030303030307,2
COALINDIA,2023-12-26,2023-12-28,372.25,2,1.8,4.166666666666667,4.166666666666667,3
INDIANB,2025-02-27,2025-02-27,530.0,0,0.05,1.0,1.0,1
COALINDIA,2024-08-28,2024-08-29,530.0,1,1.65,1.0,0.15151515151515152,2
BHARTIARTL,2022-10-21,2022-10-27,810.0,3,1.3,2.576923076923077,2.576923076923077,4
HINDUNILVR,2022-09-28,2022-09-29,2760.0,1,1.55,1.0,0.0967741935483871,2
SBIN,2022-11-21,2022-11-24,610.0,3,1.8,1.0,0.3333333333333333,4
TVSMOTOR,2026-05-21,2026-05-26,3680.0,3,1.5,1.0,0.03333333333333333,4
COFORGE,2025-11-25,2025-11-25,1840.0,0,0.5,1.0,1.0,1
JINDALSTEL,2022-06-29,2022-06-30,350.0,1,0.8,1.0,0.0625,2
BHEL,2023-11-30,2023-11-30,152.5,0,1.35,1.0,1.0,1
BAJFINANCE,2023-11-29,2023-11-30,7400.0,1,1.3,1.0,0.038461538461538464,2
KAYNES,2025-11-21,2025-11-25,6600.0,2,1.65,1.0,0.060606060606060615,3
SUPREMEIND,2025-11-24,2025-11-25,3600.0,1,1.85,1.0,0.02702702702702703,2
BHEL,2026-07-28,2026-07-28,407.5,0,0.35,1.0,1.0,1
NTPC,2024-06-27,2024-06-27,380.0,0,0.05,1.0,1.0,1
UNITDSPR,2025-11-24,2025-11-25,1450.0,1,1.65,1.0,0.030303030303030307,2
SRF,2024-06-25,2024-06-27,2480.0,2,1.9,1.0789473684210527,1.0789473684210527,3
PIDILITIND,2023-05-24,2023-05-25,2580.0,1,1.3,1.0,0.038461538461538464,2
OFSS,2023-06-26,2023-06-29,4200.0,2,2.0,1.0,0.475,2
RVNL,2026-06-29,2026-06-30,240.0,1,0.59,1.0,0.03389830508474576,2
ICICIBANK,2025-12-26,2025-12-30,1370.0,2,1.5,1.0,0.03333333333333333,3
AXISBANK,2025-04-23,2025-04-24,1240.0,1,1.45,1.0,0.034482758620689655,2
ADANIENT,2024-10-29,2024-10-31,3120.0,2,1.25,1.0,0.04,3
BHARATFORG,2024-12-23,2024-12-26,1340.0,2,1.7,1.1764705882352942,0.029411764705882356,3
MOTHERSON,2022-11-23,2022-11-24,70.0,1,1.55,1.0,0.8064516129032258,2
VOLTAS,2022-07-25,2022-07-28,1060.0,3,1.5,1.0,0.03333333333333333,4
POLYCAB,2024-09-26,2024-09-26,6800.0,0,0.05,1.0,1.0,1
KEI,2025-08-22,2025-08-28,4400.0,3,2.0,1.0,0.025,4
HEROMOTOCO,2026-06-29,2026-06-30,5100.0,1,1.95,1.0,0.05128205128205129,2
AXISBANK,2026-04-24,2026-04-28,1460.0,2,1.7,1.0,0.029411764705882356,3
FEDERALBNK,2026-08-20,2026-08-25,360.0,3,1.6,1.2812499999999998,0.03125,4
TATACONSUM,2026-02-24,2026-02-24,1180.0,0,0.1,1.0,1.0,1
HDFCLIFE,2023-07-25,2023-07-27,665.0,2,1.95,1.0,0.025641025641025644,3
SIEMENS,2024-03-28,2024-03-28,5400.0,0,1.85,1.0,1.0,1
OIL,2026-06-25,2026-06-30,415.0,2,1.8,1.5277777777777777,0.8611111111111112,3
BEL,2026-05-22,2026-05-26,425.0,2,1.15,1.0,0.04347826086956522,3
BANKBARODA,2024-06-27,2024-06-27,280.0,0,0.6,1.0,1.0,1
JSWSTEEL,2024-05-28,2024-05-30,930.0,2,1.85,1.0,0.02702702702702703,3
BOSCHLTD,2025-03-27,2025-03-27,29000.0,0,0.4,1.0,1.0,1
IOC,2026-04-23,2026-04-28,146.0,3,1.48,1.0,0.08108108108108109,4
SRF,2022-08-25,2022-08-25,2400.0,0,0.75,1.0,1.0,1
INDUSTOWER,2024-12-20,2024-12-26,350.0,3,1.2,1.0,0.04166666666666667,4
CANBK,2025-06-24,2025-06-26,111.0,2,0.7,1.0,0.14285714285714288,3
SOLARINDS,2026-02-19,2026-02-24,15800.0,3,1.0,1.1,0.05,4
KEI,2025-01-30,2025-01-30,4100.0,0,0.1,1.0,1.0,1
SHRIRAMFIN,2024-10-31,2024-10-31,3150.0,0,1.8,1.0,1.0,1
GLENMARK,2026-05-25,2026-05-26,2480.0,1,1.2,1.0,0.04166666666666667,2
ULTRACEMCO,2023-10-25,2023-10-26,8650.0,1,1.95,1.0,0.05128205128205129,2
SOLARINDS,2025-10-24,2025-10-28,15750.0,2,1.8,1.3055555555555556,0.11111111111111112,3
TITAN,2023-09-27,2023-09-28,3280.0,1,1.75,1.0,0.08571428571428572,2
INDUSINDBK,2024-07-23,2024-07-25,1500.0,2,1.95,1.0,0.025641025641025644,3
OFSS,2026-08-25,2026-08-25,11900.0,0,0.95,1.0,1.0,1
BHARATFORG,2022-08-25,2022-08-25,730.0,0,0.2,1.0,1.0,1
TRENT,2022-11-23,2022-11-24,1460.0,1,1.75,1.0,0.05714285714285715,2
MARUTI,2025-02-25,2025-02-27,12900.0,1,1.1,1.0,0.045454545454545456,2
TATASTEEL,2024-06-26,2024-06-27,173.0,1,0.85,1.352941176470588,1.352941176470588,2
INDUSTOWER,2023-11-30,2023-11-30,185.0,0,0.3,1.0,1.0,1
EICHERMOT,2025-04-23,2025-04-24,5900.0,1,2.0,1.0,0.2,2
FEDERALBNK,2024-04-24,2024-04-25,154.0,1,1.0,2.55,2.55,2
AMBUJACEM,2025-01-28,2025-01-30,570.0,2,1.6,1.0,0.03125,3
ICICIBANK,2025-05-27,2025-05-29,1480.0,2,1.2,1.0,0.04166666666666667,3
PIDILITIND,2022-09-28,2022-09-29,2880.0,1,1.65,1.0,0.030303030303030307,2
BAJAJFINSV,2026-02-19,2026-02-24,2100.0,3,1.35,1.5925925925925923,0.037037037037037035,4
BEL,2024-05-30,2024-05-30,292.5,0,0.15,1.0,1.0,1
COLPAL,2025-02-25,2025-02-27,2600.0,1,1.55,1.0,0.03225806451612903,2
BANKBARODA,2024-03-27,2024-03-28,260.0,1,0.9,3.8333333333333335,3.8333333333333335,2
SHRIRAMFIN,2025-03-27,2025-03-27,680.0,0,0.15,1.0,1.0,1
SAIL,2024-10-28,2024-10-31,115.0,3,1.55,1.2903225806451613,0.3870967741935484,4
IEX,2025-04-22,2025-04-24,190.0,2,1.95,1.076923076923077,0.7692307692307693,3
HDFCBANK,2023-08-29,2023-08-31,1610.0,2,1.6,1.0,0.03125,3
GODREJPROP,2025-09-29,2025-09-30,2050.0,1,1.35,1.0,0.037037037037037035,2
NAUKRI,2025-09-29,2025-09-30,1360.0,1,0.95,1.0,0.052631578947368425,2
TCS,2025-09-26,2025-09-30,3040.0,2,1.7,1.0,0.029411764705882356,3
IEX,2024-09-25,2024-09-26,207.5,1,2.0,1.0,0.825,2
ONGC,2025-09-30,2025-09-30,240.0,0,0.05,1.0,1.0,1
POLYCAB,2023-06-26,2023-06-29,3800.0,2,1.55,1.0,0.41935483870967744,2
LT,2025-02-24,2025-02-27,3400.0,2,1.9,1.0,0.026315789473684213,3
JUBLFOOD,2025-11-21,2025-11-25,600.0,2,1.8,1.0,0.02777777777777778,3
BRITANNIA,2025-05-27,2025-05-29,5700.0,2,1.8,1.0,0.02777777777777778,3
TITAN,2022-12-28,2022-12-29,2660.0,1,1.35,1.0,0.14814814814814814,2
WIPRO,2023-02-22,2023-02-23,395.0,1,1.95,1.0,0.05128205128205129,2
FEDERALBNK,2025-08-28,2025-08-28,192.5,0,0.1,1.0,1.0,1
HEROMOTOCO,2025-04-22,2025-04-24,4100.0,2,1.7,3.823529411764706,0.029411764705882356,3
IDFCFIRSTB,2023-03-29,2023-03-29,53.0,0,1.15,1.0,1.0,1
DIXON,2024-01-25,2024-01-25,5950.0,0,0.35,1.0,1.0,1
NESTLEIND,2026-04-24,2026-04-28,1480.0,2,1.55,1.0,0.03225806451612903,3
AXISBANK,2025-03-24,2025-03-27,1130.0,3,1.55,2.451612903225806,0.03225806451612903,4
BHEL,2026-06-25,2026-06-30,410.0,2,1.95,2.4871794871794872,2.307692307692308,3
COFORGE,2025-01-30,2025-01-30,8400.0,0,0.7,1.0,1.0,1
GRASIM,2026-04-28,2026-04-28,2820.0,0,0.05,1.0,1.0,1
ASHOKLEY,2024-09-24,2024-09-26,240.0,2,1.25,1.08,1.08,3
TATAPOWER,2026-04-28,2026-04-28,462.5,0,0.95,1.0,1.0,1
SBIN,2025-02-21,2025-02-27,740.0,3,1.95,1.0,0.025641025641025644,4
BAJFINANCE,2024-04-22,2024-04-25,8100.0,3,1.65,1.0,0.030303030303030307,4
ALKEM,2025-01-27,2025-01-30,5350.0,3,1.8,2.7777777777777777,2.7777777777777777,4
CANBK,2024-12-23,2024-12-26,102.0,2,0.5,1.0,0.1,3
YESBANK,2025-06-26,2025-06-26,21.0,0,0.05,1.0,1.0,1
FEDERALBNK,2023-01-25,2023-01-25,129.0,0,1.55,1.0,1.0,1
TATASTEEL,2024-11-28,2024-11-28,145.0,0,0.05,1.0,1.0,1
BHARATFORG,2022-07-25,2022-07-28,740.0,3,1.5,1.0,0.09999999999999999,4
M&M,2025-06-24,2025-06-26,3300.0,2,1.05,1.0476190476190477,0.047619047619047616,3
BRITANNIA,2026-05-21,2026-05-26,5750.0,3,1.9,1.0,0.026315789473684213,4
ANGELONE,2025-06-23,2025-06-26,3300.0,3,1.95,1.0,0.025641025641025644,4
ADANIPORTS,2026-08-24,2026-08-25,1720.0,1,1.5,1.0,0.43333333333333335,2
CANBK,2024-03-26,2024-03-28,585.0,2,1.35,1.0,0.037037037037037035,3
PIDILITIND,2026-06-29,2026-06-30,1630.0,1,1.35,1.0,0.07407407407407407,2
GODREJCP,2023-08-31,2023-08-31,1020.0,0,0.25,1.0,1.0,1
AXISBANK,2023-08-30,2023-08-31,990.0,1,1.85,1.0,0.05405405405405406,2
SIEMENS,2025-12-30,2025-12-30,3050.0,0,1.0,1.0,1.0,1
NESTLEIND,2025-08-22,2025-08-28,1210.0,3,1.5,1.0,0.03333333333333333,4
VBL,2026-06-29,2026-06-30,510.0,1,1.5,1.0,0.03333333333333333,2
BIOCON,2023-05-22,2023-05-25,247.5,3,1.7,1.1764705882352942,0.029411764705882356,4
ICICIBANK,2025-03-24,2025-03-27,1400.0,3,1.55,1.0,0.03225806451612903,4
IOC,2025-09-30,2025-09-30,150.0,0,0.05,1.0,1.0,1
DRREDDY,2024-09-26,2024-09-26,6750.0,0,0.35,1.0,1.0,1
AXISBANK,2023-07-27,2023-07-27,970.0,0,0.2,1.0,1.0,1
PFC,2022-09-27,2022-09-29,105.0,2,1.95,1.0,0.1794871794871795,3
APLAPOLLO,2025-03-26,2025-03-27,1560.0,1,1.35,1.0,0.25925925925925924,2
TRENT,2023-02-23,2023-02-23,1340.0,0,0.15,1.0,1.0,1
BIOCON,2022-07-26,2022-07-28,325.0,2,2.0,1.75,0.05,3
GAIL,2025-04-23,2025-04-24,195.0,1,0.8,1.0,0.125,2
ICICIBANK,2025-06-25,2025-06-26,1440.0,1,1.1,1.0,0.22727272727272727,2
DIXON,2022-07-28,2022-07-28,3550.0,0,0.15,1.0,1.0,1
GLENMARK,2026-08-25,2026-08-25,2420.0,0,0.65,1.0,1.0,1
AUROPHARMA,2023-10-20,2023-10-26,920.0,3,1.5,1.0,0.03333333333333333,4
CUMMINSIND,2024-05-30,2024-05-30,3640.0,0,0.7,1.0,1.0,1
DABUR,2025-03-27,2025-03-27,515.0,0,0.05,1.0,1.0,1
KPITTECH,2025-12-24,2025-12-30,1280.0,3,1.3,1.0,0.07692307692307693,4
SBILIFE,2022-11-24,2022-11-24,1260.0,0,0.05,1.0,1.0,1
HINDUNILVR,2022-12-28,2022-12-29,2620.0,1,1.25,1.0,0.08,2
TRENT,2023-07-27,2023-07-27,1720.0,0,0.05,1.0,1.0,1
OFSS,2022-12-26,2022-12-29,3150.0,3,1.9,1.131578947368421,0.026315789473684213,4
DLF,2025-09-26,2025-09-30,740.0,2,1.0,1.0,0.05,3
ADANIENT,2023-07-26,2023-07-27,2750.0,1,1.45,1.0,0.034482758620689655,2
MUTHOOTFIN,2025-05-28,2025-05-29,2140.0,1,1.65,1.0,0.030303030303030307,2
JINDALSTEL,2024-03-28,2024-03-28,850.0,0,0.5,1.0,1.0,1
LT,2024-10-31,2024-10-31,3650.0,0,0.25,1.0,1.0,1
MAXHEALTH,2026-01-23,2026-01-27,1020.0,1,1.65,1.0,0.030303030303030307,2
HINDUNILVR,2023-04-27,2023-04-27,2480.0,0,1.3,1.0,1.0,1
CONCOR,2026-04-27,2026-04-28,520.0,1,1.15,1.0,0.08695652173913045,2
ADANIENT,2022-06-30,2022-06-30,2200.0,0,0.45,1.0,1.0,1
BANKBARODA,2022-08-22,2022-08-25,120.0,3,1.3,4.115384615384615,4.115384615384615,4
KFINTECH,2025-09-26,2025-09-30,1150.0,2,0.8,1.0,0.0625,3
ASHOKLEY,2025-04-24,2025-04-24,232.5,0,0.05,1.0,1.0,1
SIEMENS,2026-02-19,2026-02-24,3400.0,3,1.85,3.2162162162162162,0.7567567567567567,4
CHOLAFIN,2026-04-24,2026-04-28,1640.0,2,1.55,1.0,0.03225806451612903,3
HDFCLIFE,2025-08-26,2025-08-28,780.0,1,1.2,1.0,0.5833333333333334,2
PIIND,2025-09-30,2025-09-30,3550.0,0,2.0,1.0,1.0,1
LICI,2026-08-25,2026-08-25,425.0,0,0.85,1.0,1.0,1
UNITDSPR,2024-10-30,2024-10-31,1480.0,1,1.15,1.0,0.04347826086956522,2
INDUSINDBK,2024-11-25,2024-11-28,1060.0,3,1.35,1.037037037037037,0.037037037037037035,4
VEDL,2022-10-24,2022-10-27,285.0,2,1.55,2.193548387096774,2.193548387096774,3
CHOLAFIN,2022-11-22,2022-11-24,740.0,2,1.15,1.0,0.04347826086956522,3
JINDALSTEL,2022-09-26,2022-09-29,420.0,3,1.4,1.0,0.7500000000000001,4
MAXHEALTH,2025-03-25,2025-03-27,1240.0,2,1.1,1.0,0.045454545454545456,3
NATIONALUM,2023-01-25,2023-01-25,81.0,0,1.4,1.0,1.0,1
BANKBARODA,2024-11-26,2024-11-28,250.0,2,1.5,1.0,0.06666666666666667,3
TORNTPHARM,2024-09-26,2024-09-26,3420.0,0,0.6,1.0,1.0,1
DABUR,2022-08-24,2022-08-25,590.0,1,1.85,1.0,0.05405405405405406,2
HDFCLIFE,2024-08-29,2024-08-29,740.0,0,0.45,1.0,1.0,1
HAL,2023-07-27,2023-07-27,3900.0,0,0.05,1.0,1.0,1
OIL,2026-08-25,2026-08-25,470.0,0,0.05,1.0,1.0,1
NATIONALUM,2023-01-24,2023-01-25,82.0,1,1.0,1.0,0.3,2
AMBUJACEM,2023-01-25,2023-01-25,460.0,0,1.2,1.0,1.0,1
TATACONSUM,2026-02-19,2026-02-24,1190.0,3,1.65,1.0,0.030303030303030307,4
NAUKRI,2024-01-23,2024-01-25,5550.0,2,2.0,1.0,0.8,3
ASIANPAINT,2022-06-30,2022-06-30,2750.0,0,0.05,1.0,1.0,1
DELHIVERY,2026-02-19,2026-02-24,440.0,3,1.55,1.032258064516129,0.03225806451612903,4
BAJAJ-AUTO,2023-03-27,2023-03-29,3920.0,2,1.5,1.0,0.3,3
ICICIBANK,2024-03-27,2024-03-28,1090.0,1,1.95,2.4102564102564106,2.4102564102564106,2
CUMMINSIND,2023-09-26,2023-09-28,1800.0,2,1.6,1.0,0.0625,3
SBICARD,2024-08-27,2024-08-29,755.0,2,1.5,1.0,0.06666666666666667,3
ULTRACEMCO,2024-11-27,2024-11-28,11800.0,1,1.45,1.0,0.034482758620689655,2
POLYCAB,2026-02-24,2026-02-24,8200.0,0,1.65,1.0,1.0,1
JINDALSTEL,2025-02-25,2025-02-27,880.0,1,1.2,1.0,0.04166666666666667,2
ASTRAL,2022-06-27,2022-06-30,1820.0,3,2.0,1.0,1.0,4
NATIONALUM,2024-02-26,2024-02-29,158.0,3,1.95,1.0,0.07692307692307693,4
ADANIENT,2025-09-29,2025-09-30,2600.0,1,2.0,1.0,0.025,2
NAUKRI,2023-01-20,2023-01-25,4100.0,3,1.95,1.0,0.025641025641025644,4
ABB,2022-10-25,2022-10-27,3250.0,1,0.85,1.0,0.05882352941176471,2
GODREJPROP,2023-06-23,2023-06-29,1640.0,3,1.7,1.0,0.17647058823529413,3
ADANIENT,2025-02-24,2025-02-27,2280.0,2,2.0,1.0,0.025,3
360ONE,2025-09-29,2025-09-30,1060.0,1,1.0,1.0,0.05,2
SBICARD,2025-09-25,2025-09-30,910.0,3,1.75,1.0,0.028571428571428574,4
BHEL,2022-07-27,2022-07-28,51.0,1,1.65,1.3636363636363638,1.3636363636363638,2
FEDERALBNK,2025-10-23,2025-10-28,232.5,3,1.15,3.130434782608696,3.130434782608696,4
BSE,2025-12-30,2025-12-30,2600.0,0,1.25,1.0,1.0,1
UNIONBANK,2026-08-21,2026-08-25,185.0,2,0.81,3.271604938271605,3.271604938271605,3
GAIL,2024-02-29,2024-02-29,182.5,0,0.2,1.0,1.0,1
EICHERMOT,2023-01-23,2023-01-25,3350.0,2,1.7,1.0,0.029411764705882356,3
BHEL,2025-11-21,2025-11-25,285.0,2,1.7,1.0,0.029411764705882356,3
PHOENIXLTD,2025-10-24,2025-10-28,1740.0,2,1.85,1.243243243243243,0.05405405405405406,3
MFSL,2024-03-26,2024-03-28,1040.0,2,2.0,1.0,0.075,3
VOLTAS,2025-10-28,2025-10-28,1440.0,0,0.5,1.0,1.0,1
BANKBARODA,2025-09-29,2025-09-30,255.0,1,0.65,5.461538461538461,5.461538461538461,2
IEX,2024-01-19,2024-01-25,145.0,3,1.25,1.0,0.04,4
PAGEIND,2024-10-29,2024-10-31,48500.0,2,1.2,1.0,1.0,3
BRITANNIA,2025-12-29,2025-12-30,6250.0,1,0.65,1.0,0.07692307692307693,2
CHOLAFIN,2024-04-25,2024-04-25,1160.0,0,0.35,1.0,1.0,1
RVNL,2025-10-27,2025-10-28,335.0,1,1.2,1.0,0.04166666666666667,2
LICHSGFIN,2023-11-24,2023-11-30,465.0,3,1.25,19.080000000000002,19.080000000000002,4
BRITANNIA,2025-01-27,2025-01-30,5700.0,3,1.35,1.0,0.037037037037037035,4
CROMPTON,2023-06-26,2023-06-29,295.0,2,1.55,1.0,0.5483870967741935,2
INDHOTEL,2024-10-28,2024-10-31,700.0,3,1.5,1.0,0.03333333333333333,4
APOLLOHOSP,2024-12-20,2024-12-26,7800.0,3,1.75,1.0,0.028571428571428574,4
APOLLOHOSP,2022-08-25,2022-08-25,4250.0,0,0.1,1.0,1.0,1
GMRAIRPORT,2025-07-31,2025-07-31,91.0,0,0.05,1.0,1.0,1
ICICIBANK,2024-10-31,2024-10-31,1300.0,0,0.4,1.0,1.0,1
JIOFIN,2025-09-25,2025-09-30,310.0,3,1.0,1.0,0.05,4
LUPIN,2025-04-24,2025-04-24,2120.0,0,0.1,1.0,1.0,1
YESBANK,2025-12-26,2025-12-30,22.0,2,0.04,1.0,0.25,3
APOLLOHOSP,2024-06-27,2024-06-27,6200.0,0,0.05,1.0,1.0,1
UNIONBANK,2025-07-31,2025-07-31,132.5,0,0.05,1.0,1.0,1
POLYCAB,2025-12-30,2025-12-30,7600.0,0,0.35,1.0,1.0,1
NTPC,2026-04-27,2026-04-28,412.5,1,0.6,1.0,0.16666666666666669,2
SHREECEM,2025-11-21,2025-11-25,30750.0,2,2.0,1.0,1.0,3
DMART,2026-03-27,2026-03-30,4150.0,1,1.1,1.0,0.045454545454545456,2
MANAPPURAM,2024-04-22,2024-04-25,195.0,3,1.55,1.0,0.2258064516129032,4
TITAN,2023-01-23,2023-01-25,2440.0,2,1.9,1.0,0.026315789473684213,3
INDUSTOWER,2024-11-26,2024-11-28,350.0,2,1.55,1.8387096774193548,0.06451612903225806,3
ABCAPITAL,2026-02-24,2026-02-24,350.0,0,0.15,1.0,1.0,1
COALINDIA,2022-10-25,2022-10-27,240.0,1,0.95,1.0,0.2631578947368421,2
CONCOR,2022-12-26,2022-12-29,760.0,3,1.25,1.0,0.08,4
IDFCFIRSTB,2023-09-26,2023-09-28,94.0,2,1.8,2.0,0.3611111111111111,3
KEI,2025-12-30,2025-12-30,4400.0,0,0.95,1.0,1.0,1
KOTAKBANK,2023-08-29,2023-08-31,1820.0,2,1.45,1.0,0.06896551724137931,3
LUPIN,2025-09-30,2025-09-30,1920.0,0,0.05,1.0,1.0,1
BHARATFORG,2025-07-30,2025-07-31,1220.0,1,1.3,1.0,0.11538461538461538,2
KOTAKBANK,2024-08-29,2024-08-29,1780.0,0,1.0,1.0,1.0,1
VBL,2026-05-25,2026-05-26,540.0,1,1.35,1.0,0.037037037037037035,2
APOLLOHOSP,2023-05-25,2023-05-25,4600.0,0,0.15,1.0,1.0,1
IDEA,2025-08-25,2025-08-28,8.0,2,0.05,1.0,1.0,3
COLPAL,2024-12-24,2024-12-26,2800.0,1,1.25,1.0,0.04,2
TECHM,2026-08-24,2026-08-25,1600.0,1,1.7,1.0,0.14705882352941177,2
INDUSTOWER,2022-10-25,2022-10-27,187.5,1,1.75,1.2857142857142858,1.2857142857142858,2
LTF,2025-09-26,2025-09-30,237.5,2,1.9,6.447368421052632,6.447368421052632,3
MCX,2025-12-24,2025-12-30,11900.0,3,1.75,1.8,0.05714285714285715,4
INFY,2023-10-26,2023-10-26,1370.0,0,0.75,1.0,1.0,1
BRITANNIA,2024-09-25,2024-09-26,6350.0,1,1.65,1.0,0.060606060606060615,2
PIDILITIND,2024-11-25,2024-11-28,3120.0,3,1.8,1.0,0.02777777777777778,4
HDFCLIFE,2025-01-29,2025-01-30,640.0,1,0.55,1.0,0.09090909090909091,2
ASIANPAINT,2024-07-23,2024-07-25,3080.0,2,1.9,1.0,0.026315789473684213,3
ITC,2023-09-25,2023-09-28,445.0,3,1.7,2.1764705882352944,0.05882352941176471,4
DRREDDY,2023-09-28,2023-09-28,5500.0,0,0.95,1.0,1.0,1
SAIL,2022-08-23,2022-08-25,79.0,2,1.5,1.0,0.26666666666666666,3
IOC,2023-03-29,2023-03-29,75.0,0,2.0,1.0,1.0,1
NATIONALUM,2023-07-24,2023-07-27,91.0,3,1.8,2.4444444444444446,2.4444444444444446,4
BOSCHLTD,2024-08-29,2024-08-29,32500.0,0,0.3,1.0,1.0,1
BHEL,2024-10-30,2024-10-31,240.0,1,1.0,1.0,0.2,2
PIIND,2024-11-25,2024-11-28,4550.0,3,1.65,1.0,0.030303030303030307,4
KOTAKBANK,2022-12-28,2022-12-29,1860.0,1,1.1,1.0,0.045454545454545456,2
LAURUSLABS,2023-06-27,2023-06-29,370.0,1,1.7,1.0,1.0,1
CANBK,2024-10-29,2024-10-31,104.0,2,1.35,1.0,0.07407407407407407,3
PIDILITIND,2026-04-23,2026-04-28,1460.0,3,1.15,1.0,0.04347826086956522,4
BRITANNIA,2026-04-24,2026-04-28,6100.0,2,1.9,1.0,0.026315789473684213,3
POWERGRID,2026-03-25,2026-03-30,300.0,2,1.6,1.0,0.03125,3
CROMPTON,2025-02-27,2025-02-27,330.0,0,0.2,1.0,1.0,1
DIVISLAB,2022-12-28,2022-12-29,3600.0,1,1.5,1.0,0.03333333333333333,2
VOLTAS,2024-08-26,2024-08-29,1800.0,3,1.6,1.25,0.25,4
SWIGGY,2026-03-30,2026-03-30,265.0,0,0.3,1.0,1.0,1
BAJAJ-AUTO,2025-12-26,2025-12-30,9700.0,2,1.5,1.0,0.06666666666666667,3
BANKINDIA,2025-12-26,2025-12-30,140.0,2,1.26,1.126984126984127,1.126984126984127,3
AXISBANK,2023-09-27,2023-09-28,1040.0,1,0.65,1.0,0.07692307692307693,2
MARUTI,2025-01-28,2025-01-30,13200.0,2,1.65,1.0,0.030303030303030307,3
ABCAPITAL,2024-09-24,2024-09-26,235.0,2,1.4,1.0,0.8214285714285714,3
BHEL,2022-12-28,2022-12-29,76.0,1,1.65,1.575757575757576,1.575757575757576,2
MCX,2024-07-24,2024-07-25,4400.0,1,1.75,1.0,0.1142857142857143,2
SUNPHARMA,2025-08-25,2025-08-28,1720.0,2,1.35,1.0,0.037037037037037035,3
INDUSTOWER,2023-03-27,2023-03-29,150.0,2,1.3,1.0,0.038461538461538464,3
ONGC,2022-11-24,2022-11-24,137.5,0,1.5,1.0,1.0,1
PNBHOUSING,2026-07-24,2026-07-28,1090.0,2,1.65,1.0,0.030303030303030307,3
GRASIM,2024-03-27,2024-03-28,2280.0,1,0.8,17.5,17.5,2
NBCC,2026-05-25,2026-05-26,97.0,1,1.14,1.0,0.03508771929824562,2
M&M,2022-12-28,2022-12-29,1260.0,1,1.4,1.0,0.03571428571428572,2
