ticker,entry_definition,a_entry_i,a_entry_price,d1_days,d1_price,d2_days,d2_price,d3_days,d3_price,d4_days,d4_price,d5_days,d5_price,a_entry_date,stratum,pair_id
JMFINANCIL,10,1186,129.73544631958006,2.0,126.0,6.0,129.8800048828125,8.0,130.66000366210938,6.0,129.8800048828125,7.0,131.2530061340332,2026-06-22,early,0
BHARTIARTL,10,1196,1942.3634509277344,2.0,1931.0999755859375,2.0,1966.0,10.0,1948.4000244140625,6.0,1953.699951171875,,,2026-07-07,early,1
AAVAS,10,1191,1508.505,3.0,1506.0999755859375,8.0,1534.9000244140625,4.0,1514.0,,,1.0,1537.65,2026-06-30,early,2
DRREDDY,10,1186,1302.6809509277343,2.0,1328.4000244140625,2.0,1343.0,2.0,1328.4000244140625,,,1.0,1312.53,2026-06-22,early,3
BELRISE,40,260,243.21,2.0,241.08999633789065,2.0,245.3000030517578,3.0,247.5,,,3.0,246.82800613403316,2026-06-17,early,4
JIOFIN,40,723,255.1694938659668,8.0,256.04998779296875,9.0,263.3999938964844,8.0,256.04998779296875,9.0,263.3999938964844,1.0,258.3452975463867,2026-07-31,mid,5
TECHM,20,1200,1486.2945245361327,2.0,1498.699951171875,3.0,1538.300048828125,2.0,1498.699951171875,,,3.0,1532.4240490722657,2026-07-13,mid,6
EICHERMOT,10,1206,7641.014999999999,2.0,7721.5,2.0,7789.0,2.0,7721.5,,,2.0,7778.699999999999,2026-07-21,mid,7
IIFL,10,1199,551.0917254638671,3.0,543.5999755859375,4.0,571.0,4.0,567.0999755859375,,,5.0,573.8549999999999,2026-07-10,mid,8
BATAINDIA,20,1216,721.0875,7.0,727.6500244140625,6.0,759.75,7.0,727.6500244140625,6.0,759.75,1.0,746.6647622680663,2026-08-04,mid,9
DRREDDY,10,1221,1187.91,7.0,1180.0,9.0,1195.9000244140625,9.0,1190.0,9.0,1195.9000244140625,,,2026-08-11,late,10
PETRONET,10,1223,286.42499999999995,3.0,286.25,2.0,286.3999938964844,4.0,288.1499938964844,2.0,286.3999938964844,4.0,288.83699386596675,2026-08-13,late,11
LAURUSLABS,40,1232,1880.1540490722657,5.0,1864.0,9.0,1952.0,9.0,1946.9000244140625,6.0,1876.5999755859375,1.0,1907.7915490722655,2026-08-26,late,12
FLUOROCHEM,40,1223,4718.474999999999,9.0,4732.10009765625,,,9.0,4732.10009765625,,,,,2026-08-13,late,13
LICHSGFIN,40,1239,565.8149999999999,2.0,563.0,5.0,572.3499755859375,9.0,569.5499877929688,9.0,574.1500244140625,,,2026-09-04,late,14
KIMS,20,1184,815.055,2.0,807.3499755859375,2.0,815.9500122070312,7.0,831.0,,,6.0,822.0899999999999,2026-06-19,random,15
M&M,10,1210,3266.2499999999995,2.0,3283.699951171875,2.0,3327.0,2.0,3283.699951171875,,,1.0,3301.123450927734,2026-07-28,random,16
PARADEEP,40,1009,141.6044938659668,3.0,139.8699951171875,3.0,146.1999969482422,4.0,143.25999450683594,,,,,2026-07-03,random,17
NAM-INDIA,10,1215,1198.060475463867,6.0,1182.300048828125,9.0,1203.300048828125,9.0,1202.699951171875,9.0,1203.300048828125,1.0,1208.0099999999998,2026-08-04,random,18
SAREGAMA,40,1211,522.3989877319335,3.0,522.8499755859375,5.0,547.5,3.0,522.8499755859375,6.0,574.5,1.0,533.655,2026-07-28,random,19
