ticker,entry_definition,a_entry_i,a_entry_date,a_entry_price,consolidation_detected,consolidation_start_day,consolidation_high,consolidation_low,consolidation_low_above_a,duration,resolved,b_day,b_price,b_structural_risk_pct,range_width_pct,range_width_over_atr,range_contracting_corr,vol_ratio_vs_a_breach,vol_ratio_vs_10d_avg,atr_at_a,high_vs_a_pct,low_vs_a_pct,low_vs_a_atr,min_close_above_a,last_close_above_a,pause_close_range_pct,pause_median_daily_range_atr,a_day_range_atr,b_close_above_high,b_open_gap_above_high,b_break_pct,b_close_vs_high_pct,b_vol_vs_a,b_vol_vs_10d,stratum,pair_id
GLAND,10,1190,2026-06-30,2392.9049999999997,True,1.0,2528.300048828125,2425.0,True,4.0,True,5.0,2562.89990234375,5.380619907068619,4.316930627338946,1.1788215779724172,0.4391705320904045,0.2772479362308843,0.6428499952390083,87.62992700371326,5.65818738429337,1.341256756954424,0.3662561535471808,True,True,0.7940139704668595,0.8039499249976806,1.6375684073537946,True,False,1.3685026637428632,0.8582822747613756,0.4893140395525989,1.1345640017129472,early,0
ACMESOLAR,20,397,2026-06-29,368.1314877319335,True,3.0,396.25,379.2999877929687,True,1.0,True,4.0,398.1499938964844,4.7343981897476874,4.604336431925647,1.0676856615377257,,0.2987256289308176,0.728588996284703,15.875470485029451,7.638170926726567,3.033834494800921,0.7035067131753417,True,True,0.0,0.9889478375986652,1.7259327162821747,False,False,0.4794937278194006,-3.2807570977917986,0.2711361185983827,0.6612984403553672,early,1
HAL,10,1183,2026-06-17,4365.719999999999,True,1.0,4485.0,4385.7001953125,True,2.0,True,3.0,4528.5,3.1533577274483826,2.2745344338963567,0.8520020569515787,0.5235605783093424,0.7089802334291009,1.3268940680308643,116.54878515527274,2.7321953767076375,0.457660942811281,0.1714320341124271,True,True,0.077877242327726,0.6173376331295027,1.8447210729272303,True,False,0.9698996655518396,0.673359984671126,0.9407129469105282,1.760594118312944,early,2
GAIL,10,1180,2026-06-12,171.00074386596677,True,3.0,178.1999969482422,173.10000610351562,True,3.0,True,6.0,178.47000122070312,3.0089063038368837,2.982437812506839,1.1624783812754598,0.9124522861998364,1.013467059697854,0.705823899496543,4.387170485812306,4.210071207595631,1.2276333950887917,0.478500264427305,True,True,1.4853786524535684,0.7567501824162584,1.0325559022487183,False,False,0.1515175516750203,-0.5050470886067279,1.044550074091208,0.7274715043370645,early,3
ANANDRATHI,10,1111,2026-06-18,1802.97,True,3.0,1953.5999755859375,1848.0,True,3.0,True,6.0,1999.0,7.553776888444222,5.857001258253743,2.4670335988089733,0.9291621365680388,1.2827620572927023,1.9598753498306083,42.8044334851859,8.35454697448862,2.4975457162348778,1.0519938317974542,True,True,1.5862701867439557,1.1260504402787253,1.7194474869386966,True,False,2.323916102652786,1.796681819440035,3.0239850375206823,4.620212844306967,early,4
SONACOMS,10,1200,2026-07-16,685.6110122680664,True,5.0,739.4000244140625,704.1500244140625,True,1.0,True,6.0,741.6500244140625,5.056293233405705,5.141399331289859,2.0237593343027425,,2.4034664663107,2.810237212191596,17.4180790188399,7.845412512855793,2.7040131815659327,1.0643545781336623,True,True,0.0,1.5472401487400045,1.4352903080161292,False,False,0.3043007743721692,-2.901002366618707,3.153261482949464,3.6869300584656086,mid,5
M&M,10,1210,2026-07-28,3266.2499999999995,True,5.0,3465.0,3384.60009765625,True,1.0,True,6.0,3485.800048828125,2.9032058567414656,2.4615354716800613,1.0987027459409282,,1.000944725092469,1.1064259541640118,73.17711969027218,6.084959816303115,3.623424344623053,1.6173101395241627,True,True,0.0,0.6764409450592286,0.856824529815568,False,True,0.6002900094696969,-0.2770590954184704,0.8922248196691176,0.9862489632881768,mid,6
NATIONALUM,10,1214,2026-07-31,355.51874999999995,True,5.0,385.0499877929687,377.1499938964844,True,1.0,True,6.0,387.7000122070313,2.7211808043259063,2.222103305798729,0.7600781156337519,,0.6760637644268108,0.8864312281088188,10.393660511982134,8.306520483931928,6.084417178133199,2.0811959243374605,True,True,0.0,0.5484123904624458,0.7793217889094691,False,False,0.6882286711011305,-0.6103040281618984,0.7364936578878998,0.9656647967362012,mid,7
M&MFIN,10,1211,2026-07-29,386.4225,True,4.0,409.75,386.8500061035156,True,4.0,True,8.0,415.0,6.783131059393825,5.926154376746793,1.4465483377822248,0.8051144893477461,0.3671525033848926,0.3222184580565597,15.830783734191348,6.036786160226174,0.110631783479381,0.0270047339849816,True,True,5.085113939810082,0.7469631577046707,1.632894905113557,True,False,1.281269066503966,0.6223277103035249,0.413864279986924,0.3632134029119688,mid,8
HYUNDAI,10,437,2026-07-31,2058.0390490722652,True,2.0,2247.60009765625,2181.60009765625,True,4.0,True,6.0,2251.5,3.1045925979902287,3.206936235235763,1.10367209356595,0.1668375536486478,0.0958146428114955,0.6763075210429261,59.80037040417945,9.210760537776782,6.00382430254102,2.066225472331674,True,True,0.9475038876832936,0.6379563229494009,1.9732319248603345,False,False,0.173514067196239,-1.0945050982113085,0.094791565542153,0.6690861315813416,mid,9
NH,10,1231,2026-08-25,1885.38,True,4.0,1940.0,1896.9000244140625,True,1.0,True,5.0,1949.5999755859375,2.7031161177582814,2.2860100131505323,1.0300354207945832,,1.0259186945343304,0.7794856235415007,41.843197540420114,2.897028715696565,0.6110187025460326,0.2753141511934923,True,True,0.0,0.9917980087423148,0.8579656078956067,False,False,0.4948441023679123,-0.0670128261920103,1.0395839206890891,0.78986836379843,late,10
SAIL,10,1231,2026-08-25,181.86480674743652,True,2.0,196.5,187.5,True,1.0,True,3.0,200.9600067138672,6.697853435600221,4.948730961729549,1.5362354251479804,,0.6561879691299967,2.9200328427394715,5.858477061960123,8.047292664428475,3.098561702698927,0.9618870557936544,True,True,0.0,1.4338186883117952,1.1248650917625598,True,False,2.2697235185074747,1.7811704834605595,0.7050991559302745,3.137687354180053,late,11
CRISIL,10,1233,2026-08-27,4582.096303710937,True,4.0,4859.0,4672.0,True,2.0,True,6.0,4872.0,4.105090311986864,4.081101478564579,1.684047199259814,0.4169747179620403,0.5140740740740741,3.0908902640351408,111.04201834853068,6.043166226445418,1.962064747880838,0.8096367269449295,True,True,1.2657961805173563,0.9383852784938034,1.936203999148984,False,False,0.2675447622967689,-1.1730808808396789,1.0850609129605169,6.523970728917726,late,12
ENGINERSIN,10,1214,2026-08-05,231.09974693298335,True,2.0,245.75,238.3699951171875,True,1.0,True,3.0,249.0,4.269078266189759,3.1934283705436632,1.0506041157629264,,0.2663780908631851,2.7455743287750005,7.0245345245514255,6.339363526549027,3.145935156005363,1.0349793511290937,True,True,0.0,0.5879400077510808,2.199433555952069,True,False,1.3224821973550356,0.8992906261921414,0.3879683307152178,3.998811935837804,late,13
SAPPHIRE,10,1163,2026-08-07,206.12550613403317,True,1.0,229.8000030517578,212.8000030517578,True,1.0,True,2.0,237.7899932861328,10.509269077738075,8.247402429151949,1.6755702631425156,,0.4366418951708752,3.592382706929541,10.145799536998624,11.485476669893677,3.2380742407417284,0.6578581503985754,True,True,0.0,1.1039048137506784,3.1500727564465274,True,False,3.4769321706994996,2.706701974804684,0.6851062424125497,5.63657277249855,late,14
COCHINSHIP,20,1218,2026-08-06,1462.9784509277342,True,3.0,1524.9000244140625,1487.300048828125,True,2.0,True,5.0,1536.9000244140625,3.227274045027575,2.5700977045898266,1.0392078634590127,0.9122486246975336,0.2234367217442415,0.8826064775666437,36.1813809421973,4.232569074893842,1.662471370304016,0.6722130904634763,True,True,0.6835370673886956,0.6674693654586534,2.3050536558375376,False,False,0.7869368357188504,-1.1738490476410428,0.3466379052921068,1.3692684809936848,random,15
FEDERALBNK,10,1204,2026-07-17,338.18249999999995,True,4.0,357.25,349.8999938964844,True,2.0,True,6.0,357.70001220703125,2.180603311255227,2.173384519753573,0.9194131932571008,-0.3054286191537457,0.1072065487179601,0.9727970076898208,7.994236059934697,5.638227879916926,3.4648433601633526,1.4657427937623528,True,True,0.0295716376558884,0.5566525898995783,3.4524882548616014,False,False,0.1259656282802659,-0.2099370188943317,0.1491335796437315,1.3532447575116198,random,16
KOTAKBANK,10,1179,2026-06-11,394.5127377319335,True,3.0,411.0,398.0,True,7.0,True,10.0,413.7999877929687,3.818266858159914,3.2952041231260165,1.401569862286255,0.6841482057982207,0.7218094606176562,0.7253672434247401,9.275313596422707,4.1791457388302105,0.8839416157041937,0.3759724382161553,True,True,2.179905813170276,0.598361202052425,1.6549312261998188,False,False,0.6812622367320421,-0.48661800486618,1.028020880196196,1.0330879722924338,random,17
BEML,10,1220,2026-08-10,1826.687975463867,True,3.0,1954.800048828125,1869.0999755859375,True,3.0,True,6.0,1975.0,5.362026552610759,4.691555120158107,1.342295479986283,0.8543840992177183,0.1420062217826809,2.1038332273288383,63.84590764103837,7.01335285965987,2.321797739501764,0.6642869009009019,True,True,1.981726034118248,0.7612073722748487,2.231936317691331,True,False,1.033351272115252,0.5473680634645711,0.2743120326321513,4.063954111748759,random,18
CONCORDBIO,20,688,2026-06-10,1287.9074999999998,True,1.0,1349.9000244140625,1297.699951171875,True,1.0,True,2.0,1367.4000244140625,5.097270147560097,4.053091797523309,0.8428828092909194,,0.2704605401809823,0.3405000870088753,61.930404401177846,4.8134298786258105,0.7603380811025017,0.1581202523471485,True,True,0.0,0.8283499732346222,1.086704494809419,True,False,1.2963923019111026,0.2889120930089133,0.2954332907440825,0.3719398812720106,random,19
