pair_id,stratum,ticker,a_date,b_date,a_to_b_days,pause_days,b_gap_up,b_entry_vs_a_pct,b_entry_vs_a_atr,b_close_above_high,pre_b_low_risk_pct,a_risk_pct,b_risk_pct,a_d5_close_r,b_d5_close_r,a_mfe_r,b_mfe_r,a_mae_r,b_mae_r,a_stopped_by,b_stopped_by,vol_ratio,high_vol_subgroup,has_bigger_preceding_thrust
0,early,RITES,2022-10-03,2022-10-06,2,1,False,8.035143574360394,2.0903051938159694,False,6.310077627466041,4.124272192600293,6.310077627466041,1.9263630176532753,0.944811074163698,3.4734683107623257,1.2317864822769187,0.29533505379670566,-0.8785873273367143,,,16.238919772616736,True,True
1,early,HINDPETRO,2023-03-16,2023-03-20,2,1,True,4.021499823784613,1.5281471208977169,True,3.0107050476563546,3.4821691988749675,3.0107050476563546,0.581456680735609,-1.4966435736340036,1.3299316445531173,0.03355811917233752,0.25550719311098885,-1.6644310972518779,,4.0,4.486897842149471,True,False
2,early,BDL,2022-01-10,2022-01-14,4,2,False,3.9327336141933733,1.3142474086463818,True,3.4124481734496586,3.320104012041099,3.4124481734496586,2.5632447930637183,2.467125521121539,3.664745046638015,3.4567432175004082,-0.5157818935962156,-0.2283747766622004,,,1.6157883093147096,False,True
3,early,NHPC,2023-01-17,2023-01-27,7,1,False,8.660678430530556,3.208574435755208,False,2.7334868365142464,4.210291753996447,2.7334868365142464,1.8218690336837082,-2.4166664017573027,2.05702572091584,0.37499721845167894,0.1757789509199096,-2.8749988079078626,,1.0,4.402077282918147,True,False
4,early,ANURAS,2022-07-14,2022-07-21,5,4,False,4.373579254216553,0.9881521123755916,True,3.3268900327910855,8.687910279540155,2.6335088577274153,0.5482635912912431,-0.30886261372626583,0.6163455219775471,3.430379746835443,0.10372863210420002,-0.8075955547863924,,,6.928725086547091,True,False
5,mid,WOCKPHARMA,2023-11-15,2023-11-20,3,1,False,16.49536421394071,4.010017034154783,False,5.520108452195952,12.80567017404274,5.520108452195952,1.1585360523225965,-0.32795720977546616,1.5554154460641727,0.6102135409403021,-0.2804877079154191,-0.8037638334003298,,,11.196122144398329,True,True
6,mid,KPIL,2024-08-23,2024-08-30,5,1,False,6.0921061257301234,1.5392028963119124,False,2.880354505169867,4.093989735676754,2.880354505169867,1.3646157534445158,1.1256416516426282,1.8124648497088853,2.4358974358974357,-0.01338721671091809,0.09102689302884616,,,3.1416436742412497,True,False
7,mid,SOLARINDS,2024-07-02,2024-07-10,6,4,False,22.023136152975976,5.506580374408828,False,6.533484857547302,3.416900825943615,5.089620155212633,5.068493569775752,-1.9327791013852738,6.445354218583164,1.1888902660527576,1.2783908864364661,-2.2080848700186837,,2.0,7.567388064877498,True,False
8,mid,VTL,2023-08-29,2023-09-04,4,2,False,4.433612016148136,1.5077246423860169,True,3.7427204477978995,3.577842857883521,3.7427204477978995,2.031400122355206,-0.3774840995398136,2.208654737773884,1.026489651311544,0.14672356660079325,-0.7483452809940248,,,2.6981327261320827,False,True
9,mid,LTF,2024-06-06,2024-06-13,5,2,True,8.757094328056203,2.4740437659942534,True,5.996573177611776,8.075103372431318,5.648200482529776,1.143681385423731,0.8028298961198856,1.3982770580214474,1.1729010678067302,-0.22698212271236928,-0.1071802712639493,,,1.516737017358754,False,True
10,late,REDINGTON,2026-07-30,2026-08-03,2,1,False,16.223579912166564,3.6788372188009717,True,9.320528151541728,5.407396555976687,9.320528151541728,3.778084870014778,0.4659276670245592,4.400346310545187,0.6988905332598184,0.9969545181155627,0.047543600011607325,,,26.647303532374227,True,False
11,late,OLECTRA,2026-04-10,2026-04-28,11,7,False,9.135542860886625,1.7550768536375994,True,5.283272435067798,7.015142627473976,3.7464607773600176,0.5720040187558085,0.3815111835260603,1.302260459410811,1.087143550240898,0.2827506822932811,-0.7619560338632135,,,1.623956627460365,False,True
12,late,CROMPTON,2026-02-09,2026-02-13,4,2,False,8.078079656895643,2.34174552811219,False,3.020061112240972,2.84615934657194,2.9754864050544,3.3263044993318025,-0.47066353744399403,3.550589100610403,0.6953770306927977,0.9621404958501621,-0.6242189643085738,,,1.966671896814288,False,True
13,late,MGL,2026-06-17,2026-06-22,3,2,False,2.7607554168703086,0.8926088289925896,True,2.4308962938262195,4.365665277986635,2.4308962938262195,-0.018275746007645546,-1.8695645073711629,1.0533910355925937,0.6688957749008945,-0.3072425716937853,-3.177254930779249,,2.0,2.547878012964752,False,False
14,late,WIPRO,2025-12-03,2025-12-18,11,7,False,3.8776124494872333,2.499482701489494,True,2.2883716743241926,1.7295009566489745,1.8094080028509523,1.079931102112402,0.6785659332204954,2.24204122847112,2.107138277683746,0.5137134293729455,0.048315125403908296,,,2.019884549658758,False,True
15,random,SOBHA,2023-09-08,2023-09-14,4,3,False,12.264059279104234,3.548727807833437,False,10.266481375460202,6.252421268442602,9.957924263674615,0.9655125420350557,-0.9000003438600352,2.1088080114189887,-0.06971848178917253,0.11811272948077427,-0.9500001719300176,,,18.486464582491234,True,False
16,random,KPIL,2023-03-01,2023-03-10,6,1,False,8.383814111645883,2.461993571505653,False,2.7773042844475495,3.1721557506448166,2.7773042844475495,2.246328695586019,-0.6687288833795663,2.642938988711913,0.9597508711196439,0.5923154460508496,-2.3808021103393022,,2.0,2.482769655436647,False,True
17,random,VEDL,2025-12-12,2025-12-24,8,1,False,8.939647984753973,3.765765084318522,True,1.665269035166106,3.777617330302891,1.665269035166106,1.740719528881996,0.8232327591521683,1.8280368558940907,2.171711816130504,-0.30875657899878856,-0.4141379267826537,,,1.911914642971561,False,False
18,random,HBLENGINE,2023-06-05,2023-06-12,5,2,False,24.55267255672706,6.08907068440037,True,9.740710717412245,5.385352600262798,8.2690983210306,4.65640359106416,0.8389836097371739,5.053485852675447,0.9745760191381373,1.058346853975729,-0.04661041606051789,,,7.636499430187352,True,False
19,random,BRITANNIA,2022-11-07,2022-11-29,15,13,False,10.51050346584248,4.4357573809919915,True,4.151519998672409,2.2919726772422906,1.7937219730941705,3.474550174208467,2.465132863898026,4.585789163284767,2.8243408203125,2.737706380044696,0.6980237458881579,,,12.61323215270536,True,False
